=~=~=~=~=~=~=~=~=~=~=~= MobaXterm log 2026.09.28 05:06:53 =~=~=~=~=~=~=~=~=~=~=~=
[ 13.561473 0:4294967296 ax_runtime::bootstrap:202] runtime console active: serial0, ttyS0
Boot at 1970-01-01 00:00:13.561503320 UTC

[ 13.564533 0:4294967305 sdmmc_protocol::sdio::init::state_machine:102] sdio: submit bus op ResetAll
[ 13.566197 0:4294967305 ax_fs_ng::block::runtime::hctx:237] prepared block hctx 0 on CPU 0 with hardware depth 1
[ 13.566351 0:4294967305 ax_fs_ng::block::runtime::lifecycle::device:336] block device cvsd IRQ source 0 (IrqId { domain: IrqDomainId(7), hwirq: HwIrq(36) }) fixed to CPU 0 for queue mask 0x1
[ 13.567794 0:4294967306 sdmmc_protocol::sdio::init::state_machine:102] sdio: submit bus op PowerOn
[ 13.578200 0:4294967306 sdmmc_protocol::sdio::init::state_machine:102] sdio: submit bus op SwitchVoltage(V330)
[ 13.585473 0:4294967306 sdmmc_protocol::sdio::init::state_machine:63] sdio: submit bus op SetBusWidth(Bit1)
[ 13.585610 0:4294967306 sdmmc_protocol::sdio::init::state_machine:63] sdio: submit bus op SetClock(Identification)
[ 13.610268 0:4294967306 sdmmc_protocol::sdio::init::state_machine::identify:175] sdio: detected Sd ocr=0xc1ff8000
[ 13.612090 0:4294967306 sdmmc_protocol::sdio::init::state_machine::identify:340] sdio: CSD capacity_blocks=Some(124735488)
[ 13.612715 0:4294967306 sdmmc_protocol::sdio::init::state_machine::identify:354] sdio: switch SD bus width to 4-bit
[ 13.613932 0:4294967306 sdmmc_protocol::sdio::init::state_machine:63] sdio: submit bus op SetBusWidth(Bit4)
[ 13.614853 0:4294967306 sdmmc_protocol::sdio::init::state_machine:63] sdio: submit bus op SetClock(Default)
[ 13.619869 0:4294967306 sdmmc_protocol::sdio::init::state_machine::sd:185] sdio: SD speed selected HighSpeed
[ 13.620621 0:4294967306 sdmmc_protocol::sdio::init::state_machine:237] sdio: init done kind=Sd sd_v2=true high_capacity=true rca=0xaaaa ocr=0xc1ff8000 host_bus_width=Bit4 ext_csd_bus_width=None ext_csd_timing=None
[ 13.620708 0:4294967306 sdmmc_protocol::rdif::queue:173] sdmmc block init complete: kind=Sd high_capacity=true rca=43690 capacity_blocks=124735488 cache_enabled=false
[ 13.623021 0:4294967296 ax_fs_ng::root:353]     partition 1 name=None fs=None lba 2048..133120
[ 13.624616 0:4294967296 ax_fs_ng::root:353]     partition 2 name=None fs=Some(Ext4) lba 133120..5033984
[ 13.624699 0:4294967296 ax_fs_ng::root:369]   block device 0 (cvsd) has Mbr partition table with 2 partitions
[ 13.625236 0:4294967296 ax_fs_ng::root:479]   matched root by device path on disk0 partition 2 (<unnamed>, fs=ext4, lba 133120..5033984)
[ 13.625335 0:4294967296 ax_fs_ng:100] Initialize filesystem subsystem...
[ 13.625357 0:4294967296 ax_fs_ng:101]   selected root device: disk0 partition 2 (<unnamed>, fs=ext4, lba 133120..5033984)
[ 13.710157 0:4294967296 ax_fs_ng:113]   filesystem type: "ext4"
[ 13.723847 0:4294967296 ax_input:25] Initialize input subsystem...
[ 13.726768 0:4294967296 ax_runtime::irq:193] registered wlan0-g0-s0 IRQ IrqId { domain: IrqDomainId(7), hwirq: HwIrq(38) } on fixed CPU 0
[ 13.727025 0:4294967307 aic8800::rdif::device::endpoints::startup:90] [wifi] AIC owner startup timeout armed for 60s
[ 13.727062 0:4294967307 aic8800::rdif::device::endpoints::startup:98] [wifi] AIC owner startup waiting 1ms for SDIO1 reset settle
[ 13.728352 0:4294967307 aic8800::rdif::device::endpoints::startup:157] [wifi] AIC owner reset settle complete; starting SDIO card enumeration
[ 13.728424 0:4294967307 aic8800::rdif::owner::progress:135] [wifi] SDIO completion IRQ enabled; submitting IO-card initialization
[ 13.770453 0:4294967307 aic8800::rdif::owner::progress:443] [wifi] detected supported AIC SDIO variant Aic8800D80
[ 15.392287 0:4294967307 aic8800::device::startup:312] [wifi] AIC ME_CONFIG capability profile: d80-ht40-sgi-vht-he
[ 15.397148 0:4294967296 ax_net::queue_runtime:827] [wifi] secure startup connection entropy prepared
[ 15.397891 0:4294967307 aic8800::device::mailbox:339] [wifi] stale station association cleared before connect
[ 15.770456 0:4294967307 aic8800::device::probe:394] [wifi-probe] tx_writes=0 dt=2000ms period_avg=0us max=0us hist=0/0/0/0/0 | write n=0 avg=0us min=18446744073709551us max=0us bytes=0 calls=0.0 | size blk 1/2/3/4-6/7-9/10+ n=0/0/0/0/0/0 avg=0/0/0/0/0/0us | credit n=0 min=0 max=0 avgx10=0 backoff=0 avg=0us | gap rx0 n=0 avg=0us | rx1 n=0 avg=0us | rx2+ n=0 avg=0us | supply core n=0 avg=0us | ring n=0 avg=0us | none n=0 avg=0us | scans=372 deferred=0 tx_ready=0 | steps=27960 per_tx_write=27960.0 owner_calls=27960
[ 15.770567 0:4294967307 aic8800::device::probe:465] [wifi-probe-rx] reads=1116 data_reads=372 avg=208us min=76us max=513us bytes=190464 items=372 data_frames=0 data_confirmations=0 control_confirmations=362 control_indications=10 prints=0 | size <=512 n=372 avg=208us | <=2k n=0 avg=0us | <=8k n=0 avg=0us | >8k n=0 avg=0us | control n=744 avg=38us min=0us max=295us | credit n=0 avg=0us | other n=737 avg=231us | rdif_at_write 0/1/2-3/4+=0/0/0/0 | queue_at_arrival=0/0/0/0
[ 16.377585 0:4294967307 aic8800::device::data_plane:453] [wifi] association complete; learned firmware vif=0 station=0
[ 16.401312 0:4294967307 aic8800::device::control:171] [wifi] WPA2 EAPOL frame consumed by handshake state machine
[ 16.407118 0:4294967307 aic8800::device::control:171] [wifi] WPA2 EAPOL frame consumed by handshake state machine
[ 16.410874 0:4294967307 aic8800::device::mailbox:366] [wifi] WPA2 keys installed and control port enabled
[ 16.410920 0:4294967307 aic8800::rdif::owner::output:280] [wifi] control result queued for network runtime
[ 16.411101 0:4294967307 aic8800::rdif::device::endpoints::control:95] [wifi] control result consumed by network runtime
[ 16.411424 0:4294967296 ax_net:386] Initialize network subsystem...
[ 16.412445 0:4294967296 ax_net:408]   use NIC 0: "wlan0"
[ 16.413297 0:4294967296 ax_net:443]   Wi-Fi control for wlan0 is owned by CPU 0
[ 16.413325 0:4294967296 ax_net:455] wlan0:
[ 16.413343 0:4294967296 ax_net:456]   id:   2
[ 16.413359 0:4294967296 ax_net:457]   mac:  38-7a-cc-9b-2c-c8
[ 16.413385 0:4294967296 ax_net:474]   mode: dhcp
[ 16.413410 0:4294967296 ax_net:523] Device: lo
[ 16.413432 0:4294967296 ax_net:523] Device: wlan0
[ 16.413465 0:4294967296 ax_net::service:554] wlan0: DHCP enabled
[ 17.378261 0:4294967307 aic8800::device::mailbox:303] [wifi-sta-info] width=20MHz format=he-su mcs=11 nss=1 sgi=0 retries=2 rssi=-37dBm txfailed=0 ackok=2 ackfail=0
[ 17.415301 0:4294967307 ax_net::queue_runtime::executor::probe:194] [netprobe] dt=2018ms iters=68464 polls=68456 poll_us=1 waits=16 wait_us=62657 yields=0 | wait_kind notify=15@18118us deadline=1@730747us hist=10/0/0/1/5 | wake n=68455 avg=58192us hist=20/85/180/406/67764 | owner_calls=68455 skipped=1 owner_us=2 max=371us slow=7 | tx_submit=1 tx_done=1 rx_done=0 | ready 0/1/2-3/4+=68455/0/0/0 | irq=195 | park xfer=46385us handoff=625us n=5
[ 17.445257 0:4294967308 ax_net::service:436] wlan0: DHCP offered address 192.168.137.82 from 192.168.137.1
[ 17.487818 0:4294967308 ax_net::service:868] wlan0: DHCP acquired address 192.168.137.82/24





[ 17.487894 0:4294967308 ax_net::service:870] wlan0: DHCP router 192.168.137.1
[ 17.488051 0:4294967308 ax_net::device::ethernet:338] wlan0: requesting ARP for 192.168.137.1
[ 17.488731 0:4294967296 ax_net:684] Initialize vsock subsystem...
[ 17.488806 0:4294967296 ax_net:686]   No vsock device found!
[ 17.488835 0:4294967296 ax_runtime::bootstrap:236] Primary CPU 0 init OK.
[ 17.489503 0:4294967296 ax_fs_ng::block::runtime::lifecycle::device:431] block device cvsd online with 1 hctxs across 1 CPUs
[ 17.491707 0:4294967308 ax_net::device::ethernet:409] wlan0: ARP 192.168.137.1 -> 66-d6-9a-fb-71-56
[ 17.491831 0:4294967308 ax_net::device::ethernet:479] wlan0: sending pending IPv4 packet to 192.168.137.1 via 66-d6-9a-fb-71-56
[ 17.492651 0:4294967296 ax_tracepoint:327] tracepoint_data_start: 0xffffffff80749c58, tracepoint_data_end: 0xffffffff80749d00
[ 17.492700 0:4294967296 ax_tracepoint:370] tracepoint_data_len: 7
[ 17.492746 0:4294967296 ax_tracepoint:389] tracepoint registered: sched:sched_process_exit
[ 17.492774 0:4294967296 ax_tracepoint:389] tracepoint registered: sched:sched_process_fork
[ 17.492796 0:4294967296 ax_tracepoint:389] tracepoint registered: sched:sched_switch
[ 17.492818 0:4294967296 ax_tracepoint:389] tracepoint registered: syscalls:sys_clone
[ 17.492839 0:4294967296 ax_tracepoint:389] tracepoint registered: raw_syscalls:sys_enter
[ 17.492860 0:4294967296 ax_tracepoint:389] tracepoint registered: syscalls:sys_enter_openat
[ 17.492882 0:4294967296 ax_tracepoint:389] tracepoint registered: syscalls:sys_mkdirat
Initialized 7 tracepoints
kmod subsystem initialized
[ 17.497450 0:4294967296 starry_kernel::pseudofs:88] Initialize pseudofs...
Welcome to Starry OS!
[ 17.499468 0:4294967296 starry_kernel::pseudofs::dev::tty::serial:238] ttyS0 registered: path=/serial@04140000, alias=Some(0), paddr=0x4140000, irq=Some(Source(FdtInterrupt(FdtIrqSpec { controller: 116, cells: [44, 4] })))
STARRY_LEGACY_BOARD_INIT
[ 17.501173 0:4294967296 starry_kernel::pseudofs::dev::tty::serial:238] ttyS1 registered: path=/serial@04150000, alias=Some(1), paddr=0x4150000, irq=Some(Source(FdtInterrupt(FdtIrqSpec { controller: 116, cells: [45, 4] })))
USER=root
[ 17.502899 0:4294967296 starry_kernel::pseudofs::dev::tty::serial:238] ttyS2 registered: path=/serial@04160000, alias=Some(2), paddr=0x4160000, irq=Some(Source(FdtInterrupt(FdtIrqSpec { controller: 116, cells: [46, 4] })))
HOSTNAME=starry
[ 17.504927 0:4294967296 starry_kernel::pseudofs::dev::tty::serial:238] ttyS3 registered: path=/serial@04170000, alias=Some(3), paddr=0x4170000, irq=Some(Source(FdtInterrupt(FdtIrqSpec { controller: 116, cells: [47, 4] })))
SHLVL=1
[ 17.505025 0:4294967296 starry_kernel::pseudofs::dev::tty::serial:182] /dev/console bound to runtime console ttyS0
HOME=/root
[ 17.507164 0:4294967296 sg2002_tpu::tpu::device:181] TPU device initialized
TERM=xterm-256color
[ 17.507250 0:4294967296 starry_kernel::pseudofs::dev::tpu::device:249] [TPU] TDMA IRQ IrqId { domain: IrqDomainId(7), hwirq: HwIrq(76) } registered and enabled
PATH=/usr/local/sbin:/usr/local/bin:/usr/sbin:/usr/bin:/sbin:/bin
[ 17.507282 0:4294967296 starry_kernel::pseudofs::dev::tpu::device:361] [TPU] resource tdma=[0xc100000, +0x1000) tiu=[0xc101000, +0x1000) irq=Some(IrqId { domain: IrqDomainId(7), hwirq: HwIrq(76) }) irq_wait=true source=fdt
PWD=/
[ 17.508697 0:4294967317 starry_kernel::pseudofs::dev::tpu::device:307] [TPU] worker thread started

[ 17.510597 0:4294967296 starry_kernel::pseudofs:82] Mounted devfs at /dev
[ 17.510673 0:4294967296 starry_kernel::pseudofs::usbfs:57] usbfs: initializing manager
[ 17.510706 0:4294967296 starry_kernel::pseudofs::usbfs::manager:1773] usbfs: discovered 0 USB host(s)
[ 17.510725 0:4294967296 starry_kernel::pseudofs::usbfs:60] usbfs: no USB host found, skip mounting usbfs
[ 17.510864 0:4294967296 starry_kernel::pseudofs:82] Mounted tmpfs at /dev/shm
[ 17.511118 0:4294967296 starry_kernel::pseudofs:82] Mounted tmpfs at /tmp
[ 17.511299 0:4294967296 starry_kernel::pseudofs:82] Mounted mqueue at /dev/mqueue
[ 17.511755 0:4294967296 starry_kernel::dyn_debug:63] debug_init: initializing dynamic debug sites
[ 17.513173 0:4294967296 starry_kernel::dyn_debug:66] debug_init: found 218 dynamic debug sites
[ 17.513230 0:4294967296 starry_kernel::pseudofs::proc:89] Read kallsyms, size: 1090KB
[ 17.546081 0:4294967296 starry_kernel::pseudofs:82] Mounted proc at /proc
[ 17.546362 0:4294967296 starry_kernel::pseudofs:82] Mounted sysfs at /sys
[ 17.546933 0:4294967296 starry_kernel::pseudofs:82] Mounted debug at /sys/kernel/debug
[ 17.550359 0:4294967296 starry_kernel::task::timer::alarm:75] Initialize alarm...
[ 17.767924 0:4294967322 starry_kernel::task::user:83] Enter user space: ip=0x6015684e, sp=0x3fffff860
[ 17.800618 0:4294967323 starry_kernel::task::user:83] Enter user space: ip=0x6013d7ae, sp=0x3ffffef80
[ 17.803379 0:4294967322 starry_kernel::syscall::task::wait:380] sys_waitpid <= pid: -1, options: WaitPidOptions(0x0)
[ 17.844013 0:4294967323 starry_kernel::task::ops:539] Task(4294967323, "busybox") exit with code: 0
[ 17.845197 0:4294967322 starry_kernel::syscall::task::wait:380] sys_waitpid <= pid: -1, options: WaitPidOptions(WNOHANG)
[ 17.877864 0:4294967322 starry_kernel::syscall::task::wait:380] sys_waitpid <= pid: -1, options: WaitPidOptions(0x0)
[ 17.908097 0:4294967322 starry_kernel::syscall::task::wait:380] sys_waitpid <= pid: -1, options: WaitPidOptions(WNOHANG)
[ 17.927771 0:12884901915 starry_kernel::task::user:83] Enter user space: ip=0x6013d7ae, sp=0x3ffffef80
[ 17.935336 0:4294967322 starry_kernel::syscall::task::wait:380] sys_waitpid <= pid: -1, options: WaitPidOptions(0x0)
[ 17.985742 0:4294967322 starry_kernel::syscall::task::wait:380] sys_waitpid <= pid: -1, options: WaitPidOptions(WNOHANG)
/bin/sh: [ 18.003484 0:17179869211 starry_kernel::task::user:83] Enter user space: ip=0x6013d7ae, sp=0x3ffffef80
can't access tty; job control turned off[ 18.005826 0:4294967322 starry_kernel::syscall::task::wait:380] sys_waitpid <= pid: -1, options: WaitPidOptions(0x0)

[ 18.054842 0:17179869211 starry_kernel::task::ops:539] Task(17179869211, "busybox") exit with code: 0
root@starry:~# [ 18.055503 0:17179869211 starry_kernel::task::signal:763] Send signal SIGCHLD to process 1

[ 18.056301 0:4294967322 starry_kernel::syscall::task::wait:380] sys_waitpid <= pid: -1, options: WaitPidOptions(WNOHANG)
root@starry:~# [ 18.075780 0:21474836507 starry_kernel::task::user:83] Enter user space: ip=0x6013d7ae, sp=0x3ffffedc0

[ 18.091930 0:4294967322 starry_kernel::syscall::task::wait:380] sys_waitpid <= pid: -1, options: WaitPidOptions(0x0)
root@starry:~# [ 18.126626 0:21474836507 starry_kernel::task::ops:539] Task(21474836507, "busybox") exit with code: 0

[ 18.127262 0:21474836507 starry_kernel::task::signal:763] Send signal SIGCHLD to process 1
root@starry:~# [ 18.127840 0:4294967322 starry_kernel::syscall::task::wait:380] sys_waitpid <= pid: -1, options: WaitPidOptions(WNOHANG)

[ 18.145429 0:25769803803 starry_kernel::task::user:83] Enter user space: ip=0x6013d7ae, sp=0x3ffffedc0
root@starry:~# [ 18.170246 0:4294967322 starry_kernel::syscall::task::wait:380] sys_waitpid <= pid: -1, options: WaitPidOptions(0x0)

[ 18.194645 0:25769803803 starry_kernel::task::ops:539] Task(25769803803, "busybox") exit with code: 0
root@starry:~# [ 18.195181 0:25769803803 starry_kernel::task::signal:763] Send signal SIGCHLD to process 1
[ 18.195711 0:4294967322 starry_kernel::syscall::task::wait:380] sys_waitpid <= pid: -1, options: WaitPidOptions(WNOHANG)
[ 18.214886 0:30064771099 starry_kernel::task::user:83] Enter user space: ip=0x6013d7ae, sp=0x3ffffeba0
[ 18.240219 0:4294967322 starry_kernel::syscall::task::wait:380] sys_waitpid <= pid: -1, options: WaitPidOptions(0x0)
[ 18.263149 0:30064771099 starry_kernel::task::ops:539] Task(30064771099, "busybox") exit with code: 0
[ 18.263900 0:30064771099 starry_kernel::task::signal:763] Send signal SIGCHLD to process 1
[ 18.264469 0:4294967322 starry_kernel::syscall::task::wait:380] sys_waitpid <= pid: -1, options: WaitPidOptions(WNOHANG)
[ 18.283169 0:34359738395 starry_kernel::task::user:83] Enter user space: ip=0x6013d7ae, sp=0x3ffffeba0
[ 18.310227 0:4294967322 starry_kernel::syscall::task::wait:380] sys_waitpid <= pid: -1, options: WaitPidOptions(0x0)
[ 18.330656 0:34359738395 starry_kernel::task::ops:539] Task(34359738395, "busybox") exit with code: 0
[ 18.331372 0:34359738395 starry_kernel::task::signal:763] Send signal SIGCHLD to process 1
[ 18.332184 0:4294967322 starry_kernel::syscall::task::wait:380] sys_waitpid <= pid: -1, options: WaitPidOptions(WNOHANG)
[ 18.350764 0:38654705691 starry_kernel::task::user:83] Enter user space: ip=0x6013d7ae, sp=0x3ffffeba0
[ 18.359777 0:4294967322 starry_kernel::syscall::task::wait:380] sys_waitpid <= pid: -1, options: WaitPidOptions(0x0)
[ 18.378578 0:4294967307 aic8800::device::probe:394] [wifi-probe] tx_writes=7 dt=2608ms period_avg=155780us max=970326us hist=0/0/0/0/6 | write n=7 avg=182us min=123us max=413us bytes=3584 calls=1.85 | size blk 1/2/3/4-6/7-9/10+ n=7/0/0/0/0/0 avg=182/0/0/0/0/0us | credit n=3 min=127 max=127 avgx10=1270 backoff=0 avg=0us | gap rx0 n=1 avg=36575us | rx1 n=0 avg=0us | rx2+ n=5 avg=210548us | supply core n=0 avg=0us | ring n=0 avg=0us | none n=6 avg=181552us | scans=24 deferred=0 tx_ready=1 | steps=43141 per_tx_write=6163.0 owner_calls=43137
[ 18.378646 0:4294967307 aic8800::device::probe:465] [wifi-probe-rx] reads=72 data_reads=24 avg=135us min=110us max=205us bytes=12800 items=25 data_frames=10 data_confirmations=2 control_confirmations=4 control_indications=9 prints=0 | size <=512 n=23 avg=134us | <=2k n=1 avg=165us | <=8k n=0 avg=0us | >8k n=0 avg=0us | control n=48 avg=58us min=0us max=380us | credit n=3 avg=126us | other n=8 avg=96us | rdif_at_write 0/1/2-3/4+=7/0/0/0 | queue_at_arrival=5/0/0/0
[ 18.379136 0:4294967307 aic8800::device::mailbox:303] [wifi-sta-info] width=20MHz format=he-su mcs=11 nss=1 sgi=0 retries=2 rssi=-36dBm txfailed=0 ackok=7 ackfail=0
[ 18.403165 0:38654705691 starry_kernel::task::ops:539] Task(38654705691, "busybox") exit with code: 0
[ 18.403876 0:38654705691 starry_kernel::task::signal:763] Send signal SIGCHLD to process 1
[ 18.404290 0:4294967322 starry_kernel::syscall::task::wait:380] sys_waitpid <= pid: -1, options: WaitPidOptions(WNOHANG)
[ 18.423564 0:42949672987 starry_kernel::task::user:83] Enter user space: ip=0x6013d7ae, sp=0x3ffffeba0
[ 18.440510 0:4294967322 starry_kernel::syscall::task::wait:380] sys_waitpid <= pid: -1, options: WaitPidOptions(0x0)
[ 18.473185 0:42949672987 starry_kernel::task::ops:539] Task(42949672987, "busybox") exit with code: 0
[ 18.473781 0:42949672987 starry_kernel::task::signal:763] Send signal SIGCHLD to process 1
[ 18.474295 0:4294967322 starry_kernel::syscall::task::wait:380] sys_waitpid <= pid: -1, options: WaitPidOptions(WNOHANG)
[ 18.493198 0:47244640283 starry_kernel::task::user:83] Enter user space: ip=0x6013d7ae, sp=0x3ffffeba0
[ 18.508033 0:4294967322 starry_kernel::syscall::task::wait:380] sys_waitpid <= pid: -1, options: WaitPidOptions(0x0)
[ 18.544832 0:47244640283 starry_kernel::task::ops:539] Task(47244640283, "busybox") exit with code: 0
[ 18.545454 0:47244640283 starry_kernel::task::signal:763] Send signal SIGCHLD to process 1
[ 18.545953 0:4294967322 starry_kernel::syscall::task::wait:380] sys_waitpid <= pid: -1, options: WaitPidOptions(WNOHANG)
[ 18.565428 0:51539607579 starry_kernel::task::user:83] Enter user space: ip=0x6013d7ae, sp=0x3ffffeba0
[ 18.567684 0:4294967322 starry_kernel::syscall::task::wait:380] sys_waitpid <= pid: -1, options: WaitPidOptions(0x0)
[ 18.616605 0:51539607579 starry_kernel::task::ops:539] Task(51539607579, "busybox") exit with code: 0
[ 18.617145 0:51539607579 starry_kernel::task::signal:763] Send signal SIGCHLD to process 1
[ 18.618867 0:4294967322 starry_kernel::syscall::task::wait:380] sys_waitpid <= pid: -1, options: WaitPidOptions(WNOHANG)
[ 18.637113 0:55834574875 starry_kernel::task::user:83] Enter user space: ip=0x6013d7ae, sp=0x3ffffeba0
[ 18.643134 0:4294967322 starry_kernel::syscall::task::wait:380] sys_waitpid <= pid: -1, options: WaitPidOptions(0x0)
[ 18.687240 0:55834574875 starry_kernel::task::ops:539] Task(55834574875, "busybox") exit with code: 0
[ 18.687933 0:55834574875 starry_kernel::task::signal:763] Send signal SIGCHLD to process 1
[ 18.688422 0:4294967322 starry_kernel::syscall::task::wait:380] sys_waitpid <= pid: -1, options: WaitPidOptions(WNOHANG)
[ 18.707293 0:60129542171 starry_kernel::task::user:83] Enter user space: ip=0x6013d7ae, sp=0x3ffffeba0
[ 18.720218 0:4294967322 starry_kernel::syscall::task::wait:380] sys_waitpid <= pid: -1, options: WaitPidOptions(0x0)
[ 18.757923 0:60129542171 starry_kernel::task::ops:539] Task(60129542171, "busybox") exit with code: 0
[ 18.758548 0:60129542171 starry_kernel::task::signal:763] Send signal SIGCHLD to process 1
[ 18.759113 0:4294967322 starry_kernel::syscall::task::wait:380] sys_waitpid <= pid: -1, options: WaitPidOptions(WNOHANG)
[ 18.783414 0:64424509467 starry_kernel::task::user:83] Enter user space: ip=0x6013d7ae, sp=0x3ffffef80
[ 18.798042 0:4294967322 starry_kernel::syscall::task::wait:380] sys_waitpid <= pid: -1, options: WaitPidOptions(0x0)
[ 18.823223 0:64424509467 starry_kernel::task::ops:539] Task(64424509467, "busybox") exit with code: 0
[ 18.823843 0:64424509467 starry_kernel::task::signal:763] Send signal SIGCHLD to process 1
[ 18.824354 0:4294967322 starry_kernel::syscall::task::wait:380] sys_waitpid <= pid: -1, options: WaitPidOptions(WNOHANG)
[ 20.380185 0:4294967307 ax_net::queue_runtime::executor::probe:194] [netprobe] dt=2964ms iters=66 polls=52 poll_us=10 waits=30 wait_us=98670 yields=0 | wait_kind notify=27@9590us deadline=3@900383us hist=18/0/0/1/11 | wake n=52 avg=33720us hist=0/19/19/4/10 | owner_calls=52 skipped=0 owner_us=70 max=849us slow=1 | tx_submit=4 tx_done=4 rx_done=4 | ready 0/1/2-3/4+=52/0/0/0 | irq=49 | park xfer=31084us handoff=1019us n=8
[ 20.380314 0:4294967307 aic8800::device::probe:394] [wifi-probe] tx_writes=0 dt=2001ms period_avg=0us max=0us hist=0/0/0/0/0 | write n=0 avg=0us min=18446744073709551us max=0us bytes=0 calls=0.0 | size blk 1/2/3/4-6/7-9/10+ n=0/0/0/0/0/0 avg=0/0/0/0/0/0us | credit n=0 min=0 max=0 avgx10=0 backoff=0 avg=0us | gap rx0 n=0 avg=0us | rx1 n=0 avg=0us | rx2+ n=0 avg=0us | supply core n=0 avg=0us | ring n=0 avg=0us | none n=0 avg=0us | scans=2 deferred=0 tx_ready=0 | steps=16 per_tx_write=16.0 owner_calls=16
[ 20.380378 0:4294967307 aic8800::device::probe:465] [wifi-probe-rx] reads=6 data_reads=2 avg=122us min=116us max=127us bytes=1024 items=2 data_frames=0 data_confirmations=0 control_confirmations=2 control_indications=0 prints=0 | size <=512 n=2 avg=122us | <=2k n=0 avg=0us | <=8k n=0 avg=0us | >8k n=0 avg=0us | control n=4 avg=37us min=0us max=76us | credit n=0 avg=0us | other n=4 avg=127us | rdif_at_write 0/1/2-3/4+=0/0/0/0 | queue_at_arrival=0/0/0/0
[ 20.381159 0:4294967307 aic8800::device::mailbox:303] [wifi-sta-info] width=20MHz format=he-su mcs=11 nss=1 sgi=0 retries=2 rssi=-38dBm txfailed=0 ackok=7 ackfail=0

root@starry:~# [ 21.381838 0:4294967307 aic8800::device::mailbox:303] [wifi-sta-info] width=20MHz format=he-su mcs=11 nss=1 sgi=0 retries=2 rssi=-37dBm txfailed=0 ackok=7 ackfail=0

root@starry:~# 
root@starry:~# ip[ 22.382069 0:4294967307 ax_net::queue_runtime::executor::probe:194] [netprobe] dt=2001ms iters=20 polls=16 poll_us=3 waits=7 wait_us=285746 yields=0 | wait_kind notify=5@5us deadline=2@1000100us hist=5/0/0/0/2 | wake n=16 avg=125176us hist=0/6/6/1/3 | owner_calls=16 skipped=0 owner_us=84 max=344us slow=1 | tx_submit=0 tx_done=0 rx_done=0 | ready 0/1/2-3/4+=16/0/0/0 | irq=16 | park xfer=8us handoff=12us n=1
[ 22.382200 0:4294967307 aic8800::device::probe:394] [wifi-probe] tx_writes=0 dt=2001ms period_avg=0us max=0us hist=0/0/0/0/0 | write n=0 avg=0us min=18446744073709551us max=0us bytes=0 calls=0.0 | size blk 1/2/3/4-6/7-9/10+ n=0/0/0/0/0/0 avg=0/0/0/0/0/0us | credit n=0 min=0 max=0 avgx10=0 backoff=0 avg=0us | gap rx0 n=0 avg=0us | rx1 n=0 avg=0us | rx2+ n=0 avg=0us | supply core n=0 avg=0us | ring n=0 avg=0us | none n=0 avg=0us | scans=2 deferred=0 tx_ready=0 | steps=16 per_tx_write=16.0 owner_calls=16
 [ 22.382265 0:4294967307 aic8800::device::probe:465] [wifi-probe-rx] reads=6 data_reads=2 avg=121us min=116us max=127us bytes=1024 items=2 data_frames=0 data_confirmations=0 control_confirmations=2 control_indications=0 prints=0 | size <=512 n=2 avg=121us | <=2k n=0 avg=0us | <=8k n=0 avg=0us | >8k n=0 avg=0us | control n=4 avg=108us min=0us max=359us | credit n=0 avg=0us | other n=4 avg=128us | rdif_at_write 0/1/2-3/4+=0/0/0/0 | queue_at_arrival=0/0/0/0
addr
[ 23.045669 0:68719476763 starry_kernel::task::user:83] Enter user space: ip=0x6013d7ae, sp=0x3fffff570
[ 23.048023 0:4294967322 starry_kernel::syscall::task::wait:380] sys_waitpid <= pid: -1, options: WaitPidOptions(0x0)
1: lo: <LOOPBACK,UP,LOWER_UP> mtu 1500 qdisc noqueue state UP qlen 1000
[ 23.099441 0:68719476763 starry_kernel::task::ops:539] Task(68719476763, "busybox") exit with code: 0
    link/loopback 00:00:00:00:00:00 brd 00:00:00:00:00:00
[ 23.100043 0:68719476763 starry_kernel::task::signal:763] Send signal SIGCHLD to process 1
    inet 127.0.0.1/8 scope host dynamic lo
[ 23.100708 0:4294967322 starry_kernel::syscall::task::wait:380] sys_waitpid <= pid: -1, options: WaitPidOptions(WNOHANG)
2: wlan0: <BROADCAST,MULTICAST,UP,LOWER_UP> mtu 1500 qdisc mq state UP qlen 1000
    link/ether 38:7a:cc:9b:2c:c8 brd ff:ff:ff:ff:ff:ff
    inet 192.168.137.82/24 brd 192.168.137.255 scope global dynamic wlan0
root@starry:~# [ 23.383481 0:4294967307 aic8800::device::mailbox:303] [wifi-sta-info] width=20MHz format=he-su mcs=11 nss=1 sgi=0 retries=2 rssi=-38dBm txfailed=0 ackok=7 ackfail=0
[ 24.383704 0:4294967307 ax_net::queue_runtime::executor::probe:194] [netprobe] dt=2001ms iters=20 polls=16 poll_us=3 waits=7 wait_us=285759 yields=0 | wait_kind notify=5@4us deadline=2@1000144us hist=5/0/0/0/2 | wake n=16 avg=125123us hist=0/6/8/0/2 | owner_calls=16 skipped=0 owner_us=61 max=174us slow=0 | tx_submit=0 tx_done=0 rx_done=0 | ready 0/1/2-3/4+=16/0/0/0 | irq=16 | park xfer=7us handoff=9us n=1
[ 24.383827 0:4294967307 aic8800::device::probe:394] [wifi-probe] tx_writes=0 dt=2001ms period_avg=0us max=0us hist=0/0/0/0/0 | write n=0 avg=0us min=18446744073709551us max=0us bytes=0 calls=0.0 | size blk 1/2/3/4-6/7-9/10+ n=0/0/0/0/0/0 avg=0/0/0/0/0/0us | credit n=0 min=0 max=0 avgx10=0 backoff=0 avg=0us | gap rx0 n=0 avg=0us | rx1 n=0 avg=0us | rx2+ n=0 avg=0us | supply core n=0 avg=0us | ring n=0 avg=0us | none n=0 avg=0us | scans=2 deferred=0 tx_ready=0 | steps=16 per_tx_write=16.0 owner_calls=16
[ 24.383888 0:4294967307 aic8800::device::probe:465] [wifi-probe-rx] reads=6 data_reads=2 avg=119us min=115us max=123us bytes=1024 items=2 data_frames=0 data_confirmations=0 control_confirmations=2 control_indications=0 prints=0 | size <=512 n=2 avg=119us | <=2k n=0 avg=0us | <=8k n=0 avg=0us | >8k n=0 avg=0us | control n=4 avg=48us min=0us max=120us | credit n=0 avg=0us | other n=4 avg=127us | rdif_at_write 0/1/2-3/4+=0/0/0/0 | queue_at_arrival=0/0/0/0
[ 24.384675 0:4294967307 aic8800::device::mailbox:303] [wifi-sta-info] width=20MHz format=he-su mcs=11 nss=1 sgi=0 retries=2 rssi=-37dBm txfailed=0 ackok=7 ackfail=0
[ 25.385599 0:4294967307 aic8800::device::mailbox:303] [wifi-sta-info] width=20MHz format=he-su mcs=11 nss=1 sgi=0 retries=2 rssi=-38dBm txfailed=0 ackok=7 ackfail=0
[ 26.385822 0:4294967307 ax_net::queue_runtime::executor::probe:194] [netprobe] dt=2002ms iters=19 polls=16 poll_us=3 waits=7 wait_us=285734 yields=0 | wait_kind notify=5@5us deadline=2@1000057us hist=5/0/0/0/2 | wake n=16 avg=125178us hist=0/5/6/2/3 | owner_calls=16 skipped=0 owner_us=87 max=264us slow=2 | tx_submit=0 tx_done=0 rx_done=0 | ready 0/1/2-3/4+=16/0/0/0 | irq=16 | park xfer=8us handoff=12us n=1
[ 26.385944 0:4294967307 aic8800::device::probe:394] [wifi-probe] tx_writes=0 dt=2002ms period_avg=0us max=0us hist=0/0/0/0/0 | write n=0 avg=0us min=18446744073709551us max=0us bytes=0 calls=0.0 | size blk 1/2/3/4-6/7-9/10+ n=0/0/0/0/0/0 avg=0/0/0/0/0/0us | credit n=0 min=0 max=0 avgx10=0 backoff=0 avg=0us | gap rx0 n=0 avg=0us | rx1 n=0 avg=0us | rx2+ n=0 avg=0us | supply core n=0 avg=0us | ring n=0 avg=0us | none n=0 avg=0us | scans=2 deferred=0 tx_ready=0 | steps=16 per_tx_write=16.0 owner_calls=16
[ 26.386005 0:4294967307 aic8800::device::probe:465] [wifi-probe-rx] reads=6 data_reads=2 avg=123us min=121us max=126us bytes=1024 items=2 data_frames=0 data_confirmations=0 control_confirmations=2 control_indications=0 prints=0 | size <=512 n=2 avg=123us | <=2k n=0 avg=0us | <=8k n=0 avg=0us | >8k n=0 avg=0us | control n=4 avg=110us min=0us max=364us | credit n=0 avg=0us | other n=4 avg=185us | rdif_at_write 0/1/2-3/4+=0/0/0/0 | queue_at_arrival=0/0/0/0
[ 26.386784 0:4294967307 aic8800::device::mailbox:303] [wifi-sta-info] width=20MHz format=he-su mcs=11 nss=1 sgi=0 retries=2 rssi=-37dBm txfailed=0 ackok=7 ackfail=0
[ 27.387449 0:4294967307 aic8800::device::mailbox:303] [wifi-sta-info] width=20MHz format=he-su mcs=11 nss=1 sgi=0 retries=2 rssi=-39dBm txfailed=0 ackok=7 ackfail=0
[ 28.387671 0:4294967307 ax_net::queue_runtime::executor::probe:194] [netprobe] dt=2001ms iters=20 polls=16 poll_us=20 waits=7 wait_us=285745 yields=0 | wait_kind notify=5@5us deadline=2@1000094us hist=5/0/0/0/2 | wake n=16 avg=125156us hist=0/6/7/0/3 | owner_calls=16 skipped=0 owner_us=66 max=168us slow=0 | tx_submit=0 tx_done=0 rx_done=0 | ready 0/1/2-3/4+=16/0/0/0 | irq=16 | park xfer=8us handoff=13us n=1
[ 28.387794 0:4294967307 aic8800::device::probe:394] [wifi-probe] tx_writes=0 dt=2001ms period_avg=0us max=0us hist=0/0/0/0/0 | write n=0 avg=0us min=18446744073709551us max=0us bytes=0 calls=0.0 | size blk 1/2/3/4-6/7-9/10+ n=0/0/0/0/0/0 avg=0/0/0/0/0/0us | credit n=0 min=0 max=0 avgx10=0 backoff=0 avg=0us | gap rx0 n=0 avg=0us | rx1 n=0 avg=0us | rx2+ n=0 avg=0us | supply core n=0 avg=0us | ring n=0 avg=0us | none n=0 avg=0us | scans=2 deferred=0 tx_ready=0 | steps=16 per_tx_write=16.0 owner_calls=16
[ 28.387855 0:4294967307 aic8800::device::probe:465] [wifi-probe-rx] reads=6 data_reads=2 avg=122us min=117us max=127us bytes=1024 items=2 data_frames=0 data_confirmations=0 control_confirmations=2 control_indications=0 prints=0 | size <=512 n=2 avg=122us | <=2k n=0 avg=0us | <=8k n=0 avg=0us | >8k n=0 avg=0us | control n=4 avg=107us min=0us max=358us | credit n=0 avg=0us | other n=4 avg=123us | rdif_at_write 0/1/2-3/4+=0/0/0/0 | queue_at_arrival=0/0/0/0
[ 28.388622 0:4294967307 aic8800::device::mailbox:303] [wifi-sta-info] width=20MHz format=he-su mcs=11 nss=1 sgi=0 retries=2 rssi=-40dBm txfailed=0 ackok=7 ackfail=0
[ 29.389394 0:4294967307 aic8800::device::mailbox:303] [wifi-sta-info] width=20MHz format=he-su mcs=11 nss=1 sgi=0 retries=2 rssi=-39dBm txfailed=0 ackok=7 ackfail=0
[ 30.389500 0:4294967307 ax_net::queue_runtime::executor::probe:194] [netprobe] dt=2001ms iters=19 polls=16 poll_us=3 waits=7 wait_us=285727 yields=0 | wait_kind notify=5@56us deadline=2@999905us hist=4/0/0/1/2 | wake n=16 avg=125153us hist=0/6/5/2/3 | owner_calls=16 skipped=0 owner_us=90 max=399us slow=2 | tx_submit=0 tx_done=0 rx_done=0 | ready 0/1/2-3/4+=16/0/0/0 | irq=16 | park xfer=72us handoff=65us n=2
[ 30.389621 0:4294967307 aic8800::device::probe:394] [wifi-probe] tx_writes=0 dt=2001ms period_avg=0us max=0us hist=0/0/0/0/0 | write n=0 avg=0us min=18446744073709551us max=0us bytes=0 calls=0.0 | size blk 1/2/3/4-6/7-9/10+ n=0/0/0/0/0/0 avg=0/0/0/0/0/0us | credit n=0 min=0 max=0 avgx10=0 backoff=0 avg=0us | gap rx0 n=0 avg=0us | rx1 n=0 avg=0us | rx2+ n=0 avg=0us | supply core n=0 avg=0us | ring n=0 avg=0us | none n=0 avg=0us | scans=2 deferred=0 tx_ready=0 | steps=16 per_tx_write=16.0 owner_calls=16
[ 30.389681 0:4294967307 aic8800::device::probe:465] [wifi-probe-rx] reads=6 data_reads=2 avg=243us min=126us max=361us bytes=1024 items=2 data_frames=0 data_confirmations=0 control_confirmations=2 control_indications=0 prints=0 | size <=512 n=2 avg=243us | <=2k n=0 avg=0us | <=8k n=0 avg=0us | >8k n=0 avg=0us | control n=4 avg=41us min=0us max=89us | credit n=0 avg=0us | other n=4 avg=123us | rdif_at_write 0/1/2-3/4+=0/0/0/0 | queue_at_arrival=0/0/0/0
[ 31.390831 0:4294967307 aic8800::device::mailbox:303] [wifi-sta-info] width=20MHz format=he-su mcs=11 nss=1 sgi=0 retries=2 rssi=-40dBm txfailed=0 ackok=7 ackfail=0
[ 32.391054 0:4294967307 ax_net::queue_runtime::executor::probe:194] [netprobe] dt=2001ms iters=20 polls=16 poll_us=3 waits=7 wait_us=285717 yields=0 | wait_kind notify=5@3us deadline=2@1000001us hist=5/0/0/0/2 | wake n=16 avg=125132us hist=0/6/7/1/2 | owner_calls=16 skipped=0 owner_us=77 max=319us slow=1 | tx_submit=0 tx_done=0 rx_done=0 | ready 0/1/2-3/4+=16/0/0/0 | irq=16 | park xfer=8us handoff=4us n=1
[ 32.391177 0:4294967307 aic8800::device::probe:394] [wifi-probe] tx_writes=0 dt=2001ms period_avg=0us max=0us hist=0/0/0/0/0 | write n=0 avg=0us min=18446744073709551us max=0us bytes=0 calls=0.0 | size blk 1/2/3/4-6/7-9/10+ n=0/0/0/0/0/0 avg=0/0/0/0/0/0us | credit n=0 min=0 max=0 avgx10=0 backoff=0 avg=0us | gap rx0 n=0 avg=0us | rx1 n=0 avg=0us | rx2+ n=0 avg=0us | supply core n=0 avg=0us | ring n=0 avg=0us | none n=0 avg=0us | scans=2 deferred=0 tx_ready=0 | steps=16 per_tx_write=16.0 owner_calls=16
[ 32.391238 0:4294967307 aic8800::device::probe:465] [wifi-probe-rx] reads=6 data_reads=2 avg=117us min=116us max=118us bytes=1024 items=2 data_frames=0 data_confirmations=0 control_confirmations=2 control_indications=0 prints=0 | size <=512 n=2 avg=117us | <=2k n=0 avg=0us | <=8k n=0 avg=0us | >8k n=0 avg=0us | control n=4 avg=36us min=0us max=73us | credit n=0 avg=0us | other n=4 avg=123us | rdif_at_write 0/1/2-3/4+=0/0/0/0 | queue_at_arrival=0/0/0/0
[ 32.392019 0:4294967307 aic8800::device::mailbox:303] [wifi-sta-info] width=20MHz format=he-su mcs=11 nss=1 sgi=0 retries=2 rssi=-41dBm txfailed=0 ackok=7 ackfail=0
[ 33.392948 0:4294967307 aic8800::device::mailbox:303] [wifi-sta-info] width=20MHz format=he-su mcs=11 nss=1 sgi=0 retries=2 rssi=-40dBm txfailed=0 ackok=7 ackfail=0
[ 34.393172 0:4294967307 ax_net::queue_runtime::executor::probe:194] [netprobe] dt=2002ms iters=19 polls=16 poll_us=21 waits=6 wait_us=333358 yields=0 | wait_kind notify=4@7us deadline=2@1000061us hist=4/0/0/0/2 | wake n=16 avg=125179us hist=0/6/5/2/3 | owner_calls=16 skipped=0 owner_us=87 max=322us slow=1 | tx_submit=0 tx_done=0 rx_done=0 | ready 0/1/2-3/4+=16/0/0/0 | irq=16 | park xfer=10us handoff=12us n=1
[ 34.393293 0:4294967307 aic8800::device::probe:394] [wifi-probe] tx_writes=0 dt=2002ms period_avg=0us max=0us hist=0/0/0/0/0 | write n=0 avg=0us min=18446744073709551us max=0us bytes=0 calls=0.0 | size blk 1/2/3/4-6/7-9/10+ n=0/0/0/0/0/0 avg=0/0/0/0/0/0us | credit n=0 min=0 max=0 avgx10=0 backoff=0 avg=0us | gap rx0 n=0 avg=0us | rx1 n=0 avg=0us | rx2+ n=0 avg=0us | supply core n=0 avg=0us | ring n=0 avg=0us | none n=0 avg=0us | scans=2 deferred=0 tx_ready=0 | steps=16 per_tx_write=16.0 owner_calls=16
[ 34.393354 0:4294967307 aic8800::device::probe:465] [wifi-probe-rx] reads=6 data_reads=2 avg=248us min=127us max=370us bytes=1024 items=2 data_frames=0 data_confirmations=0 control_confirmations=2 control_indications=0 prints=0 | size <=512 n=2 avg=248us | <=2k n=0 avg=0us | <=8k n=0 avg=0us | >8k n=0 avg=0us | control n=4 avg=109us min=0us max=360us | credit n=0 avg=0us | other n=4 avg=124us | rdif_at_write 0/1/2-3/4+=0/0/0/0 | queue_at_arrival=0/0/0/0
[ 35.394503 0:4294967307 aic8800::device::mailbox:303] [wifi-sta-info] width=20MHz format=he-su mcs=11 nss=1 sgi=0 retries=2 rssi=-39dBm txfailed=0 ackok=7 ackfail=0
[ 36.394726 0:4294967307 ax_net::queue_runtime::executor::probe:194] [netprobe] dt=2001ms iters=20 polls=16 poll_us=3 waits=6 wait_us=333334 yields=0 | wait_kind notify=4@1us deadline=2@1000000us hist=4/0/0/0/2 | wake n=16 avg=125132us hist=0/6/7/1/2 | owner_calls=16 skipped=0 owner_us=77 max=318us slow=1 | tx_submit=0 tx_done=0 rx_done=0 | ready 0/1/2-3/4+=16/0/0/0 | irq=16 | park xfer=0us handoff=0us n=0
[ 36.394847 0:4294967307 aic8800::device::probe:394] [wifi-probe] tx_writes=0 dt=2001ms period_avg=0us max=0us hist=0/0/0/0/0 | write n=0 avg=0us min=18446744073709551us max=0us bytes=0 calls=0.0 | size blk 1/2/3/4-6/7-9/10+ n=0/0/0/0/0/0 avg=0/0/0/0/0/0us | credit n=0 min=0 max=0 avgx10=0 backoff=0 avg=0us | gap rx0 n=0 avg=0us | rx1 n=0 avg=0us | rx2+ n=0 avg=0us | supply core n=0 avg=0us | ring n=0 avg=0us | none n=0 avg=0us | scans=2 deferred=0 tx_ready=0 | steps=16 per_tx_write=16.0 owner_calls=16
[ 36.394908 0:4294967307 aic8800::device::probe:465] [wifi-probe-rx] reads=6 data_reads=2 avg=116us min=116us max=117us bytes=1024 items=2 data_frames=0 data_confirmations=0 control_confirmations=2 control_indications=0 prints=0 | size <=512 n=2 avg=116us | <=2k n=0 avg=0us | <=8k n=0 avg=0us | >8k n=0 avg=0us | control n=4 avg=36us min=0us max=72us | credit n=0 avg=0us | other n=4 avg=124us | rdif_at_write 0/1/2-3/4+=0/0/0/0 | queue_at_arrival=0/0/0/0
[ 36.395685 0:4294967307 aic8800::device::mailbox:303] [wifi-sta-info] width=20MHz format=he-su mcs=11 nss=1 sgi=0 retries=2 rssi=-38dBm txfailed=0 ackok=7 ackfail=0
[ 37.396354 0:4294967307 aic8800::device::mailbox:303] [wifi-sta-info] width=20MHz format=he-su mcs=11 nss=1 sgi=0 retries=2 rssi=-39dBm txfailed=0 ackok=7 ackfail=0
[ 38.396576 0:4294967307 ax_net::queue_runtime::executor::probe:194] [netprobe] dt=2001ms iters=20 polls=16 poll_us=3 waits=7 wait_us=285746 yields=0 | wait_kind notify=5@5us deadline=2@1000096us hist=5/0/0/0/2 | wake n=16 avg=125156us hist=0/6/7/0/3 | owner_calls=16 skipped=0 owner_us=66 max=167us slow=0 | tx_submit=0 tx_done=0 rx_done=0 | ready 0/1/2-3/4+=16/0/0/0 | irq=16 | park xfer=8us handoff=13us n=1
[ 38.396699 0:4294967307 aic8800::device::probe:394] [wifi-probe] tx_writes=0 dt=2001ms period_avg=0us max=0us hist=0/0/0/0/0 | write n=0 avg=0us min=18446744073709551us max=0us bytes=0 calls=0.0 | size blk 1/2/3/4-6/7-9/10+ n=0/0/0/0/0/0 avg=0/0/0/0/0/0us | credit n=0 min=0 max=0 avgx10=0 backoff=0 avg=0us | gap rx0 n=0 avg=0us | rx1 n=0 avg=0us | rx2+ n=0 avg=0us | supply core n=0 avg=0us | ring n=0 avg=0us | none n=0 avg=0us | scans=2 deferred=0 tx_ready=0 | steps=16 per_tx_write=16.0 owner_calls=16
[ 38.396760 0:4294967307 aic8800::device::probe:465] [wifi-probe-rx] reads=6 data_reads=2 avg=122us min=117us max=127us bytes=1024 items=2 data_frames=0 data_confirmations=0 control_confirmations=2 control_indications=0 prints=0 | size <=512 n=2 avg=122us | <=2k n=0 avg=0us | <=8k n=0 avg=0us | >8k n=0 avg=0us | control n=4 avg=107us min=0us max=357us | credit n=0 avg=0us | other n=4 avg=124us | rdif_at_write 0/1/2-3/4+=0/0/0/0 | queue_at_arrival=0/0/0/0
[ 39.398207 0:4294967307 aic8800::device::mailbox:303] [wifi-sta-info] width=20MHz format=he-su mcs=11 nss=1 sgi=0 retries=2 rssi=-41dBm txfailed=0 ackok=7 ackfail=0
[ 40.398430 0:4294967307 ax_net::queue_runtime::executor::probe:194] [netprobe] dt=2001ms iters=19 polls=16 poll_us=21 waits=7 wait_us=285758 yields=0 | wait_kind notify=5@5us deadline=2@1000139us hist=5/0/0/0/2 | wake n=16 avg=125151us hist=0/6/7/1/2 | owner_calls=16 skipped=0 owner_us=60 max=167us slow=0 | tx_submit=0 tx_done=0 rx_done=0 | ready 0/1/2-3/4+=16/0/0/0 | irq=16 | park xfer=9us handoff=12us n=1
[ 40.398554 0:4294967307 aic8800::device::probe:394] [wifi-probe] tx_writes=0 dt=2001ms period_avg=0us max=0us hist=0/0/0/0/0 | write n=0 avg=0us min=18446744073709551us max=0us bytes=0 calls=0.0 | size blk 1/2/3/4-6/7-9/10+ n=0/0/0/0/0/0 avg=0/0/0/0/0/0us | credit n=0 min=0 max=0 avgx10=0 backoff=0 avg=0us | gap rx0 n=0 avg=0us | rx1 n=0 avg=0us | rx2+ n=0 avg=0us | supply core n=0 avg=0us | ring n=0 avg=0us | none n=0 avg=0us | scans=2 deferred=0 tx_ready=0 | steps=16 per_tx_write=16.0 owner_calls=16
[ 40.398616 0:4294967307 aic8800::device::probe:465] [wifi-probe-rx] reads=6 data_reads=2 avg=121us min=115us max=126us bytes=1024 items=2 data_frames=0 data_confirmations=0 control_confirmations=2 control_indications=0 prints=0 | size <=512 n=2 avg=121us | <=2k n=0 avg=0us | <=8k n=0 avg=0us | >8k n=0 avg=0us | control n=4 avg=108us min=0us max=361us | credit n=0 avg=0us | other n=4 avg=123us | rdif_at_write 0/1/2-3/4+=0/0/0/0 | queue_at_arrival=0/0/0/0
[ 40.399431 0:4294967307 aic8800::device::mailbox:303] [wifi-sta-info] width=20MHz format=he-su mcs=11 nss=1 sgi=0 retries=2 rssi=-38dBm txfailed=0 ackok=7 ackfail=0

root@starry:~# 
root@starry:~# iperf3 [ 42.400340 0:4294967307 ax_net::queue_runtime::executor::probe:194] [netprobe] dt=2001ms iters=20 polls=16 poll_us=3 waits=8 wait_us=250042 yields=0 | wait_kind notify=6@6us deadline=2@1000150us hist=6/0/0/0/2 | wake n=16 avg=125156us hist=0/7/6/0/3 | owner_calls=16 skipped=0 owner_us=60 max=171us slow=0 | tx_submit=0 tx_done=0 rx_done=0 | ready 0/1/2-3/4+=16/0/0/0 | irq=16 | park xfer=8us handoff=8us n=2
[ 42.400471 0:4294967307 aic8800::device::probe:394] [wifi-probe] tx_writes=0 dt=2001ms period_avg=0us max=0us hist=0/0/0/0/0 | write n=0 avg=0us min=18446744073709551us max=0us bytes=0 calls=0.0 | size blk 1/2/3/4-6/7-9/10+ n=0/0/0/0/0/0 avg=0/0/0/0/0/0us | credit n=0 min=0 max=0 avgx10=0 backoff=0 avg=0us | gap rx0 n=0 avg=0us | rx1 n=0 avg=0us | rx2+ n=0 avg=0us | supply core n=0 avg=0us | ring n=0 avg=0us | none n=0 avg=0us | scans=2 deferred=0 tx_ready=0 | steps=16 per_tx_write=16.0 owner_calls=16
[ 42.400535 0:4294967307 aic8800::device::probe:465] [wifi-probe-rx] reads=6 data_reads=2 avg=122us min=117us max=127us bytes=1024 items=2 data_frames=0 data_confirmations=0 control_confirmations=2 control_indications=0 prints=0 | size <=512 n=2 avg=122us | <=2k n=0 avg=0us | <=8k n=0 avg=0us | >8k n=0 avg=0us | control n=4 avg=116us min=0us max=393us | credit n=0 avg=0us | other n=4 avg=127us | rdif_at_write 0/1/2-3/4+=0/0/0/0 | queue_at_arrival=0/0/0/0
[ 42.401322 0:4294967307 aic8800::device::mailbox:303] [wifi-sta-info] width=20MHz format=he-su mcs=11 nss=1 sgi=0 retries=2 rssi=-37dBm txfailed=0 ackok=7 ackfail=0
-s 1
[ 43.242467 0:73014444059 starry_kernel::task::user:83] Enter user space: ip=0x6013d7ae, sp=0x3fffff570
[ 43.244792 0:4294967322 starry_kernel::syscall::task::wait:380] sys_waitpid <= pid: -1, options: WaitPidOptions(0x0)
[ 43.402064 0:4294967307 aic8800::device::mailbox:303] [wifi-sta-info] width=20MHz format=he-su mcs=11 nss=1 sgi=0 retries=2 rssi=-38dBm txfailed=0 ackok=7 ackfail=0
-----------------------------------------------------------
Server listening on 5201 (test #1)
-----------------------------------------------------------
[ 44.402292 0:4294967307 ax_net::queue_runtime::executor::probe:194] [netprobe] dt=2001ms iters=27 polls=21 poll_us=7 waits=12 wait_us=166659 yields=0 | wait_kind notify=10@53839us deadline=2@730757us hist=8/0/1/0/3 | wake n=21 avg=69761us hist=0/7/8/3/3 | owner_calls=21 skipped=0 owner_us=76 max=350us slow=1 | tx_submit=0 tx_done=0 rx_done=1 | ready 0/1/2-3/4+=21/0/0/0 | irq=21 | park xfer=179334us handoff=46us n=3
[ 44.402423 0:4294967307 aic8800::device::probe:394] [wifi-probe] tx_writes=0 dt=2001ms period_avg=0us max=0us hist=0/0/0/0/0 | write n=0 avg=0us min=18446744073709551us max=0us bytes=0 calls=0.0 | size blk 1/2/3/4-6/7-9/10+ n=0/0/0/0/0/0 avg=0/0/0/0/0/0us | credit n=0 min=0 max=0 avgx10=0 backoff=0 avg=0us | gap rx0 n=0 avg=0us | rx1 n=0 avg=0us | rx2+ n=0 avg=0us | supply core n=0 avg=0us | ring n=0 avg=0us | none n=0 avg=0us | scans=3 deferred=0 tx_ready=0 | steps=22 per_tx_write=22.0 owner_calls=21
[ 44.402487 0:4294967307 aic8800::device::probe:465] [wifi-probe-rx] reads=9 data_reads=3 avg=134us min=126us max=150us bytes=1536 items=3 data_frames=1 data_confirmations=0 control_confirmations=2 control_indications=0 prints=0 | size <=512 n=3 avg=134us | <=2k n=0 avg=0us | <=8k n=0 avg=0us | >8k n=0 avg=0us | control n=6 avg=101us min=0us max=365us | credit n=0 avg=0us | other n=4 avg=127us | rdif_at_write 0/1/2-3/4+=0/0/0/0 | queue_at_arrival=0/0/0/0
[ 44.403265 0:4294967307 aic8800::device::mailbox:303] [wifi-sta-info] width=20MHz format=he-su mcs=11 nss=1 sgi=0 retries=2 rssi=-34dBm txfailed=0 ackok=7 ackfail=0
Accepted connection from 192.168.137.1, port 65305
[  5] local 192.168.137.82 port 5201 connected to 192.168.137.1 port 65306
[ 45.252332 0:4294967324 starry_kernel::task::user:83] Enter user space: ip=0x601524d0, sp=0x428af0
[ 45.407474 0:4294967307 aic8800::device::mailbox:303] [wifi-sta-info] width=20MHz format=he-su mcs=11 nss=1 sgi=0 retries=2 rssi=-32dBm txfailed=0 ackok=26 ackfail=26
[ ID] Interval           Transfer     Bitrate
[  5]   0.00-1.00   sec  1.00 MBytes  8.37 Mbits/sec                  
[ 46.406927 0:4294967307 ax_net::queue_runtime::executor::probe:194] [netprobe] dt=2004ms iters=1708 polls=1307 poll_us=16 waits=810 wait_us=2256 yields=0 | wait_kind notify=810@2256us deadline=0@0us hist=412/1/10/86/301 | wake n=1298 avg=1118us hist=0/432/237/319/310 | owner_calls=1298 skipped=9 owner_us=107 max=1649us slow=165 | tx_submit=236 tx_done=236 rx_done=992 | ready 0/1/2-3/4+=1286/12/0/0 | irq=1186 | park xfer=5035us handoff=358us n=314
[ 46.407046 0:4294967307 aic8800::device::probe:394] [wifi-probe] tx_writes=105 dt=2004ms period_avg=275128us max=27703902us hist=27/2/4/11/61 | write n=105 avg=178us min=114us max=1334us bytes=53760 calls=1.80 | size blk 1/2/3/4-6/7-9/10+ n=105/0/0/0/0/0 avg=178/0/0/0/0/0us | credit n=4 min=83 max=129 avgx10=1152 backoff=0 avg=0us | gap rx0 n=59 avg=1297us | rx1 n=0 avg=0us | rx2+ n=46 avg=625939us | supply core n=28 avg=61us | ring n=1 avg=58us | none n=76 avg=379841us | scans=52 deferred=0 tx_ready=1 | steps=2108 per_tx_write=20.0 owner_calls=1297
[ 46.407111 0:4294967307 aic8800::device::probe:465] [wifi-probe-rx] reads=626 data_reads=287 avg=1034us min=104us max=3308us bytes=1668096 items=996 data_frames=993 data_confirmations=0 control_confirmations=2 control_indications=1 prints=0 | size <=512 n=12 avg=139us | <=2k n=61 avg=628us | <=8k n=158 avg=1098us | >8k n=56 avg=1489us | control n=339 avg=261us min=0us max=1361us | credit n=4 avg=103us | other n=4 avg=121us | rdif_at_write 0/1/2-3/4+=104/1/0/0 | queue_at_arrival=77/34/48/77
[ 46.425354 0:4294967307 aic8800::device::mailbox:303] [wifi-sta-info] width=20MHz format=non-ht mcs=2 nss=1 sgi=0 retries=2 rssi=-34dBm txfailed=0 ackok=227 ackfail=478
[  5]   1.00-2.00   sec  1.62 MBytes  13.6 Mbits/sec                  
[ 47.426021 0:4294967307 aic8800::device::mailbox:303] [wifi-sta-info] width=20MHz format=non-ht mcs=3 nss=1 sgi=0 retries=2 rssi=-33dBm txfailed=0 ackok=465 ackfail=489
[  5]   2.00-3.00   sec  2.00 MBytes  16.8 Mbits/sec                  
[ 48.408716 0:4294967307 ax_net::queue_runtime::executor::probe:194] [netprobe] dt=2001ms iters=3319 polls=2509 poll_us=20 waits=1627 wait_us=998 yields=0 | wait_kind notify=1625@987us deadline=2@9816us hist=816/4/24/148/635 | wake n=2488 avg=357us hist=0/794/377/652/665 | owner_calls=2488 skipped=21 owner_us=119 max=1907us slow=368 | tx_submit=456 tx_done=456 rx_done=2573 | ready 0/1/2-3/4+=2450/38/0/0 | irq=2215 | park xfer=1945us handoff=333us n=601
[ 48.408837 0:4294967307 aic8800::device::probe:394] [wifi-probe] tx_writes=193 dt=2001ms period_avg=10486us max=102006us hist=44/5/3/39/102 | write n=193 avg=192us min=114us max=1975us bytes=98816 calls=1.83 | size blk 1/2/3/4-6/7-9/10+ n=193/0/0/0/0/0 avg=192/0/0/0/0/0us | credit n=4 min=116 max=127 avgx10=1240 backoff=0 avg=0us | gap rx0 n=108 avg=1033us | rx1 n=0 avg=0us | rx2+ n=85 avg=22061us | supply core n=50 avg=239us | ring n=1 avg=58us | none n=142 avg=13907us | scans=92 deferred=0 tx_ready=3 | steps=4705 per_tx_write=24.3 owner_calls=2488
[ 48.408902 0:4294967307 aic8800::device::probe:465] [wifi-probe-rx] reads=1182 data_reads=545 avg=1213us min=118us max=3181us bytes=4290560 items=2577 data_frames=2575 data_confirmations=0 control_confirmations=2 control_indications=0 prints=0 | size <=512 n=4 avg=132us | <=2k n=114 avg=643us | <=8k n=229 avg=1087us | >8k n=198 avg=1708us | control n=637 avg=289us min=0us max=2181us | credit n=4 avg=88us | other n=4 avg=105us | rdif_at_write 0/1/2-3/4+=188/5/0/0 | queue_at_arrival=143/72/107/134
[  5]   3.00-4.00   sec  1.38 MBytes  11.5 Mbits/sec                  
[  5]   4.00-5.00   sec  1.50 MBytes  12.6 Mbits/sec                  
[ 50.408972 0:4294967307 ax_net::queue_runtime::executor::probe:194] [netprobe] dt=2000ms iters=3528 polls=2707 poll_us=18 waits=1646 wait_us=985 yields=0 | wait_kind notify=1645@985us deadline=1@1813us hist=828/4/9/143/662 | wake n=2692 avg=337us hist=0/882/462/654/694 | owner_calls=2692 skipped=15 owner_us=111 max=1985us slow=364 | tx_submit=542 tx_done=533 rx_done=2290 | ready 0/1/2-3/4+=2669/23/0/0 | irq=2457 | park xfer=1706us handoff=421us n=671
[ 50.409092 0:4294967307 aic8800::device::probe:394] [wifi-probe] tx_writes=199 dt=2000ms period_avg=9951us max=102012us hist=73/3/3/21/99 | write n=199 avg=197us min=114us max=2056us bytes=101888 calls=1.86 | size blk 1/2/3/4-6/7-9/10+ n=199/0/0/0/0/0 avg=197/0/0/0/0/0us | credit n=6 min=94 max=127 avgx10=1116 backoff=0 avg=0us | gap rx0 n=125 avg=960us | rx1 n=0 avg=0us | rx2+ n=74 avg=24606us | supply core n=80 avg=414us | ring n=1 avg=61us | none n=118 avg=16167us | scans=77 deferred=0 tx_ready=3 | steps=4535 per_tx_write=22.7 owner_calls=2692
[ 50.409157 0:4294967307 aic8800::device::probe:465] [wifi-probe-rx] reads=1339 data_reads=631 avg=1108us min=119us max=3021us bytes=3874304 items=2292 data_frames=2290 data_confirmations=0 control_confirmations=2 control_indications=0 prints=0 | size <=512 n=2 avg=124us | <=2k n=129 avg=679us | <=8k n=394 avg=1097us | >8k n=106 avg=1691us | control n=708 avg=275us min=0us max=2020us | credit n=6 avg=66us | other n=4 avg=102us | rdif_at_write 0/1/2-3/4+=196/3/0/0 | queue_at_arrival=120/65/104/252
[ 50.430749 0:4294967307 aic8800::device::mailbox:303] [wifi-sta-info] width=20MHz format=he-su mcs=1 nss=1 sgi=0 retries=2 rssi=-32dBm txfailed=0 ackok=1228 ackfail=523
[  5]   5.00-6.00   sec  2.88 MBytes  24.1 Mbits/sec                  
[ 51.464112 0:4294967307 aic8800::device::mailbox:303] [wifi-sta-info] width=20MHz format=he-su mcs=2 nss=1 sgi=0 retries=2 rssi=-33dBm txfailed=0 ackok=1492 ackfail=767
[  5]   6.00-7.00   sec  1.62 MBytes  13.6 Mbits/sec                  
[ 52.436649 0:4294967307 ax_net::queue_runtime::executor::probe:194] [netprobe] dt=2027ms iters=4121 polls=3137 poll_us=16 waits=1975 wait_us=805 yields=0 | wait_kind notify=1973@804us deadline=2@1696us hist=991/5/26/159/794 | wake n=3125 avg=360us hist=0/1012/527/732/854 | owner_calls=3125 skipped=12 owner_us=112 max=1699us slow=442 | tx_submit=625 tx_done=634 rx_done=3024 | ready 0/1/2-3/4+=3105/19/1/0 | irq=2770 | park xfer=1324us handoff=399us n=756
[ 52.436773 0:4294967307 aic8800::device::probe:394] [wifi-probe] tx_writes=239 dt=2027ms period_avg=8397us max=67040us hist=82/6/6/29/116 | write n=239 avg=200us min=115us max=1722us bytes=122368 calls=1.87 | size blk 1/2/3/4-6/7-9/10+ n=239/0/0/0/0/0 avg=200/0/0/0/0/0us | credit n=7 min=106 max=132 avgx10=1208 backoff=0 avg=0us | gap rx0 n=148 avg=952us | rx1 n=0 avg=0us | rx2+ n=91 avg=19979us | supply core n=90 avg=54us | ring n=2 avg=1738us | none n=147 avg=13270us | scans=98 deferred=0 tx_ready=1 | steps=5644 per_tx_write=23.6 owner_calls=3125
[ 52.436837 0:4294967307 aic8800::device::probe:465] [wifi-probe-rx] reads=1488 data_reads=695 avg=1199us min=124us max=3510us bytes=5065216 items=3028 data_frames=3026 data_confirmations=0 control_confirmations=2 control_indications=0 prints=0 | size <=512 n=4 avg=148us | <=2k n=151 avg=666us | <=8k n=397 avg=1110us | >8k n=143 avg=2036us | control n=793 avg=261us min=0us max=1354us | credit n=7 avg=73us | other n=4 avg=96us | rdif_at_write 0/1/2-3/4+=234/5/0/0 | queue_at_arrival=148/76/118/284
[ 52.473512 0:4294967307 aic8800::device::mailbox:303] [wifi-sta-info] width=20MHz format=non-ht mcs=3 nss=1 sgi=0 retries=2 rssi=-33dBm txfailed=0 ackok=1845 ackfail=972
[  5]   7.00-8.00   sec  1.38 MBytes  11.5 Mbits/sec                  
[ 53.474177 0:4294967307 aic8800::device::mailbox:303] [wifi-sta-info] width=20MHz format=non-ht mcs=3 nss=1 sgi=0 retries=2 rssi=-32dBm txfailed=0 ackok=2165 ackfail=1054
[  5]   8.00-9.00   sec  1.38 MBytes  11.5 Mbits/sec                  
[ 54.436667 0:4294967307 ax_net::queue_runtime::executor::probe:194] [netprobe] dt=2000ms iters=4224 polls=3288 poll_us=15 waits=1873 wait_us=845 yields=0 | wait_kind notify=1871@809us deadline=2@34532us hist=938/4/17/154/760 | wake n=3280 avg=349us hist=0/1156/573/783/768 | owner_calls=3280 skipped=8 owner_us=100 max=1650us slow=338 | tx_submit=690 tx_done=689 rx_done=2041 | ready 0/1/2-3/4+=3252/28/0/0 | irq=3048 | park xfer=1077us handoff=516us n=841
[ 54.436782 0:4294967307 aic8800::device::probe:394] [wifi-probe] tx_writes=233 dt=2000ms period_avg=8764us max=106653us hist=124/3/2/21/83 | write n=233 avg=171us min=111us max=1707us bytes=119296 calls=1.93 | size blk 1/2/3/4-6/7-9/10+ n=233/0/0/0/0/0 avg=171/0/0/0/0/0us | credit n=7 min=94 max=127 avgx10=1120 backoff=0 avg=0us | gap rx0 n=170 avg=826us | rx1 n=0 avg=0us | rx2+ n=63 avg=29552us | supply core n=131 avg=449us | ring n=2 avg=81us | none n=100 avg=19431us | scans=67 deferred=0 tx_ready=4 | steps=4751 per_tx_write=20.3 owner_calls=3280
[ 54.436842 0:4294967307 aic8800::device::probe:465] [wifi-probe-rx] reads=1691 data_reads=812 avg=1043us min=119us max=2117us bytes=3553792 items=2043 data_frames=2041 data_confirmations=0 control_confirmations=2 control_indications=0 prints=0 | size <=512 n=2 avg=143us | <=2k n=165 avg=847us | <=8k n=623 avg=1082us | >8k n=22 avg=1471us | control n=879 avg=240us min=0us max=1349us | credit n=7 avg=68us | other n=4 avg=91us | rdif_at_write 0/1/2-3/4+=231/2/0/0 | queue_at_arrival=103/47/90/450
[ 54.474928 0:4294967307 aic8800::device::mailbox:303] [wifi-sta-info] width=20MHz format=he-su mcs=2 nss=1 sgi=0 retries=2 rssi=-34dBm txfailed=0 ackok=2559 ackfail=1424
[  5]   9.00-10.00  sec  1.62 MBytes  13.6 Mbits/sec                  
[ 55.478241 0:4294967307 aic8800::device::mailbox:303] [wifi-sta-info] width=20MHz format=he-su mcs=0 nss=1 sgi=0 retries=2 rssi=-34dBm txfailed=0 ackok=2939 ackfail=1652
[  5]  10.00-11.00  sec  1.50 MBytes  12.6 Mbits/sec                  
[ 56.436824 0:4294967307 ax_net::queue_runtime::executor::probe:194] [netprobe] dt=2000ms iters=4401 polls=3426 poll_us=16 waits=1951 wait_us=803 yields=0 | wait_kind notify=1950@788us deadline=1@30573us hist=972/4/18/123/834 | wake n=3418 avg=333us hist=0/1185/604/786/843 | owner_calls=3418 skipped=8 owner_us=99 max=1686us slow=362 | tx_submit=727 tx_done=726 rx_done=2109 | ready 0/1/2-3/4+=3395/23/0/0 | irq=3216 | park xfer=1030us handoff=540us n=895
[ 56.436976 0:4294967307 aic8800::device::probe:394] [wifi-probe] tx_writes=234 dt=2000ms period_avg=8470us max=93565us hist=128/6/2/16/82 | write n=234 avg=170us min=112us max=1767us bytes=119808 calls=1.88 | size blk 1/2/3/4-6/7-9/10+ n=234/0/0/0/0/0 avg=170/0/0/0/0/0us | credit n=8 min=83 max=132 avgx10=1130 backoff=0 avg=0us | gap rx0 n=170 avg=681us | rx1 n=0 avg=0us | rx2+ n=64 avg=28535us | supply core n=137 avg=612us | ring n=1 avg=67us | none n=96 avg=19355us | scans=68 deferred=0 tx_ready=5 | steps=4936 per_tx_write=21.0 owner_calls=3418
[ 56.437041 0:4294967307 aic8800::device::probe:465] [wifi-probe-rx] reads=1800 data_reads=866 avg=1049us min=139us max=2287us bytes=3682816 items=2111 data_frames=2109 data_confirmations=0 control_confirmations=2 control_indications=0 prints=0 | size <=512 n=2 avg=161us | <=2k n=186 avg=881us | <=8k n=676 avg=1096us | >8k n=2 avg=1399us | control n=934 avg=243us min=0us max=1631us | credit n=8 avg=76us | other n=4 avg=91us | rdif_at_write 0/1/2-3/4+=232/2/0/0 | queue_at_arrival=97/56/99/475
[ 56.478988 0:4294967307 aic8800::device::mailbox:303] [wifi-sta-info] width=20MHz format=non-ht mcs=3 nss=1 sgi=0 retries=2 rssi=-34dBm txfailed=0 ackok=3263 ackfail=1776
[  5]  11.00-12.00  sec  1.62 MBytes  13.6 Mbits/sec                  
[ 57.506222 0:4294967307 aic8800::device::mailbox:303] [wifi-sta-info] width=20MHz format=non-ht mcs=3 nss=1 sgi=0 retries=2 rssi=-33dBm txfailed=0 ackok=3662 ackfail=2196
[  5]  12.00-13.00  sec  1.38 MBytes  11.5 Mbits/sec                  
[ 58.437495 0:4294967307 ax_net::queue_runtime::executor::probe:194] [netprobe] dt=2000ms iters=4416 polls=3420 poll_us=16 waits=1995 wait_us=778 yields=0 | wait_kind notify=1994@764us deadline=1@29488us hist=999/9/15/162/810 | wake n=3415 avg=329us hist=0/1181/582/811/841 | owner_calls=3415 skipped=5 owner_us=102 max=1657us slow=432 | tx_submit=723 tx_done=721 rx_done=2326 | ready 0/1/2-3/4+=3390/24/0/1 | irq=3165 | park xfer=1067us handoff=509us n=874
[ 58.437645 0:4294967307 aic8800::device::probe:394] [wifi-probe] tx_writes=236 dt=2000ms period_avg=8526us max=106293us hist=122/3/2/21/88 | write n=236 avg=160us min=113us max=1259us bytes=120832 calls=1.94 | size blk 1/2/3/4-6/7-9/10+ n=236/0/0/0/0/0 avg=160/0/0/0/0/0us | credit n=7 min=96 max=131 avgx10=1207 backoff=0 avg=0us | gap rx0 n=166 avg=687us | rx1 n=0 avg=0us | rx2+ n=70 avg=26575us | supply core n=135 avg=619us | ring n=0 avg=0us | none n=101 avg=18720us | scans=73 deferred=0 tx_ready=7 | steps=5133 per_tx_write=21.7 owner_calls=3415
[ 58.437709 0:4294967307 aic8800::device::probe:465] [wifi-probe-rx] reads=1763 data_reads=845 avg=1070us min=128us max=2271us bytes=4007936 items=2328 data_frames=2326 data_confirmations=0 control_confirmations=2 control_indications=0 prints=0 | size <=512 n=2 avg=156us | <=2k n=164 avg=869us | <=8k n=656 avg=1110us | >8k n=23 avg=1412us | control n=918 avg=250us min=0us max=1798us | credit n=7 avg=71us | other n=4 avg=105us | rdif_at_write 0/1/2-3/4+=235/1/0/0 | queue_at_arrival=101/53/97/472
[ 58.530098 0:4294967307 aic8800::device::mailbox:303] [wifi-sta-info] width=20MHz format=he-su mcs=1 nss=1 sgi=0 retries=2 rssi=-32dBm txfailed=0 ackok=4003 ackfail=2308
[  5]  13.00-14.00  sec  2.00 MBytes  16.8 Mbits/sec                  
[  5]  14.00-15.00  sec  2.75 MBytes  23.1 Mbits/sec                  
[ 60.438202 0:4294967307 ax_net::queue_runtime::executor::probe:194] [netprobe] dt=2000ms iters=3957 polls=2971 poll_us=22 waits=1971 wait_us=779 yields=0 | wait_kind notify=1969@779us deadline=2@1024us hist=991/10/19/151/800 | wake n=2950 avg=370us hist=0/905/420/754/871 | owner_calls=2950 skipped=21 owner_us=123 max=1968us slow=489 | tx_submit=576 tx_done=574 rx_done=3603 | ready 0/1/2-3/4+=2918/31/1/0 | irq=2561 | park xfer=1436us handoff=346us n=696
[ 60.438330 0:4294967307 aic8800::device::probe:394] [wifi-probe] tx_writes=226 dt=2000ms period_avg=8765us max=99295us hist=64/8/6/30/118 | write n=226 avg=205us min=114us max=1699us bytes=115712 calls=1.82 | size blk 1/2/3/4-6/7-9/10+ n=226/0/0/0/0/0 avg=205/0/0/0/0/0us | credit n=7 min=103 max=131 avgx10=1188 backoff=0 avg=0us | gap rx0 n=134 avg=913us | rx1 n=0 avg=0us | rx2+ n=92 avg=19698us | supply core n=78 avg=615us | ring n=2 avg=509us | none n=146 avg=12915us | scans=96 deferred=0 tx_ready=6 | steps=6065 per_tx_write=26.8 owner_calls=2950
[ 60.438396 0:4294967307 aic8800::device::probe:465] [wifi-probe-rx] reads=1366 data_reads=635 avg=1343us min=125us max=4911us bytes=5967360 items=3605 data_frames=3603 data_confirmations=0 control_confirmations=2 control_indications=0 prints=0 | size <=512 n=2 avg=128us | <=2k n=98 avg=659us | <=8k n=277 avg=1120us | >8k n=258 avg=1852us | control n=731 avg=323us min=0us max=1852us | credit n=7 avg=80us | other n=4 avg=91us | rdif_at_write 0/1/2-3/4+=219/7/0/0 | queue_at_arrival=148/78/117/232
[ 60.551069 0:4294967307 aic8800::device::mailbox:303] [wifi-sta-info] width=20MHz format=he-su mcs=1 nss=1 sgi=0 retries=2 rssi=-34dBm txfailed=0 ackok=4591 ackfail=2618
[  5]  15.00-16.00  sec  3.00 MBytes  25.2 Mbits/sec                  
[ 61.576048 0:4294967307 aic8800::device::mailbox:303] [wifi-sta-info] width=20MHz format=he-su mcs=2 nss=1 sgi=0 retries=2 rssi=-34dBm txfailed=0 ackok=4896 ackfail=2788
[  5]  16.00-17.00  sec  3.00 MBytes  25.2 Mbits/sec                  
[ 62.438226 0:4294967307 ax_net::queue_runtime::executor::probe:194] [netprobe] dt=2000ms iters=3797 polls=2823 poll_us=22 waits=1950 wait_us=781 yields=0 | wait_kind notify=1949@781us deadline=1@311us hist=980/5/20/155/790 | wake n=2806 avg=407us hist=0/849/318/705/934 | owner_calls=2806 skipped=17 owner_us=136 max=1953us slow=498 | tx_submit=558 tx_done=563 rx_done=4350 | ready 0/1/2-3/4+=2777/29/0/0 | irq=2317 | park xfer=1595us handoff=266us n=608
[ 62.439421 0:4294967307 aic8800::device::probe:394] [wifi-probe] tx_writes=213 dt=2001ms period_avg=9451us max=64800us hist=68/7/4/22/112 | write n=213 avg=197us min=115us max=1742us bytes=109056 calls=1.81 | size blk 1/2/3/4-6/7-9/10+ n=213/0/0/0/0/0 avg=197/0/0/0/0/0us | credit n=5 min=114 max=132 avgx10=1242 backoff=0 avg=0us | gap rx0 n=136 avg=878us | rx1 n=0 avg=0us | rx2+ n=77 avg=24046us | supply core n=76 avg=227us | ring n=4 avg=82us | none n=133 avg=14687us | scans=79 deferred=0 tx_ready=3 | steps=6696 per_tx_write=31.4 owner_calls=2807
[ 62.439538 0:4294967307 aic8800::device::probe:465] [wifi-probe-rx] reads=1229 data_reads=575 avg=1520us min=127us max=3901us bytes=7137792 items=4352 data_frames=4350 data_confirmations=0 control_confirmations=2 control_indications=0 prints=0 | size <=512 n=1 avg=127us | <=2k n=77 avg=619us | <=8k n=156 avg=985us | >8k n=341 avg=1972us | control n=654 avg=370us min=0us max=2053us | credit n=5 avg=269us | other n=4 avg=104us | rdif_at_write 0/1/2-3/4+=205/5/1/2 | queue_at_arrival=137/73/120/229
[ 62.576837 0:4294967307 aic8800::device::mailbox:303] [wifi-sta-info] width=20MHz format=he-su mcs=2 nss=1 sgi=0 retries=2 rssi=-33dBm txfailed=0 ackok=5145 ackfail=2952
[  5]  17.00-18.00  sec  2.12 MBytes  17.8 Mbits/sec                  
[ 63.577521 0:4294967307 aic8800::device::mailbox:303] [wifi-sta-info] width=20MHz format=he-su mcs=1 nss=1 sgi=0 retries=2 rssi=-34dBm txfailed=0 ackok=5539 ackfail=3326
[  5]  18.00-19.00  sec  1.75 MBytes  14.7 Mbits/sec                  
[ 64.438843 0:4294967307 ax_net::queue_runtime::executor::probe:194] [netprobe] dt=2000ms iters=4865 polls=3764 poll_us=17 waits=2204 wait_us=679 yields=0 | wait_kind notify=2202@663us deadline=2@17918us hist=1105/8/24/190/877 | wake n=3748 avg=341us hist=0/1279/667/857/945 | owner_calls=3748 skipped=16 owner_us=105 max=1735us slow=470 | tx_submit=788 tx_done=784 rx_done=2612 | ready 0/1/2-3/4+=3714/33/1/0 | irq=3475 | park xfer=833us handoff=490us n=953
[ 64.439444 0:4294967307 aic8800::device::probe:394] [wifi-probe] tx_writes=265 dt=2000ms period_avg=7608us max=87432us hist=123/7/5/21/109 | write n=265 avg=190us min=114us max=1551us bytes=135680 calls=1.87 | size blk 1/2/3/4-6/7-9/10+ n=265/0/0/0/0/0 avg=190/0/0/0/0/0us | credit n=9 min=72 max=132 avgx10=1113 backoff=0 avg=0us | gap rx0 n=180 avg=820us | rx1 n=0 avg=0us | rx2+ n=85 avg=21389us | supply core n=137 avg=339us | ring n=1 avg=3380us | none n=127 avg=15085us | scans=87 deferred=0 tx_ready=3 | steps=5709 per_tx_write=21.5 owner_calls=3751
[ 64.439511 0:4294967307 aic8800::device::probe:465] [wifi-probe-rx] reads=1929 data_reads=921 avg=1061us min=118us max=2719us bytes=4496896 items=2616 data_frames=2614 data_confirmations=0 control_confirmations=2 control_indications=0 prints=0 | size <=512 n=2 avg=123us | <=2k n=183 avg=766us | <=8k n=699 avg=1109us | >8k n=37 avg=1671us | control n=1008 avg=256us min=0us max=2005us | credit n=9 avg=78us | other n=4 avg=96us | rdif_at_write 0/1/2-3/4+=260/5/0/0 | queue_at_arrival=127/71/116/475
[ 64.578189 0:4294967307 aic8800::device::mailbox:303] [wifi-sta-info] width=20MHz format=he-su mcs=2 nss=1 sgi=0 retries=2 rssi=-28dBm txfailed=0 ackok=5971 ackfail=3724
[  5]  19.00-20.00  sec  2.50 MBytes  21.0 Mbits/sec                  
[  5]  20.00-21.00  sec  3.25 MBytes  27.3 Mbits/sec                  
[ 66.441278 0:4294967307 ax_net::queue_runtime::executor::probe:194] [netprobe] dt=2002ms iters=3826 polls=2878 poll_us=21 waits=1899 wait_us=807 yields=0 | wait_kind notify=1897@800us deadline=2@7040us hist=952/4/12/141/790 | wake n=2854 avg=425us hist=0/877/373/667/937 | owner_calls=2854 skipped=24 owner_us=131 max=1907us slow=466 | tx_submit=611 tx_done=616 rx_done=4187 | ready 0/1/2-3/4+=2824/29/1/0 | irq=2377 | park xfer=1555us handoff=313us n=628
[ 66.441403 0:4294967307 aic8800::device::probe:394] [wifi-probe] tx_writes=233 dt=2001ms period_avg=8558us max=63023us hist=75/6/10/21/121 | write n=233 avg=235us min=114us max=1828us bytes=119296 calls=1.79 | size blk 1/2/3/4-6/7-9/10+ n=233/0/0/0/0/0 avg=235/0/0/0/0/0us | credit n=5 min=110 max=132 avgx10=1252 backoff=0 avg=0us | gap rx0 n=141 avg=951us | rx1 n=0 avg=0us | rx2+ n=92 avg=19622us | supply core n=86 avg=307us | ring n=2 avg=7876us | none n=145 avg=13084us | scans=95 deferred=0 tx_ready=2 | steps=6519 per_tx_write=27.9 owner_calls=2850
[ 66.441470 0:4294967307 aic8800::device::probe:465] [wifi-probe-rx] reads=1233 data_reads=569 avg=1542us min=116us max=4654us bytes=6870016 items=4187 data_frames=4185 data_confirmations=0 control_confirmations=2 control_indications=0 prints=0 | size <=512 n=2 avg=122us | <=2k n=77 avg=668us | <=8k n=225 avg=1063us | >8k n=265 avg=2214us | control n=664 avg=289us min=0us max=1989us | credit n=5 avg=73us | other n=4 avg=97us | rdif_at_write 0/1/2-3/4+=222/11/0/0 | queue_at_arrival=147/82/123/258
[  5]  21.00-22.00  sec  1.75 MBytes  14.7 Mbits/sec                  
[ 67.580174 0:4294967307 aic8800::device::mailbox:303] [wifi-sta-info] width=20MHz format=non-ht mcs=2 nss=1 sgi=0 retries=2 rssi=-28dBm txfailed=0 ackok=6914 ackfail=4619
[  5]  22.00-23.00  sec  1.12 MBytes  9.44 Mbits/sec                  
[ 68.441290 0:4294967307 ax_net::queue_runtime::executor::probe:194] [netprobe] dt=2000ms iters=4146 polls=3207 poll_us=16 waits=1881 wait_us=848 yields=0 | wait_kind notify=1880@836us deadline=1@24934us hist=943/1/16/149/772 | wake n=3193 avg=335us hist=0/1092/577/776/748 | owner_calls=3193 skipped=14 owner_us=97 max=2298us slow=327 | tx_submit=633 tx_done=630 rx_done=1915 | ready 0/1/2-3/4+=3170/23/0/0 | irq=2990 | park xfer=1189us handoff=472us n=829
[ 68.441437 0:4294967307 aic8800::device::probe:394] [wifi-probe] tx_writes=240 dt=2000ms period_avg=8286us max=78906us hist=87/3/5/26/119 | write n=240 avg=193us min=115us max=2330us bytes=122880 calls=1.88 | size blk 1/2/3/4-6/7-9/10+ n=240/0/0/0/0/0 avg=193/0/0/0/0/0us | credit n=7 min=103 max=132 avgx10=1182 backoff=0 avg=0us | gap rx0 n=144 avg=1100us | rx1 n=0 avg=0us | rx2+ n=96 avg=18583us | supply core n=96 avg=518us | ring n=2 avg=146us | none n=142 avg=13325us | scans=101 deferred=0 tx_ready=4 | steps=4609 per_tx_write=19.2 owner_calls=3193
[ 68.441548 0:4294967307 aic8800::device::probe:465] [wifi-probe-rx] reads=1631 data_reads=765 avg=1005us min=118us max=2244us bytes=3334144 items=1917 data_frames=1915 data_confirmations=0 control_confirmations=2 control_indications=0 prints=0 | size <=512 n=2 avg=121us | <=2k n=206 avg=761us | <=8k n=541 avg=1090us | >8k n=16 avg=1383us | control n=866 avg=233us min=0us max=1463us | credit n=7 avg=67us | other n=4 avg=132us | rdif_at_write 0/1/2-3/4+=236/4/0/0 | queue_at_arrival=145/72/108/308
[ 68.585151 0:4294967307 aic8800::device::mailbox:303] [wifi-sta-info] width=20MHz format=non-ht mcs=3 nss=1 sgi=0 retries=2 rssi=-32dBm txfailed=0 ackok=7201 ackfail=4624
[  5]  23.00-24.00  sec  1.12 MBytes  9.44 Mbits/sec                  
[ 69.585818 0:4294967307 aic8800::device::mailbox:303] [wifi-sta-info] width=20MHz format=non-ht mcs=3 nss=1 sgi=0 retries=2 rssi=-31dBm txfailed=0 ackok=7449 ackfail=4626
[  5]  24.00-25.00  sec  1.38 MBytes  11.5 Mbits/sec                  
[ 70.441783 0:4294967307 ax_net::queue_runtime::executor::probe:194] [netprobe] dt=2000ms iters=3766 polls=2888 poll_us=17 waits=1757 wait_us=922 yields=0 | wait_kind notify=1755@908us deadline=2@13927us hist=881/4/22/182/668 | wake n=2871 avg=341us hist=0/948/519/708/696 | owner_calls=2871 skipped=17 owner_us=103 max=1532us slow=317 | tx_submit=523 tx_done=512 rx_done=1938 | ready 0/1/2-3/4+=2841/29/1/0 | irq=2672 | park xfer=1473us handoff=418us n=733
[ 70.441913 0:4294967307 aic8800::device::probe:394] [wifi-probe] tx_writes=229 dt=2000ms period_avg=8686us max=109350us hist=54/2/7/29/137 | write n=229 avg=194us min=113us max=1475us bytes=117248 calls=1.84 | size blk 1/2/3/4-6/7-9/10+ n=229/0/0/0/0/0 avg=194/0/0/0/0/0us | credit n=5 min=95 max=127 avgx10=1168 backoff=0 avg=0us | gap rx0 n=116 avg=1207us | rx1 n=0 avg=0us | rx2+ n=113 avg=15970us | supply core n=56 avg=288us | ring n=5 avg=94us | none n=168 avg=11477us | scans=118 deferred=0 tx_ready=4 | steps=4423 per_tx_write=19.3 owner_calls=2871
[ 70.441979 0:4294967307 aic8800::device::probe:465] [wifi-probe-rx] reads=1430 data_reads=656 avg=1029us min=117us max=2508us bytes=3329024 items=1940 data_frames=1938 data_confirmations=0 control_confirmations=2 control_indications=0 prints=0 | size <=512 n=2 avg=562us | <=2k n=200 avg=719us | <=8k n=367 avg=1088us | >8k n=87 avg=1506us | control n=774 avg=233us min=0us max=1983us | credit n=5 avg=89us | other n=4 avg=108us | rdif_at_write 0/1/2-3/4+=223/6/0/0 | queue_at_arrival=173/80/106/164
[ 70.595063 0:4294967307 aic8800::device::mailbox:303] [wifi-sta-info] width=20MHz format=he-su mcs=1 nss=1 sgi=0 retries=2 rssi=-31dBm txfailed=0 ackok=7722 ackfail=4676
[  5]  25.00-26.00  sec  2.38 MBytes  19.9 Mbits/sec                  
[ 71.603462 0:4294967307 aic8800::device::mailbox:303] [wifi-sta-info] width=20MHz format=he-su mcs=2 nss=1 sgi=0 retries=2 rssi=-32dBm txfailed=0 ackok=7969 ackfail=4853
[  5]  26.00-27.00  sec  2.75 MBytes  23.1 Mbits/sec                  
[ 72.441832 0:4294967307 ax_net::queue_runtime::executor::probe:194] [netprobe] dt=2000ms iters=3596 polls=2668 poll_us=21 waits=1864 wait_us=836 yields=0 | wait_kind notify=1863@836us deadline=1@1149us hist=935/3/17/138/771 | wake n=2648 avg=382us hist=0/774/343/678/853 | owner_calls=2648 skipped=20 owner_us=133 max=2567us slow=450 | tx_submit=491 tx_done=502 rx_done=3910 | ready 0/1/2-3/4+=2619/29/0/0 | irq=2227 | park xfer=1819us handoff=273us n=594
[ 72.441950 0:4294967307 aic8800::device::probe:394] [wifi-probe] tx_writes=203 dt=2000ms period_avg=9831us max=67815us hist=52/4/3/33/111 | write n=203 avg=208us min=115us max=1836us bytes=103936 calls=1.79 | size blk 1/2/3/4-6/7-9/10+ n=203/0/0/0/0/0 avg=208/0/0/0/0/0us | credit n=6 min=121 max=131 avgx10=1266 backoff=0 avg=0us | gap rx0 n=113 avg=822us | rx1 n=0 avg=0us | rx2+ n=90 avg=20671us | supply core n=59 avg=322us | ring n=3 avg=3842us | none n=141 avg=13637us | scans=94 deferred=0 tx_ready=4 | steps=6144 per_tx_write=30.2 owner_calls=2648
[ 72.442012 0:4294967307 aic8800::device::probe:465] [wifi-probe-rx] reads=1175 data_reads=541 avg=1481us min=125us max=5499us bytes=6426624 items=3912 data_frames=3910 data_confirmations=0 control_confirmations=2 control_indications=0 prints=0 | size <=512 n=2 avg=125us | <=2k n=80 avg=618us | <=8k n=172 avg=1003us | >8k n=287 avg=2017us | control n=634 avg=354us min=0us max=1606us | credit n=6 avg=107us | other n=4 avg=402us | rdif_at_write 0/1/2-3/4+=194/9/0/0 | queue_at_arrival=144/76/127/144
[ 72.604211 0:4294967307 aic8800::device::mailbox:303] [wifi-sta-info] width=20MHz format=non-ht mcs=3 nss=1 sgi=0 retries=2 rssi=-32dBm txfailed=0 ackok=8220 ackfail=5187
[  5]  27.00-28.00  sec  2.88 MBytes  24.1 Mbits/sec                  
[ 73.612450 0:4294967307 aic8800::device::mailbox:303] [wifi-sta-info] width=20MHz format=he-su mcs=2 nss=1 sgi=0 retries=2 rssi=-31dBm txfailed=0 ackok=8472 ackfail=5338
[  5]  28.00-29.00  sec  2.75 MBytes  23.1 Mbits/sec                  
[ 74.441954 0:4294967307 ax_net::queue_runtime::executor::probe:194] [netprobe] dt=2000ms iters=3735 polls=2778 poll_us=23 waits=1918 wait_us=804 yields=0 | wait_kind notify=1917@800us deadline=1@7658us hist=963/6/19/142/788 | wake n=2748 avg=389us hist=0/823/325/716/884 | owner_calls=2748 skipped=30 owner_us=128 max=2218us slow=446 | tx_submit=511 tx_done=513 rx_done=3966 | ready 0/1/2-3/4+=2722/26/0/0 | irq=2319 | park xfer=1680us handoff=279us n=615
[ 74.442085 0:4294967307 aic8800::device::probe:394] [wifi-probe] tx_writes=211 dt=2000ms period_avg=9634us max=115416us hist=51/5/9/32/114 | write n=211 avg=189us min=115us max=1859us bytes=108032 calls=1.81 | size blk 1/2/3/4-6/7-9/10+ n=211/0/0/0/0/0 avg=189/0/0/0/0/0us | credit n=6 min=114 max=132 avgx10=1235 backoff=0 avg=0us | gap rx0 n=114 avg=776us | rx1 n=0 avg=0us | rx2+ n=98 avg=19449us | supply core n=57 avg=743us | ring n=4 avg=110us | none n=151 avg=12925us | scans=101 deferred=0 tx_ready=4 | steps=6292 per_tx_write=29.8 owner_calls=2748
[ 74.442147 0:4294967307 aic8800::device::probe:465] [wifi-probe-rx] reads=1224 data_reads=561 avg=1453us min=118us max=5203us bytes=6520320 items=3968 data_frames=3966 data_confirmations=0 control_confirmations=2 control_indications=0 prints=0 | size <=512 n=2 avg=152us | <=2k n=84 avg=637us | <=8k n=177 avg=980us | >8k n=298 avg=1972us | control n=663 avg=351us min=0us max=2554us | credit n=6 avg=102us | other n=4 avg=92us | rdif_at_write 0/1/2-3/4+=207/4/0/0 | queue_at_arrival=154/82/127/148
[ 74.623929 0:4294967307 aic8800::device::mailbox:303] [wifi-sta-info] width=20MHz format=he-su mcs=1 nss=1 sgi=0 retries=2 rssi=-31dBm txfailed=0 ackok=8736 ackfail=5452
[  5]  29.00-30.00  sec  2.50 MBytes  21.0 Mbits/sec                  
[ 75.624440 0:4294967307 aic8800::device::mailbox:303] [wifi-sta-info] width=20MHz format=he-su mcs=2 nss=1 sgi=0 retries=2 rssi=-33dBm txfailed=0 ackok=8957 ackfail=5628
[  5]  30.00-31.00  sec  2.25 MBytes  18.9 Mbits/sec                  
[ 76.442381 0:4294967307 ax_net::queue_runtime::executor::probe:194] [netprobe] dt=2000ms iters=3430 polls=2576 poll_us=23 waits=1713 wait_us=930 yields=0 | wait_kind notify=1713@930us deadline=0@0us hist=857/8/23/145/680 | wake n=2552 avg=356us hist=0/787/339/672/754 | owner_calls=2552 skipped=24 owner_us=122 max=1773us slow=423 | tx_submit=477 tx_done=478 rx_done=3123 | ready 0/1/2-3/4+=2526/26/0/0 | irq=2214 | park xfer=1960us handoff=311us n=586
[ 76.442530 0:4294967307 aic8800::device::probe:394] [wifi-probe] tx_writes=197 dt=2000ms period_avg=10105us max=88687us hist=53/6/5/28/105 | write n=197 avg=194us min=115us max=1512us bytes=100864 calls=1.78 | size blk 1/2/3/4-6/7-9/10+ n=197/0/0/0/0/0 avg=194/0/0/0/0/0us | credit n=5 min=94 max=131 avgx10=1172 backoff=0 avg=0us | gap rx0 n=118 avg=900us | rx1 n=0 avg=0us | rx2+ n=78 avg=23649us | supply core n=57 avg=175us | ring n=3 avg=98us | none n=136 avg=14269us | scans=81 deferred=0 tx_ready=3 | steps=5278 per_tx_write=26.7 owner_calls=2552
[ 76.442593 0:4294967307 aic8800::device::probe:465] [wifi-probe-rx] reads=1179 data_reads=549 avg=1311us min=122us max=3186us bytes=5163520 items=3125 data_frames=3123 data_confirmations=0 control_confirmations=2 control_indications=0 prints=0 | size <=512 n=2 avg=150us | <=2k n=88 avg=556us | <=8k n=209 avg=1123us | >8k n=250 avg=1744us | control n=630 avg=331us min=0us max=1644us | credit n=5 avg=101us | other n=4 avg=101us | rdif_at_write 0/1/2-3/4+=191/6/0/0 | queue_at_arrival=139/71/113/154
[ 76.630588 0:4294967307 aic8800::device::mailbox:303] [wifi-sta-info] width=20MHz format=non-ht mcs=3 nss=1 sgi=0 retries=2 rssi=-33dBm txfailed=0 ackok=9189 ackfail=5729
[  5]  31.00-32.00  sec  2.00 MBytes  16.8 Mbits/sec                  
[ 77.631254 0:4294967307 aic8800::device::mailbox:303] [wifi-sta-info] width=20MHz format=non-ht mcs=3 nss=1 sgi=0 retries=2 rssi=-34dBm txfailed=0 ackok=9452 ackfail=5736
[  5]  32.00-33.00  sec  2.88 MBytes  24.1 Mbits/sec                  
[ 78.453719 0:4294967307 ax_net::queue_runtime::executor::probe:194] [netprobe] dt=2011ms iters=3592 polls=2684 poll_us=21 waits=1821 wait_us=873 yields=0 | wait_kind notify=1819@856us deadline=2@16209us hist=915/5/19/126/756 | wake n=2669 avg=409us hist=0/833/345/636/855 | owner_calls=2669 skipped=15 owner_us=124 max=1902us slow=419 | tx_submit=489 tx_done=489 rx_done=3517 | ready 0/1/2-3/4+=2647/21/1/0 | irq=2237 | park xfer=1738us handoff=313us n=589
[ 78.453846 0:4294967307 aic8800::device::probe:394] [wifi-probe] tx_writes=204 dt=2011ms period_avg=9816us max=81136us hist=48/4/7/27/118 | write n=204 avg=191us min=114us max=1555us bytes=104448 calls=1.86 | size blk 1/2/3/4-6/7-9/10+ n=204/0/0/0/0/0 avg=191/0/0/0/0/0us | credit n=6 min=98 max=125 avgx10=1123 backoff=0 avg=0us | gap rx0 n=117 avg=1270us | rx1 n=0 avg=0us | rx2+ n=87 avg=20861us | supply core n=55 avg=267us | ring n=2 avg=3975us | none n=147 avg=13203us | scans=90 deferred=0 tx_ready=3 | steps=5786 per_tx_write=28.3 owner_calls=2669
[ 78.453911 0:4294967307 aic8800::device::probe:465] [wifi-probe-rx] reads=1182 data_reads=546 avg=1405us min=124us max=3396us bytes=5799424 items=3519 data_frames=3517 data_confirmations=0 control_confirmations=2 control_indications=0 prints=0 | size <=512 n=1 avg=124us | <=2k n=106 avg=649us | <=8k n=196 avg=1042us | >8k n=243 avg=2032us | control n=636 avg=329us min=0us max=2000us | credit n=6 avg=87us | other n=4 avg=345us | rdif_at_write 0/1/2-3/4+=199/5/0/0 | queue_at_arrival=149/77/119/144
[ 78.638501 0:4294967307 aic8800::device::mailbox:303] [wifi-sta-info] width=20MHz format=he-su mcs=2 nss=1 sgi=0 retries=2 rssi=-34dBm txfailed=0 ackok=9697 ackfail=5744
[  5]  33.00-34.00  sec  1.38 MBytes  11.5 Mbits/sec                  
[ 79.660913 0:4294967307 aic8800::device::mailbox:303] [wifi-sta-info] width=20MHz format=he-su mcs=1 nss=1 sgi=0 retries=2 rssi=-32dBm txfailed=0 ackok=10131 ackfail=5979
[  5]  34.00-35.00  sec  1.75 MBytes  14.7 Mbits/sec                  
[ 80.507714 0:4294967307 ax_net::queue_runtime::executor::probe:194] [netprobe] dt=2053ms iters=5152 polls=4007 poll_us=15 waits=2294 wait_us=678 yields=0 | wait_kind notify=2293@678us deadline=1@686us hist=1154/6/22/170/942 | wake n=3998 avg=320us hist=0/1390/713/911/984 | owner_calls=3998 skipped=9 owner_us=98 max=2096us slow=367 | tx_submit=831 tx_done=831 rx_done=2251 | ready 0/1/2-3/4+=3962/34/1/1 | irq=3769 | park xfer=796us handoff=539us n=1056
[ 80.507840 0:4294967307 aic8800::device::probe:394] [wifi-probe] tx_writes=271 dt=2053ms period_avg=7384us max=82787us hist=139/7/2/23/100 | write n=271 avg=197us min=109us max=2115us bytes=138752 calls=1.90 | size blk 1/2/3/4-6/7-9/10+ n=271/0/0/0/0/0 avg=197/0/0/0/0/0us | credit n=11 min=69 max=132 avgx10=937 backoff=0 avg=0us | gap rx0 n=191 avg=679us | rx1 n=0 avg=0us | rx2+ n=80 avg=22720us | supply core n=156 avg=619us | ring n=2 avg=55us | none n=113 avg=16378us | scans=84 deferred=0 tx_ready=7 | steps=5586 per_tx_write=20.6 owner_calls=3998
[ 80.507906 0:4294967307 aic8800::device::probe:465] [wifi-probe-rx] reads=2112 data_reads=1014 avg=1017us min=131us max=2311us bytes=3976192 items=2253 data_frames=2251 data_confirmations=0 control_confirmations=2 control_indications=0 prints=0 | size <=512 n=2 avg=132us | <=2k n=236 avg=893us | <=8k n=776 avg=1057us | >8k n=0 avg=0us | control n=1098 avg=227us min=0us max=1814us | credit n=11 avg=83us | other n=4 avg=448us | rdif_at_write 0/1/2-3/4+=264/5/1/1 | queue_at_arrival=115/72/120/524
[ 80.662018 0:4294967307 aic8800::device::mailbox:303] [wifi-sta-info] width=20MHz format=non-ht mcs=3 nss=1 sgi=0 retries=2 rssi=-34dBm txfailed=0 ackok=10500 ackfail=6312
[  5]  35.00-36.00  sec  1.12 MBytes  9.43 Mbits/sec                  
[  5]  36.00-37.00  sec  1.12 MBytes  9.45 Mbits/sec                  
[ 82.508433 0:4294967307 ax_net::queue_runtime::executor::probe:194] [netprobe] dt=2000ms iters=3603 polls=2796 poll_us=17 waits=1613 wait_us=1013 yields=0 | wait_kind notify=1611@1014us deadline=2@608us hist=808/2/21/144/638 | wake n=2788 avg=320us hist=0/936/533/674/645 | owner_calls=2788 skipped=8 owner_us=102 max=1953us slow=278 | tx_submit=534 tx_done=531 rx_done=1555 | ready 0/1/2-3/4+=2763/24/0/1 | irq=2643 | park xfer=1603us handoff=478us n=722
[ 82.508561 0:4294967307 aic8800::device::probe:394] [wifi-probe] tx_writes=208 dt=2000ms period_avg=9938us max=131687us hist=67/5/1/25/110 | write n=208 avg=195us min=115us max=1975us bytes=106496 calls=1.87 | size blk 1/2/3/4-6/7-9/10+ n=208/0/0/0/0/0 avg=195/0/0/0/0/0us | credit n=6 min=68 max=125 avgx10=876 backoff=0 avg=0us | gap rx0 n=119 avg=991us | rx1 n=0 avg=0us | rx2+ n=89 avg=21444us | supply core n=76 avg=181us | ring n=1 avg=1028us | none n=131 avg=15356us | scans=95 deferred=0 tx_ready=3 | steps=3942 per_tx_write=18.9 owner_calls=2788
[ 82.508625 0:4294967307 aic8800::device::probe:465] [wifi-probe-rx] reads=1445 data_reads=675 avg=985us min=116us max=2865us bytes=2735616 items=1557 data_frames=1555 data_confirmations=0 control_confirmations=2 control_indications=0 prints=0 | size <=512 n=2 avg=122us | <=2k n=194 avg=785us | <=8k n=467 avg=1060us | >8k n=12 avg=1431us | control n=770 avg=222us min=0us max=1311us | credit n=6 avg=260us | other n=4 avg=106us | rdif_at_write 0/1/2-3/4+=204/3/0/1 | queue_at_arrival=133/66/91/244
[ 82.676635 0:4294967307 aic8800::device::mailbox:303] [wifi-sta-info] width=20MHz format=he-su mcs=3 nss=1 sgi=0 retries=2 rssi=-34dBm txfailed=0 ackok=11082 ackfail=6543
[  5]  37.00-38.00  sec  1.38 MBytes  11.5 Mbits/sec                  
[ 83.690200 0:4294967307 aic8800::device::mailbox:303] [wifi-sta-info] width=20MHz format=non-ht mcs=3 nss=1 sgi=0 retries=2 rssi=-32dBm txfailed=0 ackok=11542 ackfail=7101
[  5]  38.00-39.00  sec  1.62 MBytes  13.6 Mbits/sec                  
[ 84.509238 0:4294967307 ax_net::queue_runtime::executor::probe:194] [netprobe] dt=2000ms iters=4974 polls=3874 poll_us=16 waits=2203 wait_us=689 yields=0 | wait_kind notify=2201@688us deadline=2@1334us hist=1100/9/14/174/906 | wake n=3868 avg=319us hist=0/1328/700/895/945 | owner_calls=3868 skipped=6 owner_us=97 max=1764us slow=374 | tx_submit=812 tx_done=804 rx_done=2266 | ready 0/1/2-3/4+=3840/27/0/1 | irq=3628 | park xfer=829us handoff=549us n=1003
[ 84.509409 0:4294967307 aic8800::device::probe:394] [wifi-probe] tx_writes=265 dt=2000ms period_avg=7446us max=67320us hist=137/8/3/23/94 | write n=265 avg=184us min=114us max=1784us bytes=135680 calls=1.92 | size blk 1/2/3/4-6/7-9/10+ n=265/0/0/0/0/0 avg=184/0/0/0/0/0us | credit n=10 min=74 max=132 avgx10=973 backoff=0 avg=0us | gap rx0 n=191 avg=557us | rx1 n=0 avg=0us | rx2+ n=74 avg=24568us | supply core n=156 avg=773us | ring n=0 avg=0us | none n=109 avg=16549us | scans=79 deferred=0 tx_ready=9 | steps=5478 per_tx_write=20.6 owner_calls=3868
[ 84.509474 0:4294967307 aic8800::device::probe:465] [wifi-probe-rx] reads=2029 data_reads=975 avg=1044us min=137us max=2530us bytes=3980288 items=2270 data_frames=2268 data_confirmations=0 control_confirmations=2 control_indications=0 prints=0 | size <=512 n=4 avg=149us | <=2k n=216 avg=882us | <=8k n=749 avg=1092us | >8k n=6 avg=1466us | control n=1054 avg=231us min=0us max=1510us | credit n=10 avg=81us | other n=4 avg=91us | rdif_at_write 0/1/2-3/4+=262/1/1/1 | queue_at_arrival=109/63/109/531
[ 84.690876 0:4294967307 aic8800::device::mailbox:303] [wifi-sta-info] width=20MHz format=he-su mcs=1 nss=1 sgi=0 retries=2 rssi=-33dBm txfailed=0 ackok=11899 ackfail=7250
[  5]  39.00-40.00  sec  1.62 MBytes  13.6 Mbits/sec                  
[ 85.702337 0:4294967307 aic8800::device::mailbox:303] [wifi-sta-info] width=20MHz format=he-su mcs=0 nss=1 sgi=0 retries=2 rssi=-32dBm txfailed=0 ackok=12317 ackfail=7611
[  5]  40.00-41.00  sec  1.75 MBytes  14.7 Mbits/sec                  
[ 86.509396 0:4294967307 ax_net::queue_runtime::executor::probe:194] [netprobe] dt=2000ms iters=4681 polls=3653 poll_us=19 waits=2056 wait_us=740 yields=0 | wait_kind notify=2054@736us deadline=2@5232us hist=1029/3/18/130/876 | wake n=3634 avg=323us hist=0/1258/634/847/895 | owner_calls=3634 skipped=19 owner_us=101 max=1627us slow=407 | tx_submit=784 tx_done=789 rx_done=2337 | ready 0/1/2-3/4+=3612/21/0/1 | irq=3423 | park xfer=938us handoff=525us n=951
[ 86.509515 0:4294967307 aic8800::device::probe:394] [wifi-probe] tx_writes=247 dt=2000ms period_avg=8029us max=76453us hist=132/8/2/22/83 | write n=247 avg=193us min=114us max=1578us bytes=126464 calls=1.91 | size blk 1/2/3/4-6/7-9/10+ n=247/0/0/0/0/0 avg=193/0/0/0/0/0us | credit n=8 min=103 max=132 avgx10=1215 backoff=0 avg=0us | gap rx0 n=182 avg=599us | rx1 n=0 avg=0us | rx2+ n=65 avg=28100us | supply core n=150 avg=619us | ring n=3 avg=712us | none n=94 avg=19580us | scans=67 deferred=0 tx_ready=7 | steps=5320 per_tx_write=21.5 owner_calls=3634
[ 86.509621 0:4294967307 aic8800::device::probe:465] [wifi-probe-rx] reads=1923 data_reads=928 avg=1045us min=119us max=2466us bytes=4064256 items=2339 data_frames=2337 data_confirmations=0 control_confirmations=2 control_indications=0 prints=0 | size <=512 n=2 avg=121us | <=2k n=182 avg=836us | <=8k n=732 avg=1094us | >8k n=12 avg=1390us | control n=995 avg=254us min=0us max=1920us | credit n=8 avg=91us | other n=4 avg=91us | rdif_at_write 0/1/2-3/4+=242/4/0/1 | queue_at_arrival=97/56/108/523
[ 86.704631 0:4294967307 aic8800::device::mailbox:303] [wifi-sta-info] width=20MHz format=non-ht mcs=2 nss=1 sgi=0 retries=2 rssi=-34dBm txfailed=0 ackok=12641 ackfail=7769
[  5]  41.00-42.00  sec  1.25 MBytes  10.5 Mbits/sec                  
[ 87.716035 0:4294967307 aic8800::device::mailbox:303] [wifi-sta-info] width=20MHz format=he-su mcs=3 nss=1 sgi=1 retries=2 rssi=-34dBm txfailed=0 ackok=12999 ackfail=7921
[  5]  42.00-43.00  sec  1.50 MBytes  12.6 Mbits/sec                  
[ 88.510245 0:4294967307 ax_net::queue_runtime::executor::probe:194] [netprobe] dt=2000ms iters=4250 polls=3317 poll_us=18 waits=1866 wait_us=838 yields=0 | wait_kind notify=1865@838us deadline=1@978us hist=933/11/9/129/784 | wake n=3304 avg=322us hist=0/1142/580/768/814 | owner_calls=3304 skipped=13 owner_us=102 max=2159us slow=382 | tx_submit=715 tx_done=721 rx_done=2079 | ready 0/1/2-3/4+=3279/25/0/0 | irq=3105 | park xfer=1155us handoff=543us n=860
[ 88.510392 0:4294967307 aic8800::device::probe:394] [wifi-probe] tx_writes=224 dt=2000ms period_avg=8818us max=129126us hist=125/6/4/18/71 | write n=224 avg=181us min=113us max=2177us bytes=114688 calls=1.91 | size blk 1/2/3/4-6/7-9/10+ n=224/0/0/0/0/0 avg=181/0/0/0/0/0us | credit n=8 min=77 max=131 avgx10=1051 backoff=0 avg=0us | gap rx0 n=169 avg=580us | rx1 n=0 avg=0us | rx2+ n=55 avg=33393us | supply core n=139 avg=618us | ring n=1 avg=109us | none n=84 avg=22007us | scans=58 deferred=0 tx_ready=7 | steps=4788 per_tx_write=21.3 owner_calls=3304
[ 88.510962 0:4294967307 aic8800::device::probe:465] [wifi-probe-rx] reads=1742 data_reads=842 avg=1063us min=116us max=2473us bytes=3623936 items=2081 data_frames=2079 data_confirmations=0 control_confirmations=2 control_indications=0 prints=0 | size <=512 n=2 avg=122us | <=2k n=161 avg=911us | <=8k n=678 avg=1102us | >8k n=1 avg=1017us | control n=900 avg=247us min=0us max=1350us | credit n=8 avg=91us | other n=4 avg=96us | rdif_at_write 0/1/2-3/4+=221/2/1/0 | queue_at_arrival=84/50/86/495
[ 88.721726 0:4294967307 aic8800::device::mailbox:303] [wifi-sta-info] width=20MHz format=non-ht mcs=3 nss=1 sgi=0 retries=2 rssi=-32dBm txfailed=0 ackok=13387 ackfail=8344
[  5]  43.00-44.00  sec  1.50 MBytes  12.6 Mbits/sec                  
[ 89.722391 0:4294967307 aic8800::device::mailbox:303] [wifi-sta-info] width=20MHz format=he-su mcs=1 nss=1 sgi=0 retries=2 rssi=-32dBm txfailed=0 ackok=13782 ackfail=8629
[  5]  44.00-45.00  sec  1.62 MBytes  13.6 Mbits/sec                  
[ 90.510446 0:4294967307 ax_net::queue_runtime::executor::probe:194] [netprobe] dt=2000ms iters=4726 polls=3684 poll_us=18 waits=2087 wait_us=726 yields=0 | wait_kind notify=2085@719us deadline=2@7441us hist=1047/3/16/160/861 | wake n=3670 avg=331us hist=0/1274/637/853/906 | owner_calls=3670 skipped=14 owner_us=102 max=1922us slow=383 | tx_submit=785 tx_done=781 rx_done=2247 | ready 0/1/2-3/4+=3633/37/0/0 | irq=3447 | park xfer=893us handoff=536us n=949
[ 90.510576 0:4294967307 aic8800::device::probe:394] [wifi-probe] tx_writes=251 dt=2000ms period_avg=8034us max=88568us hist=127/9/0/30/85 | write n=251 avg=193us min=113us max=1961us bytes=128512 calls=1.89 | size blk 1/2/3/4-6/7-9/10+ n=251/0/0/0/0/0 avg=193/0/0/0/0/0us | credit n=9 min=79 max=130 avgx10=1111 backoff=0 avg=0us | gap rx0 n=184 avg=710us | rx1 n=0 avg=0us | rx2+ n=67 avg=27421us | supply core n=149 avg=739us | ring n=3 avg=3181us | none n=99 avg=18669us | scans=71 deferred=0 tx_ready=7 | steps=5278 per_tx_write=21.0 owner_calls=3670
[ 90.510641 0:4294967307 aic8800::device::probe:465] [wifi-probe-rx] reads=1931 data_reads=930 avg=1048us min=116us max=2466us bytes=3927040 items=2249 data_frames=2247 data_confirmations=0 control_confirmations=2 control_indications=0 prints=0 | size <=512 n=2 avg=116us | <=2k n=192 avg=877us | <=8k n=731 avg=1094us | >8k n=5 avg=1335us | control n=1001 avg=244us min=0us max=2009us | credit n=9 avg=76us | other n=4 avg=104us | rdif_at_write 0/1/2-3/4+=243/7/1/0 | queue_at_arrival=103/60/102/520
[ 90.723068 0:4294967307 aic8800::device::mailbox:303] [wifi-sta-info] width=20MHz format=non-ht mcs=3 nss=1 sgi=0 retries=2 rssi=-31dBm txfailed=0 ackok=14166 ackfail=8963
[  5]  45.00-46.00  sec  1.50 MBytes  12.6 Mbits/sec                  
[ 91.733071 0:4294967307 aic8800::device::mailbox:303] [wifi-sta-info] width=20MHz format=non-ht mcs=3 nss=1 sgi=0 retries=2 rssi=-33dBm txfailed=0 ackok=14462 ackfail=8968
[  5]  46.00-47.01  sec  2.50 MBytes  20.9 Mbits/sec                  
[ 92.511840 0:4294967307 ax_net::queue_runtime::executor::probe:194] [netprobe] dt=2001ms iters=3840 polls=2906 poll_us=19 waits=1870 wait_us=836 yields=0 | wait_kind notify=1868@836us deadline=2@848us hist=937/11/20/143/759 | wake n=2890 avg=351us hist=0/934/419/719/818 | owner_calls=2890 skipped=16 owner_us=119 max=2013us slow=449 | tx_submit=551 tx_done=555 rx_done=3051 | ready 0/1/2-3/4+=2854/36/0/0 | irq=2554 | park xfer=1542us handoff=375us n=685
[ 92.511983 0:4294967307 aic8800::device::probe:394] [wifi-probe] tx_writes=225 dt=2001ms period_avg=9154us max=109764us hist=72/1/8/33/111 | write n=225 avg=177us min=115us max=1765us bytes=115200 calls=1.84 | size blk 1/2/3/4-6/7-9/10+ n=225/0/0/0/0/0 avg=177/0/0/0/0/0us | credit n=6 min=87 max=127 avgx10=1030 backoff=0 avg=0us | gap rx0 n=137 avg=871us | rx1 n=0 avg=0us | rx2+ n=88 avg=21594us | supply core n=74 avg=141us | ring n=1 avg=48us | none n=150 avg=13394us | scans=92 deferred=0 tx_ready=2 | steps=5489 per_tx_write=24.3 owner_calls=2891
[ 92.512092 0:4294967307 aic8800::device::probe:465] [wifi-probe-rx] reads=1366 data_reads=637 avg=1250us min=117us max=3767us bytes=5087232 items=3053 data_frames=3051 data_confirmations=0 control_confirmations=2 control_indications=0 prints=0 | size <=512 n=2 avg=146us | <=2k n=115 avg=682us | <=8k n=322 avg=1103us | >8k n=198 avg=1830us | control n=729 avg=300us min=0us max=2120us | credit n=6 avg=79us | other n=4 avg=91us | rdif_at_write 0/1/2-3/4+=222/3/0/0 | queue_at_arrival=150/78/108/215
[ 92.733765 0:4294967307 aic8800::device::mailbox:303] [wifi-sta-info] width=20MHz format=non-ht mcs=3 nss=1 sgi=0 retries=2 rssi=-32dBm txfailed=0 ackok=14726 ackfail=9004
[  5]  47.01-48.00  sec  2.50 MBytes  21.1 Mbits/sec                  
[  5]  48.00-49.00  sec  2.50 MBytes  21.0 Mbits/sec                  
[ 94.511908 0:4294967307 ax_net::queue_runtime::executor::probe:194] [netprobe] dt=2000ms iters=3810 polls=2849 poll_us=20 waits=1927 wait_us=801 yields=0 | wait_kind notify=1925@789us deadline=2@12341us hist=964/9/22/147/785 | wake n=2830 avg=372us hist=0/848/387/734/861 | owner_calls=2830 skipped=19 owner_us=128 max=2809us slow=497 | tx_submit=529 tx_done=528 rx_done=3753 | ready 0/1/2-3/4+=2801/29/0/0 | irq=2441 | park xfer=1601us handoff=285us n=639
[ 94.512029 0:4294967307 aic8800::device::probe:394] [wifi-probe] tx_writes=219 dt=2000ms period_avg=9132us max=53186us hist=53/6/4/28/128 | write n=219 avg=198us min=116us max=1974us bytes=112128 calls=1.78 | size blk 1/2/3/4-6/7-9/10+ n=219/0/0/0/0/0 avg=198/0/0/0/0/0us | credit n=6 min=102 max=131 avgx10=1186 backoff=0 avg=0us | gap rx0 n=126 avg=869us | rx1 n=0 avg=0us | rx2+ n=94 avg=19664us | supply core n=61 avg=261us | ring n=3 avg=4937us | none n=156 avg=12354us | scans=96 deferred=0 tx_ready=2 | steps=6137 per_tx_write=28.0 owner_calls=2829
[ 94.512090 0:4294967307 aic8800::device::probe:465] [wifi-probe-rx] reads=1294 data_reads=599 avg=1346us min=124us max=3372us bytes=6187520 items=3755 data_frames=3753 data_confirmations=0 control_confirmations=2 control_indications=0 prints=0 | size <=512 n=2 avg=146us | <=2k n=88 avg=529us | <=8k n=203 avg=1024us | >8k n=306 avg=1802us | control n=695 avg=349us min=0us max=1963us | credit n=6 avg=69us | other n=4 avg=105us | rdif_at_write 0/1/2-3/4+=213/6/0/0 | queue_at_arrival=159/80/126/164
[  5]  49.00-50.00  sec  3.00 MBytes  25.1 Mbits/sec                  
[ 95.757739 0:4294967307 aic8800::device::mailbox:303] [wifi-sta-info] width=20MHz format=he-su mcs=3 nss=1 sgi=0 retries=2 rssi=-31dBm txfailed=0 ackok=15525 ackfail=9294
[  5]  50.00-51.00  sec  2.38 MBytes  19.9 Mbits/sec                  
[ 96.526554 0:4294967307 ax_net::queue_runtime::executor::probe:194] [netprobe] dt=2014ms iters=3777 polls=2825 poll_us=21 waits=1912 wait_us=815 yields=0 | wait_kind notify=1911@799us deadline=1@30560us hist=961/9/19/145/778 | wake n=2804 avg=379us hist=0/866/368/717/853 | owner_calls=2804 skipped=21 owner_us=129 max=1814us slow=507 | tx_submit=534 tx_done=535 rx_done=3769 | ready 0/1/2-3/4+=2767/37/0/0 | irq=2415 | park xfer=1585us handoff=301us n=650
[ 96.526681 0:4294967307 aic8800::device::probe:394] [wifi-probe] tx_writes=213 dt=2014ms period_avg=9353us max=74866us hist=60/3/5/28/117 | write n=213 avg=202us min=114us max=1973us bytes=109056 calls=1.80 | size blk 1/2/3/4-6/7-9/10+ n=213/0/0/0/0/0 avg=202/0/0/0/0/0us | credit n=6 min=105 max=127 avgx10=1165 backoff=0 avg=0us | gap rx0 n=123 avg=868us | rx1 n=0 avg=0us | rx2+ n=89 avg=20683us | supply core n=68 avg=768us | ring n=3 avg=71us | none n=141 avg=13440us | scans=92 deferred=0 tx_ready=6 | steps=6123 per_tx_write=28.7 owner_calls=2804
[ 96.526746 0:4294967307 aic8800::device::probe:465] [wifi-probe-rx] reads=1288 data_reads=598 avg=1381us min=117us max=3742us bytes=6210048 items=3771 data_frames=3769 data_confirmations=0 control_confirmations=2 control_indications=0 prints=0 | size <=512 n=2 avg=122us | <=2k n=91 avg=607us | <=8k n=221 avg=1083us | >8k n=284 avg=1869us | control n=690 avg=338us min=0us max=2340us | credit n=6 avg=70us | other n=4 avg=100us | rdif_at_write 0/1/2-3/4+=207/6/0/0 | queue_at_arrival=144/77/127/186
[ 96.760590 0:4294967307 aic8800::device::mailbox:303] [wifi-sta-info] width=20MHz format=non-ht mcs=3 nss=1 sgi=0 retries=2 rssi=-32dBm txfailed=0 ackok=15767 ackfail=9484
[  5]  51.00-52.00  sec  1.62 MBytes  13.6 Mbits/sec                  
[  5]  52.00-53.00  sec  1.50 MBytes  12.6 Mbits/sec                  
[ 98.542018 0:4294967307 ax_net::queue_runtime::executor::probe:194] [netprobe] dt=2015ms iters=3559 polls=2731 poll_us=17 waits=1657 wait_us=993 yields=0 | wait_kind notify=1655@967us deadline=2@22371us hist=831/5/28/146/647 | wake n=2718 avg=360us hist=0/892/452/709/665 | owner_calls=2718 skipped=13 owner_us=106 max=2061us slow=320 | tx_submit=514 tx_done=514 rx_done=1938 | ready 0/1/2-3/4+=2687/31/0/0 | irq=2492 | park xfer=1614us handoff=427us n=677
[ 98.542142 0:4294967307 aic8800::device::probe:394] [wifi-probe] tx_writes=209 dt=2015ms period_avg=9398us max=72701us hist=61/2/5/25/116 | write n=209 avg=205us min=115us max=2081us bytes=107008 calls=1.86 | size blk 1/2/3/4-6/7-9/10+ n=209/0/0/0/0/0 avg=205/0/0/0/0/0us | credit n=6 min=80 max=127 avgx10=1140 backoff=0 avg=0us | gap rx0 n=120 avg=1284us | rx1 n=0 avg=0us | rx2+ n=89 avg=19857us | supply core n=64 avg=255us | ring n=5 avg=77us | none n=140 avg=13604us | scans=92 deferred=0 tx_ready=3 | steps=4263 per_tx_write=20.3 owner_calls=2718
[ 98.542207 0:4294967307 aic8800::device::probe:465] [wifi-probe-rx] reads=1344 data_reads=626 avg=1042us min=116us max=2659us bytes=3313152 items=1940 data_frames=1938 data_confirmations=0 control_confirmations=2 control_indications=0 prints=0 | size <=512 n=1 avg=116us | <=2k n=158 avg=706us | <=8k n=393 avg=1095us | >8k n=74 avg=1489us | control n=718 avg=255us min=0us max=1854us | credit n=6 avg=101us | other n=4 avg=91us | rdif_at_write 0/1/2-3/4+=202/7/0/0 | queue_at_arrival=145/71/106/192
[ 98.762052 0:4294967307 aic8800::device::mailbox:303] [wifi-sta-info] width=20MHz format=non-ht mcs=3 nss=1 sgi=0 retries=2 rssi=-34dBm txfailed=0 ackok=16292 ackfail=9493
[  5]  53.00-54.00  sec  1.62 MBytes  13.6 Mbits/sec                  
[ 99.800293 0:4294967307 aic8800::device::mailbox:303] [wifi-sta-info] width=20MHz format=he-su mcs=2 nss=1 sgi=0 retries=2 rssi=-32dBm txfailed=0 ackok=16632 ackfail=9724
[  5]  54.00-55.00  sec  1.25 MBytes  10.5 Mbits/sec                  
[100.542042 0:4294967307 ax_net::queue_runtime::executor::probe:194] [netprobe] dt=2000ms iters=3995 polls=3097 poll_us=17 waits=1799 wait_us=881 yields=0 | wait_kind notify=1797@876us deadline=2@5201us hist=898/8/18/143/732 | wake n=3078 avg=356us hist=0/1062/493/746/777 | owner_calls=3078 skipped=19 owner_us=106 max=1841us slow=373 | tx_submit=643 tx_done=643 rx_done=2144 | ready 0/1/2-3/4+=3047/30/1/0 | irq=2855 | park xfer=1244us handoff=501us n=784
[100.542161 0:4294967307 aic8800::device::probe:394] [wifi-probe] tx_writes=219 dt=2000ms period_avg=9368us max=117428us hist=109/2/4/14/90 | write n=219 avg=171us min=115us max=1822us bytes=112128 calls=1.89 | size blk 1/2/3/4-6/7-9/10+ n=219/0/0/0/0/0 avg=171/0/0/0/0/0us | credit n=7 min=82 max=132 avgx10=1115 backoff=0 avg=0us | gap rx0 n=157 avg=1173us | rx1 n=0 avg=0us | rx2+ n=62 avg=29515us | supply core n=119 avg=503us | ring n=1 avg=64us | none n=99 avg=19738us | scans=66 deferred=0 tx_ready=5 | steps=4707 per_tx_write=21.4 owner_calls=3078
[100.542222 0:4294967307 aic8800::device::probe:465] [wifi-probe-rx] reads=1580 data_reads=757 avg=1072us min=117us max=2372us bytes=3691008 items=2146 data_frames=2144 data_confirmations=0 control_confirmations=2 control_indications=0 prints=0 | size <=512 n=2 avg=130us | <=2k n=156 avg=867us | <=8k n=528 avg=1088us | >8k n=71 avg=1425us | control n=823 avg=255us min=0us max=1520us | credit n=7 avg=74us | other n=4 avg=320us | rdif_at_write 0/1/2-3/4+=216/3/0/0 | queue_at_arrival=100/52/90/401
[100.824592 0:4294967307 aic8800::device::mailbox:303] [wifi-sta-info] width=20MHz format=non-ht mcs=3 nss=1 sgi=0 retries=2 rssi=-32dBm txfailed=0 ackok=16931 ackfail=9820
[  5]  55.00-56.00  sec  1.12 MBytes  9.43 Mbits/sec                  
[  5]  56.00-57.00  sec  1.12 MBytes  9.44 Mbits/sec                  
[102.542288 0:4294967307 ax_net::queue_runtime::executor::probe:194] [netprobe] dt=2000ms iters=3858 polls=2991 poll_us=16 waits=1733 wait_us=943 yields=0 | wait_kind notify=1732@878us deadline=1@112626us hist=866/5/14/167/681 | wake n=2986 avg=365us hist=0/1025/528/729/704 | owner_calls=2986 skipped=5 owner_us=94 max=1732us slow=267 | tx_submit=594 tx_done=586 rx_done=1634 | ready 0/1/2-3/4+=2967/19/0/0 | irq=2802 | park xfer=1227us handoff=522us n=781
[102.542413 0:4294967307 aic8800::device::probe:394] [wifi-probe] tx_writes=206 dt=2000ms period_avg=9791us max=136997us hist=90/5/3/15/93 | write n=206 avg=164us min=115us max=1055us bytes=105472 calls=1.93 | size blk 1/2/3/4-6/7-9/10+ n=206/0/0/0/0/0 avg=164/0/0/0/0/0us | credit n=6 min=62 max=127 avgx10=965 backoff=0 avg=0us | gap rx0 n=137 avg=1022us | rx1 n=0 avg=0us | rx2+ n=69 avg=26713us | supply core n=99 avg=353us | ring n=0 avg=0us | none n=107 avg=18208us | scans=73 deferred=0 tx_ready=4 | steps=4170 per_tx_write=20.2 owner_calls=2986
[102.542476 0:4294967307 aic8800::device::probe:465] [wifi-probe-rx] reads=1561 data_reads=744 avg=1006us min=116us max=1917us bytes=2889216 items=1636 data_frames=1634 data_confirmations=0 control_confirmations=2 control_indications=0 prints=0 | size <=512 n=2 avg=117us | <=2k n=211 avg=850us | <=8k n=531 avg=1072us | >8k n=0 avg=0us | control n=817 avg=224us min=0us max=1229us | credit n=6 avg=75us | other n=4 avg=94us | rdif_at_write 0/1/2-3/4+=205/1/0/0 | queue_at_arrival=107/55/85/347
[102.852576 0:4294967307 aic8800::device::mailbox:303] [wifi-sta-info] width=20MHz format=he-su mcs=1 nss=1 sgi=1 retries=2 rssi=-32dBm txfailed=0 ackok=17576 ackfail=9993
[  5]  57.00-58.00  sec  1.62 MBytes  13.6 Mbits/sec                  
[103.853244 0:4294967307 aic8800::device::mailbox:303] [wifi-sta-info] width=20MHz format=he-su mcs=2 nss=1 sgi=1 retries=2 rssi=-31dBm txfailed=0 ackok=17984 ackfail=10399
[  5]  58.00-59.00  sec  1.75 MBytes  14.7 Mbits/sec                  
[104.542315 0:4294967307 ax_net::queue_runtime::executor::probe:194] [netprobe] dt=2000ms iters=4747 polls=3693 poll_us=16 waits=2109 wait_us=719 yields=0 | wait_kind notify=2107@713us deadline=2@7648us hist=1059/6/23/145/876 | wake n=3685 avg=318us hist=0/1280/636/875/894 | owner_calls=3685 skipped=8 owner_us=102 max=1812us slow=407 | tx_submit=774 tx_done=773 rx_done=2410 | ready 0/1/2-3/4+=3658/27/0/0 | irq=3439 | park xfer=930us handoff=507us n=946
[104.542437 0:4294967307 aic8800::device::probe:394] [wifi-probe] tx_writes=262 dt=2000ms period_avg=7370us max=72443us hist=130/8/3/27/94 | write n=262 avg=191us min=113us max=1832us bytes=134144 calls=1.92 | size blk 1/2/3/4-6/7-9/10+ n=262/0/0/0/0/0 avg=191/0/0/0/0/0us | credit n=9 min=91 max=130 avgx10=1085 backoff=0 avg=0us | gap rx0 n=187 avg=580us | rx1 n=0 avg=0us | rx2+ n=75 avg=23630us | supply core n=144 avg=702us | ring n=3 avg=10768us | none n=115 avg=15194us | scans=80 deferred=0 tx_ready=6 | steps=5455 per_tx_write=20.8 owner_calls=3685
[104.542497 0:4294967307 aic8800::device::probe:465] [wifi-probe-rx] reads=1908 data_reads=914 avg=1052us min=116us max=2375us bytes=4175872 items=2412 data_frames=2410 data_confirmations=0 control_confirmations=2 control_indications=0 prints=0 | size <=512 n=2 avg=118us | <=2k n=193 avg=802us | <=8k n=680 avg=1103us | >8k n=39 avg=1444us | control n=994 avg=242us min=0us max=1450us | credit n=9 avg=69us | other n=4 avg=106us | rdif_at_write 0/1/2-3/4+=257/4/1/0 | queue_at_arrival=119/67/115/473
[104.853917 0:4294967307 aic8800::device::mailbox:303] [wifi-sta-info] width=20MHz format=non-ht mcs=3 nss=1 sgi=0 retries=2 rssi=-32dBm txfailed=0 ackok=18313 ackfail=10688
[  5]  59.00-60.00  sec  1.38 MBytes  11.5 Mbits/sec                  
[105.328260 0:4294967324 starry_kernel::task::ops:539] Task(4294967324, "iperf3") exit with code: 0
[  5]  60.00-60.08  sec   128 KBytes  13.6 Mbits/sec                  
- - - - - - - - - - - - - - - - - - - - - - - - -
[ ID] Interval           Transfer     Bitrate
[  5]   0.00-60.08  sec   112 MBytes  15.7 Mbits/sec                  receiver
-----------------------------------------------------------
Server listening on 5201 (test #2)
-----------------------------------------------------------
[105.854593 0:4294967307 aic8800::device::mailbox:303] [wifi-sta-info] width=20MHz format=he-su mcs=2 nss=1 sgi=0 retries=2 rssi=-31dBm txfailed=0 ackok=18562 ackfail=10931
[106.854815 0:4294967307 ax_net::queue_runtime::executor::probe:194] [netprobe] dt=2312ms iters=1832 polls=1421 poll_us=16 waits=827 wait_us=2560 yields=0 | wait_kind notify=824@1463us deadline=3@303804us hist=418/1/8/85/315 | wake n=1418 avg=603us hist=0/474/246/343/355 | owner_calls=1418 skipped=3 owner_us=110 max=1608us slow=204 | tx_submit=299 tx_done=308 rx_done=1026 | ready 0/1/2-3/4+=1396/22/0/0 | irq=1302 | park xfer=2868us handoff=460us n=345
[106.854932 0:4294967307 aic8800::device::probe:394] [wifi-probe] tx_writes=105 dt=2312ms period_avg=9388us max=89210us hist=43/5/4/9/44 | write n=105 avg=205us min=115us max=1908us bytes=53760 calls=1.90 | size blk 1/2/3/4-6/7-9/10+ n=105/0/0/0/0/0 avg=205/0/0/0/0/0us | credit n=4 min=91 max=130 avgx10=1067 backoff=0 avg=0us | gap rx0 n=73 avg=569us | rx1 n=0 avg=0us | rx2+ n=32 avg=28831us | supply core n=54 avg=339us | ring n=0 avg=0us | none n=51 avg=18546us | scans=36 deferred=0 tx_ready=3 | steps=2192 per_tx_write=20.8 owner_calls=1419
[106.854993 0:4294967307 aic8800::device::probe:465] [wifi-probe-rx] reads=710 data_reads=337 avg=1058us min=99us max=2265us bytes=1738752 items=1028 data_frames=1026 data_confirmations=0 control_confirmations=2 control_indications=0 prints=0 | size <=512 n=7 avg=131us | <=2k n=54 avg=785us | <=8k n=259 avg=1130us | >8k n=17 avg=1215us | control n=373 avg=247us min=0us max=1356us | credit n=4 avg=65us | other n=4 avg=97us | rdif_at_write 0/1/2-3/4+=102/3/0/0 | queue_at_arrival=50/28/47/174
[106.856013 0:4294967307 aic8800::device::mailbox:303] [wifi-sta-info] width=20MHz format=he-su mcs=2 nss=1 sgi=0 retries=2 rssi=-33dBm txfailed=0 ackok=18562 ackfail=10931
[107.856683 0:4294967307 aic8800::device::mailbox:303] [wifi-sta-info] width=20MHz format=he-su mcs=2 nss=1 sgi=0 retries=2 rssi=-34dBm txfailed=0 ackok=18562 ackfail=10931
[108.856905 0:4294967307 ax_net::queue_runtime::executor::probe:194] [netprobe] dt=2002ms iters=24 polls=20 poll_us=3 waits=9 wait_us=222219 yields=0 | wait_kind notify=7@1565us deadline=2@994509us hist=6/0/0/0/3 | wake n=20 avg=74544us hist=0/8/8/1/3 | owner_calls=20 skipped=0 owner_us=89 max=611us slow=1 | tx_submit=0 tx_done=0 rx_done=0 | ready 0/1/2-3/4+=20/0/0/0 | irq=21 | park xfer=3609us handoff=40us n=3
[108.857029 0:4294967307 aic8800::device::probe:394] [wifi-probe] tx_writes=0 dt=2002ms period_avg=0us max=0us hist=0/0/0/0/0 | write n=0 avg=0us min=18446744073709551us max=0us bytes=0 calls=0.0 | size blk 1/2/3/4-6/7-9/10+ n=0/0/0/0/0/0 avg=0/0/0/0/0/0us | credit n=0 min=0 max=0 avgx10=0 backoff=0 avg=0us | gap rx0 n=0 avg=0us | rx1 n=0 avg=0us | rx2+ n=0 avg=0us | supply core n=0 avg=0us | ring n=0 avg=0us | none n=0 avg=0us | scans=3 deferred=0 tx_ready=0 | steps=20 per_tx_write=20.0 owner_calls=20
[108.857090 0:4294967307 aic8800::device::probe:465] [wifi-probe-rx] reads=9 data_reads=3 avg=307us min=118us max=659us bytes=1536 items=3 data_frames=1 data_confirmations=0 control_confirmations=2 control_indications=0 prints=0 | size <=512 n=3 avg=307us | <=2k n=0 avg=0us | <=8k n=0 avg=0us | >8k n=0 avg=0us | control n=6 avg=37us min=0us max=78us | credit n=0 avg=0us | other n=4 avg=121us | rdif_at_write 0/1/2-3/4+=0/0/0/0 | queue_at_arrival=0/0/0/0
[108.857864 0:4294967307 aic8800::device::mailbox:303] [wifi-sta-info] width=20MHz format=he-su mcs=2 nss=1 sgi=0 retries=2 rssi=-32dBm txfailed=0 ackok=18562 ackfail=10931
[109.858526 0:4294967307 aic8800::device::mailbox:303] [wifi-sta-info] width=20MHz format=he-su mcs=2 nss=1 sgi=0 retries=2 rssi=-34dBm txfailed=0 ackok=18562 ackfail=10931
Accepted connection from 192.168.137.1, port 64021
[  5] local 192.168.137.82 port 5201 connected to 192.168.137.1 port 64022
[110.456453 0:8589934620 starry_kernel::task::user:83] Enter user space: ip=0x601524d0, sp=0x428af0
[110.858752 0:4294967307 ax_net::queue_runtime::executor::probe:194] [netprobe] dt=2001ms iters=331 polls=247 poll_us=17 waits=184 wait_us=10724 yields=0 | wait_kind notify=182@5271us deadline=2@506931us hist=101/0/5/20/58 | wake n=247 avg=8516us hist=0/72/53/54/68 | owner_calls=247 skipped=0 owner_us=87 max=1472us slow=32 | tx_submit=139 tx_done=139 rx_done=28 | ready 0/1/2-3/4+=247/0/0/0 | irq=193 | park xfer=15358us handoff=213us n=59
[110.858874 0:4294967307 aic8800::device::probe:394] [wifi-probe] tx_writes=45 dt=2001ms period_avg=119831us max=4922322us hist=0/2/8/19/16 | write n=45 avg=857us min=125us max=2126us bytes=204288 calls=2.6 | size blk 1/2/3/4-6/7-9/10+ n=8/0/3/3/2/29 avg=150/0/488/919/1017/1073us | credit n=2 min=89 max=127 avgx10=1080 backoff=0 avg=0us | gap rx0 n=30 avg=390us | rx1 n=0 avg=0us | rx2+ n=15 avg=356140us | supply core n=0 avg=0us | ring n=27 avg=115us | none n=18 avg=297261us | scans=19 deferred=0 tx_ready=0 | steps=275 per_tx_write=6.1 owner_calls=247
[110.858939 0:4294967307 aic8800::device::probe:465] [wifi-probe-rx] reads=57 data_reads=19 avg=160us min=116us max=344us bytes=11264 items=30 data_frames=28 data_confirmations=0 control_confirmations=2 control_indications=0 prints=0 | size <=512 n=17 avg=139us | <=2k n=2 avg=343us | <=8k n=0 avg=0us | >8k n=0 avg=0us | control n=38 avg=81us min=0us max=353us | credit n=2 avg=86us | other n=4 avg=124us | rdif_at_write 0/1/2-3/4+=18/3/1/23 | queue_at_arrival=45/34/60/0
[110.859490 0:4294967307 aic8800::device::mailbox:303] [wifi-sta-info] width=20MHz format=he-su mcs=3 nss=1 sgi=0 retries=2 rssi=-33dBm txfailed=0 ackok=18668 ackfail=10942
[ ID] Interval           Transfer     Bitrate         Retr  Cwnd
[  5]   0.00-1.00   sec   768 KBytes  6.28 Mbits/sec    0   0.00 Bytes       
[111.860162 0:4294967307 aic8800::device::mailbox:303] [wifi-sta-info] width=20MHz format=he-su mcs=3 nss=1 sgi=0 retries=2 rssi=-32dBm txfailed=0 ackok=19239 ackfail=11084
[  5]   1.00-2.00   sec   768 KBytes  6.29 Mbits/sec    0   0.00 Bytes       
[112.860384 0:4294967307 ax_net::queue_runtime::executor::probe:194] [netprobe] dt=2001ms iters=4504 polls=3230 poll_us=12 waits=2599 wait_us=665 yields=0 | wait_kind notify=1888@722us deadline=711@513us hist=1320/15/140/813/311 | wake n=3224 avg=292us hist=0/1163/394/531/1136 | owner_calls=3224 skipped=5 owner_us=62 max=2439us slow=256 | tx_submit=1141 tx_done=1141 rx_done=276 | ready 0/1/2-3/4+=3214/3/2/5 | irq=2074 | park xfer=2498us handoff=230us n=478
[112.860512 0:4294967307 aic8800::device::probe:394] [wifi-probe] tx_writes=415 dt=2001ms period_avg=4675us max=137106us hist=0/27/84/183/121 | write n=415 avg=825us min=145us max=4020us bytes=1747968 calls=2.19 | size blk 1/2/3/4-6/7-9/10+ n=1/2/153/20/11/228 avg=145/277/459/953/767/1071us | credit n=882 min=2 max=132 avgx10=32 backoff=715 avg=533us | gap rx0 n=362 avg=964us | rx1 n=0 avg=0us | rx2+ n=53 avg=23553us | supply core n=257 avg=1672us | ring n=131 avg=141us | none n=27 avg=42555us | scans=66 deferred=0 tx_ready=14 | steps=3480 per_tx_write=8.3 owner_calls=3224
[112.860578 0:4294967307 aic8800::device::probe:465] [wifi-probe-rx] reads=216 data_reads=75 avg=256us min=109us max=2046us bytes=67584 items=280 data_frames=278 data_confirmations=0 control_confirmations=2 control_indications=0 prints=0 | size <=512 n=57 avg=144us | <=2k n=12 avg=458us | <=8k n=6 avg=916us | >8k n=0 avg=0us | control n=141 avg=111us min=0us max=3170us | credit n=882 avg=63us | other n=4 avg=123us | rdif_at_write 0/1/2-3/4+=154/32/9/220 | queue_at_arrival=158/178/362/443
[112.861366 0:4294967307 aic8800::device::mailbox:303] [wifi-sta-info] width=20MHz format=he-su mcs=5 nss=1 sgi=0 retries=2 rssi=-34dBm txfailed=0 ackok=19750 ackfail=11141
[  5]   2.00-3.00   sec  0.00 Bytes  0.00 bits/sec    0   0.00 Bytes       
[  5]   3.00-4.00   sec  0.00 Bytes  0.00 bits/sec    0   0.00 Bytes       
[114.860622 0:4294967307 ax_net::queue_runtime::executor::probe:194] [netprobe] dt=2000ms iters=1818 polls=1299 poll_us=7 waits=1053 wait_us=1809 yields=0 | wait_kind notify=711@2070us deadline=342@1267us hist=542/3/16/241/251 | wake n=1297 avg=780us hist=0/487/162/99/549 | owner_calls=1297 skipped=1 owner_us=54 max=950us slow=58 | tx_submit=302 tx_done=271 rx_done=213 | ready 0/1/2-3/4+=1294/2/0/1 | irq=842 | park xfer=7185us handoff=338us n=156
[114.860748 0:4294967307 aic8800::device::probe:394] [wifi-probe] tx_writes=125 dt=2000ms period_avg=16587us max=1178778us hist=0/1/47/35/42 | write n=125 avg=842us min=175us max=3272us bytes=414720 calls=2.12 | size blk 1/2/3/4-6/7-9/10+ n=1/0/69/8/3/44 avg=175/0/737/882/726/1021us | credit n=425 min=2 max=130 avgx10=29 backoff=342 avg=684us | gap rx0 n=107 avg=1235us | rx1 n=0 avg=0us | rx2+ n=18 avg=102000us | supply core n=92 avg=2746us | ring n=31 avg=96us | none n=2 avg=856236us | scans=28 deferred=0 tx_ready=16 | steps=1497 per_tx_write=11.9 owner_calls=1297
[114.860814 0:4294967307 aic8800::device::probe:465] [wifi-probe-rx] reads=98 data_reads=35 avg=308us min=121us max=964us bytes=47616 items=217 data_frames=215 data_confirmations=0 control_confirmations=2 control_indications=0 prints=0 | size <=512 n=23 avg=138us | <=2k n=5 avg=527us | <=8k n=6 avg=670us | >8k n=1 avg=964us | control n=63 avg=81us min=0us max=370us | credit n=425 avg=68us | other n=4 avg=123us | rdif_at_write 0/1/2-3/4+=43/25/8/49 | queue_at_arrival=33/36/72/161
[  5]   4.00-5.00   sec   256 KBytes  2.10 Mbits/sec    0   0.00 Bytes       
[115.863607 0:4294967307 aic8800::device::mailbox:303] [wifi-sta-info] width=20MHz format=he-su mcs=2 nss=1 sgi=1 retries=2 rssi=-32dBm txfailed=0 ackok=20397 ackfail=11377
[  5]   5.00-6.00   sec   256 KBytes  2.09 Mbits/sec    0   0.00 Bytes       
[116.861153 0:4294967307 ax_net::queue_runtime::executor::probe:194] [netprobe] dt=2000ms iters=10130 polls=7277 poll_us=6 waits=5722 wait_us=268 yields=0 | wait_kind notify=3641@121us deadline=2081@525us hist=2889/3/68/1610/1152 | wake n=7267 avg=329us hist=0/2811/824/454/3178 | owner_calls=7267 skipped=3 owner_us=48 max=1277us slow=107 | tx_submit=893 tx_done=893 rx_done=741 | ready 0/1/2-3/4+=7266/0/0/1 | irq=4557 | park xfer=138us handoff=423us n=781
[116.861302 0:4294967307 aic8800::device::probe:394] [wifi-probe] tx_writes=706 dt=2000ms period_avg=2834us max=50810us hist=1/22/259/190/234 | write n=706 avg=727us min=126us max=1897us bytes=1368064 calls=2.0 | size blk 1/2/3/4-6/7-9/10+ n=1/4/595/65/1/40 avg=126/841/690/858/1897/1039us | credit n=2765 min=2 max=23 avgx10=23 backoff=2096 avg=640us | gap rx0 n=650 avg=1620us | rx1 n=0 avg=0us | rx2+ n=56 avg=7756us | supply core n=706 avg=2106us | ring n=0 avg=0us | none n=0 avg=0us | scans=61 deferred=0 tx_ready=61 | steps=7964 per_tx_write=11.2 owner_calls=7267
[116.861365 0:4294967307 aic8800::device::probe:465] [wifi-probe-rx] reads=229 data_reads=84 avg=443us min=98us max=2258us bytes=141824 items=745 data_frames=743 data_confirmations=0 control_confirmations=2 control_indications=0 prints=0 | size <=512 n=48 avg=135us | <=2k n=14 avg=720us | <=8k n=20 avg=935us | >8k n=2 avg=951us | control n=145 avg=122us min=0us max=3455us | credit n=2765 avg=64us | other n=4 avg=93us | rdif_at_write 0/1/2-3/4+=306/301/61/38 | queue_at_arrival=0/0/0/893
[116.864704 0:4294967307 aic8800::device::mailbox:303] [wifi-sta-info] width=20MHz format=he-su mcs=4 nss=1 sgi=0 retries=2 rssi=-32dBm txfailed=0 ackok=20876 ackfail=11420
[  5]   6.00-7.00   sec   256 KBytes  2.09 Mbits/sec    0   0.00 Bytes       
[117.865129 0:4294967307 aic8800::device::mailbox:303] [wifi-sta-info] width=20MHz format=he-su mcs=5 nss=1 sgi=0 retries=2 rssi=-32dBm txfailed=0 ackok=21383 ackfail=11463
[  5]   7.00-8.00   sec   256 KBytes  2.10 Mbits/sec    0   0.00 Bytes       
[118.861163 0:4294967307 ax_net::queue_runtime::executor::probe:194] [netprobe] dt=2000ms iters=10289 polls=7298 poll_us=6 waits=5995 wait_us=256 yields=0 | wait_kind notify=3665@97us deadline=2330@505us hist=3012/2/92/1875/1014 | wake n=7290 avg=319us hist=0/2917/685/520/3168 | owner_calls=7290 skipped=3 owner_us=47 max=1755us slow=125 | tx_submit=888 tx_done=888 rx_done=611 | ready 0/1/2-3/4+=7283/6/0/1 | irq=4388 | park xfer=155us handoff=375us n=657
[118.861771 0:4294967307 aic8800::device::probe:394] [wifi-probe] tx_writes=612 dt=2000ms period_avg=3267us max=42683us hist=0/12/177/162/261 | write n=612 avg=706us min=281us max=1847us bytes=1361408 calls=2.0 | size blk 1/2/3/4-6/7-9/10+ n=0/4/466/71/8/63 avg=0/648/642/792/1025/1044us | credit n=2899 min=2 max=27 avgx10=23 backoff=2344 avg=610us | gap rx0 n=574 avg=2303us | rx1 n=0 avg=0us | rx2+ n=38 avg=6454us | supply core n=612 avg=2560us | ring n=0 avg=0us | none n=0 avg=0us | scans=41 deferred=0 tx_ready=41 | steps=7857 per_tx_write=12.8 owner_calls=7291
[118.861888 0:4294967307 aic8800::device::probe:465] [wifi-probe-rx] reads=159 data_reads=59 avg=532us min=101us max=2646us bytes=114688 items=613 data_frames=611 data_confirmations=0 control_confirmations=2 control_indications=0 prints=0 | size <=512 n=26 avg=135us | <=2k n=12 avg=653us | <=8k n=21 avg=955us | >8k n=0 avg=0us | control n=100 avg=89us min=0us max=954us | credit n=2899 avg=63us | other n=4 avg=91us | rdif_at_write 0/1/2-3/4+=307/202/44/59 | queue_at_arrival=0/0/0/888
[118.865604 0:4294967307 aic8800::device::mailbox:303] [wifi-sta-info] width=20MHz format=he-su mcs=5 nss=1 sgi=0 retries=2 rssi=-33dBm txfailed=0 ackok=21764 ackfail=11500
[  5]   8.00-9.00   sec   128 KBytes  1.05 Mbits/sec    0   0.00 Bytes       
[119.866714 0:4294967307 aic8800::device::mailbox:303] [wifi-sta-info] width=20MHz format=he-su mcs=2 nss=1 sgi=1 retries=2 rssi=-34dBm txfailed=0 ackok=21821 ackfail=11533
[  5]   9.00-10.00  sec  0.00 Bytes  0.00 bits/sec    0   0.00 Bytes       
[120.861203 0:4294967307 ax_net::queue_runtime::executor::probe:194] [netprobe] dt=2000ms iters=9744 polls=6822 poll_us=5 waits=5856 wait_us=272 yields=0 | wait_kind notify=3405@73us deadline=2451@548us hist=2942/3/73/1661/1177 | wake n=6817 avg=336us hist=0/2817/609/340/3051 | owner_calls=6817 skipped=1 owner_us=43 max=872us slow=81 | tx_submit=497 tx_done=498 rx_done=485 | ready 0/1/2-3/4+=6812/5/0/0 | irq=3988 | park xfer=132us handoff=391us n=481
[120.861851 0:4294967307 aic8800::device::probe:394] [wifi-probe] tx_writes=428 dt=2000ms period_avg=4678us max=94684us hist=0/23/116/105/184 | write n=428 avg=671us min=306us max=2112us bytes=764928 calls=1.99 | size blk 1/2/3/4-6/7-9/10+ n=0/3/387/20/3/15 avg=0/810/643/805/926/1131us | credit n=2882 min=2 max=13 avgx10=21 backoff=2467 avg=660us | gap rx0 n=393 avg=3232us | rx1 n=0 avg=0us | rx2+ n=36 avg=12350us | supply core n=429 avg=3997us | ring n=0 avg=0us | none n=0 avg=0us | scans=40 deferred=0 tx_ready=40 | steps=7278 per_tx_write=17.0 owner_calls=6819
[120.862003 0:4294967307 aic8800::device::probe:465] [wifi-probe-rx] reads=150 data_reads=55 avg=519us min=99us max=3705us bytes=95232 items=487 data_frames=485 data_confirmations=0 control_confirmations=2 control_indications=0 prints=0 | size <=512 n=25 avg=136us | <=2k n=16 avg=683us | <=8k n=14 avg=1015us | >8k n=0 avg=0us | control n=95 avg=138us min=0us max=2261us | credit n=2882 avg=61us | other n=4 avg=91us | rdif_at_write 0/1/2-3/4+=253/142/18/15 | queue_at_arrival=0/0/0/498
[120.867709 0:4294967307 aic8800::device::mailbox:303] [wifi-sta-info] width=20MHz format=he-su mcs=1 nss=1 sgi=0 retries=2 rssi=-34dBm txfailed=0 ackok=22267 ackfail=11580
[  5]  10.00-11.00  sec   384 KBytes  3.15 Mbits/sec    0   0.00 Bytes       
[121.868292 0:4294967307 aic8800::device::mailbox:303] [wifi-sta-info] width=20MHz format=he-su mcs=1 nss=1 sgi=0 retries=2 rssi=-32dBm txfailed=0 ackok=22812 ackfail=11586
[  5]  11.00-12.00  sec   256 KBytes  2.09 Mbits/sec    0   0.00 Bytes       
[122.861360 0:4294967307 ax_net::queue_runtime::executor::probe:194] [netprobe] dt=2000ms iters=9901 polls=7266 poll_us=6 waits=5289 wait_us=284 yields=0 | wait_kind notify=3639@172us deadline=1650@530us hist=2661/2/98/1356/1172 | wake n=7249 avg=332us hist=0/2555/987/680/3027 | owner_calls=7249 skipped=1 owner_us=52 max=2365us slow=117 | tx_submit=1204 tx_done=1204 rx_done=908 | ready 0/1/2-3/4+=7245/3/0/1 | irq=4714 | park xfer=197us handoff=427us n=984
[122.862008 0:4294967307 aic8800::device::probe:394] [wifi-probe] tx_writes=928 dt=2000ms period_avg=2155us max=62627us hist=0/49/357/335/187 | write n=928 avg=725us min=132us max=1812us bytes=1846784 calls=2.0 | size blk 1/2/3/4-6/7-9/10+ n=1/4/756/108/8/51 avg=132/787/678/889/936/1049us | credit n=2544 min=2 max=43 avgx10=24 backoff=1660 avg=646us | gap rx0 n=885 avg=1173us | rx1 n=0 avg=0us | rx2+ n=43 avg=6710us | supply core n=927 avg=1365us | ring n=0 avg=0us | none n=1 avg=61643us | scans=46 deferred=0 tx_ready=45 | steps=8095 per_tx_write=8.7 owner_calls=7249
[122.862134 0:4294967307 aic8800::device::probe:465] [wifi-probe-rx] reads=190 data_reads=72 avg=538us min=99us max=1996us bytes=164864 items=910 data_frames=908 data_confirmations=0 control_confirmations=2 control_indications=0 prints=0 | size <=512 n=36 avg=145us | <=2k n=11 avg=704us | <=8k n=22 avg=1005us | >8k n=3 avg=1216us | control n=118 avg=145us min=0us max=3624us | credit n=2544 avg=68us | other n=4 avg=124us | rdif_at_write 0/1/2-3/4+=344/431/106/47 | queue_at_arrival=1/1/2/1200
[122.870276 0:4294967307 aic8800::device::mailbox:303] [wifi-sta-info] width=20MHz format=he-su mcs=2 nss=1 sgi=0 retries=2 rssi=-32dBm txfailed=0 ackok=23473 ackfail=11615
[  5]  12.00-13.00  sec   384 KBytes  3.15 Mbits/sec    0   0.00 Bytes       
[  5]  12.00-13.00  sec   384 KBytes  3.15 Mbits/sec    0   0.00 Bytes       
- - - - - - - - - - - - - - - - - - - - - - - - -
[123.884032 0:73014444059 starry_kernel::task::signal:716] Send signal SIGRT1 to thread 20
[ ID] Interval           Transfer     Bitrate         Retr
[123.885973 0:8589934620 starry_kernel::task::ops:539] Task(8589934620, "iperf3") exit with code: 0
[  5]   0.00-13.00  sec  3.88 MBytes  2.50 Mbits/sec    0            sender
iperf3: the client has terminated
-----------------------------------------------------------
Server listening on 5201 (test #3)
-----------------------------------------------------------
[124.870908 0:4294967307 ax_net::queue_runtime::executor::probe:194] [netprobe] dt=2009ms iters=6424 polls=4736 poll_us=9 waits=3386 wait_us=489 yields=0 | wait_kind notify=2381@204us deadline=1005@1164us hist=1699/4/124/1043/516 | wake n=4726 avg=306us hist=0/1615/626/765/1720 | owner_calls=4726 skipped=5 owner_us=55 max=1964us slow=111 | tx_submit=867 tx_done=897 rx_done=497 | ready 0/1/2-3/4+=4713/10/2/1 | irq=3093 | park xfer=345us handoff=364us n=673
[124.871036 0:4294967307 aic8800::device::probe:394] [wifi-probe] tx_writes=644 dt=2009ms period_avg=1919us max=56030us hist=0/71/250/202/121 | write n=644 avg=680us min=123us max=3406us bytes=1369088 calls=2.1 | size blk 1/2/3/4-6/7-9/10+ n=3/3/495/82/14/47 avg=162/751/592/937/1005/1091us | credit n=1616 min=2 max=63 avgx10=25 backoff=1011 avg=588us | gap rx0 n=619 avg=994us | rx1 n=0 avg=0us | rx2+ n=24 avg=7593us | supply core n=642 avg=1155us | ring n=0 avg=0us | none n=1 avg=55792us | scans=28 deferred=0 tx_ready=26 | steps=5182 per_tx_write=8.0 owner_calls=4723
[124.871101 0:4294967307 aic8800::device::probe:465] [wifi-probe-rx] reads=112 data_reads=42 avg=598us min=105us max=2235us bytes=89088 items=499 data_frames=497 data_confirmations=0 control_confirmations=2 control_indications=0 prints=0 | size <=512 n=15 avg=135us | <=2k n=13 avg=696us | <=8k n=14 avg=1003us | >8k n=0 avg=0us | control n=70 avg=108us min=0us max=623us | credit n=1616 avg=71us | other n=4 avg=90us | rdif_at_write 0/1/2-3/4+=233/279/86/46 | queue_at_arrival=1/0/0/865
[125.872544 0:4294967307 aic8800::device::mailbox:303] [wifi-sta-info] width=20MHz format=he-su mcs=2 nss=1 sgi=0 retries=2 rssi=-33dBm txfailed=0 ackok=24490 ackfail=11625
[126.872764 0:4294967307 ax_net::queue_runtime::executor::probe:194] [netprobe] dt=2001ms iters=30 polls=24 poll_us=15 waits=14 wait_us=142844 yields=0 | wait_kind notify=12@44290us deadline=2@734168us hist=10/0/0/0/4 | wake n=24 avg=48515us hist=0/10/9/3/2 | owner_calls=24 skipped=0 owner_us=56 max=172us slow=0 | tx_submit=0 tx_done=0 rx_done=0 | ready 0/1/2-3/4+=24/0/0/0 | irq=26 | park xfer=106245us handoff=49us n=5
[126.872886 0:4294967307 aic8800::device::probe:394] [wifi-probe] tx_writes=0 dt=2001ms period_avg=0us max=0us hist=0/0/0/0/0 | write n=0 avg=0us min=18446744073709551us max=0us bytes=0 calls=0.0 | size blk 1/2/3/4-6/7-9/10+ n=0/0/0/0/0/0 avg=0/0/0/0/0/0us | credit n=0 min=0 max=0 avgx10=0 backoff=0 avg=0us | gap rx0 n=0 avg=0us | rx1 n=0 avg=0us | rx2+ n=0 avg=0us | supply core n=0 avg=0us | ring n=0 avg=0us | none n=0 avg=0us | scans=4 deferred=0 tx_ready=0 | steps=24 per_tx_write=24.0 owner_calls=24
[126.872948 0:4294967307 aic8800::device::probe:465] [wifi-probe-rx] reads=12 data_reads=4 avg=135us min=124us max=148us bytes=2048 items=4 data_frames=2 data_confirmations=0 control_confirmations=2 control_indications=0 prints=0 | size <=512 n=4 avg=135us | <=2k n=0 avg=0us | <=8k n=0 avg=0us | >8k n=0 avg=0us | control n=8 avg=74us min=0us max=365us | credit n=0 avg=0us | other n=4 avg=121us | rdif_at_write 0/1/2-3/4+=0/0/0/0 | queue_at_arrival=0/0/0/0
[126.873712 0:4294967307 aic8800::device::mailbox:303] [wifi-sta-info] width=20MHz format=he-su mcs=2 nss=1 sgi=0 retries=2 rssi=-34dBm txfailed=0 ackok=24490 ackfail=11625
Accepted connection from 192.168.137.1, port 54381
[127.874437 0:4294967307 aic8800::device::mailbox:303] [wifi-sta-info] width=20MHz format=he-su mcs=2 nss=1 sgi=0 retries=2 rssi=-33dBm txfailed=0 ackok=24496 ackfail=11625
[  5] local 192.168.137.82 port 5201 connected to 192.168.137.1 port 54382
[127.900054 0:12884901916 starry_kernel::task::user:83] Enter user space: ip=0x601524d0, sp=0x448af0
[  8] local 192.168.137.82 port 5201 connected to 192.168.137.1 port 54383
[127.903202 0:4294967325 starry_kernel::task::user:83] Enter user space: ip=0x601524d0, sp=0x46baf0
[128.874679 0:4294967307 ax_net::queue_runtime::executor::probe:194] [netprobe] dt=2001ms iters=1307 polls=959 poll_us=17 waits=720 wait_us=2629 yields=0 | wait_kind notify=630@2829us deadline=90@1227us hist=371/3/37/150/159 | wake n=955 avg=1420us hist=0/300/128/220/307 | owner_calls=955 skipped=4 owner_us=86 max=2579us slow=137 | tx_submit=530 tx_done=530 rx_done=217 | ready 0/1/2-3/4+=949/0/0/6 | irq=671 | park xfer=8127us handoff=277us n=203
[ ID][Role] Interval           Transfer     Bitrate         Retr  Cwnd
[128.874806 0:4294967307 aic8800::device::probe:394] [wifi-probe] tx_writes=167 dt=2001ms period_avg=28207us max=3736202us hist=0/9/34/73/51 | write n=167 avg=876us min=135us max=3597us bytes=784384 calls=2.15 | size blk 1/2/3/4-6/7-9/10+ n=11/0/28/12/4/112 avg=172/0/433/713/946/1070us | credit n=122 min=2 max=129 avgx10=73 backoff=88 avg=556us | gap rx0 n=141 avg=544us | rx1 n=0 avg=0us | rx2+ n=26 avg=172598us | supply core n=115 avg=569us | ring n=27 avg=127us | none n=25 avg=179819us | scans=31 deferred=0 tx_ready=5 | steps=1137 per_tx_write=6.8 owner_calls=955
[  5][RX-S]   0.00-1.00   sec   128 KBytes  1.05 Mbits/sec                  
[128.874871 0:4294967307 aic8800::device::probe:465] [wifi-probe-rx] reads=129 data_reads=49 avg=819us min=97us max=4127us bytes=287232 items=220 data_frames=218 data_confirmations=0 control_confirmations=2 control_indications=0 prints=0 | size <=512 n=29 avg=138us | <=2k n=4 avg=395us | <=8k n=5 avg=796us | >8k n=11 avg=2778us | control n=80 avg=162us min=0us max=1238us | credit n=122 avg=65us | other n=4 avg=120us | rdif_at_write 0/1/2-3/4+=68/5/8/86 | queue_at_arrival=52/41/70/367
[  8][TX-S]   0.00-1.00   sec   640 KBytes  5.24 Mbits/sec    0   0.00 Bytes       
[128.875659 0:4294967307 aic8800::device::mailbox:303] [wifi-sta-info] width=20MHz format=he-su mcs=5 nss=1 sgi=0 retries=2 rssi=-34dBm txfailed=0 ackok=24905 ackfail=11800
[129.876404 0:4294967307 aic8800::device::mailbox:303] [wifi-sta-info] width=20MHz format=he-su mcs=5 nss=1 sgi=0 retries=2 rssi=-32dBm txfailed=0 ackok=25250 ackfail=11846
[  5][RX-S]   1.00-2.00   sec   128 KBytes  1.05 Mbits/sec                  
[  8][TX-S]   1.00-2.00   sec  0.00 Bytes  0.00 bits/sec    0   0.00 Bytes       
[130.874692 0:4294967307 ax_net::queue_runtime::executor::probe:194] [netprobe] dt=2000ms iters=9500 polls=6587 poll_us=7 waits=5843 wait_us=274 yields=0 | wait_kind notify=3309@117us deadline=2534@480us hist=2935/2/128/2122/656 | wake n=6579 avg=312us hist=0/2859/495/405/2820 | owner_calls=6579 skipped=3 owner_us=43 max=2728us slow=91 | tx_submit=478 tx_done=447 rx_done=657 | ready 0/1/2-3/4+=6572/4/0/3 | irq=3762 | park xfer=756us handoff=266us n=365
[  5][RX-S]   2.00-3.00   sec   256 KBytes  2.10 Mbits/sec                  
[130.875390 0:4294967307 aic8800::device::probe:394] [wifi-probe] tx_writes=312 dt=2000ms period_avg=6573us max=212618us hist=0/17/63/55/177 | write n=312 avg=556us min=122us max=2053us bytes=672768 calls=2.1 | size blk 1/2/3/4-6/7-9/10+ n=8/0/241/25/6/32 avg=123/0/478/612/895/1137us | credit n=2829 min=2 max=50 avgx10=21 backoff=2546 avg=579us | gap rx0 n=275 avg=4214us | rx1 n=0 avg=0us | rx2+ n=37 avg=19414us | supply core n=309 avg=5074us | ring n=0 avg=0us | none n=3 avg=103084us | scans=42 deferred=0 tx_ready=38 | steps=7176 per_tx_write=23.0 owner_calls=6579
[  8][TX-S]   2.00-3.01   sec   256 KBytes  2.09 Mbits/sec    0   0.00 Bytes       
[130.875508 0:4294967307 aic8800::device::probe:465] [wifi-probe-rx] reads=188 data_reads=73 avg=942us min=94us max=6041us bytes=411648 items=657 data_frames=655 data_confirmations=0 control_confirmations=2 control_indications=0 prints=0 | size <=512 n=27 avg=132us | <=2k n=20 avg=478us | <=8k n=14 avg=1431us | >8k n=12 avg=2965us | control n=115 avg=142us min=0us max=1190us | credit n=2829 avg=58us | other n=4 avg=122us | rdif_at_write 0/1/2-3/4+=224/46/15/27 | queue_at_arrival=3/3/6/466
[130.877159 0:4294967307 aic8800::device::mailbox:303] [wifi-sta-info] width=20MHz format=he-su mcs=2 nss=1 sgi=0 retries=2 rssi=-34dBm txfailed=0 ackok=25336 ackfail=11880
[131.878265 0:4294967307 aic8800::device::mailbox:303] [wifi-sta-info] width=20MHz format=he-su mcs=3 nss=1 sgi=0 retries=2 rssi=-31dBm txfailed=0 ackok=25801 ackfail=11963
[  5][RX-S]   3.00-4.00   sec   128 KBytes  1.05 Mbits/sec                  
[  8][TX-S]   3.01-4.00   sec   256 KBytes  2.10 Mbits/sec    0   0.00 Bytes       
[132.874707 0:4294967307 ax_net::queue_runtime::executor::probe:194] [netprobe] dt=2000ms iters=8628 polls=6092 poll_us=6 waits=5087 wait_us=316 yields=0 | wait_kind notify=3061@150us deadline=2026@566us hist=2558/2/56/1306/1165 | wake n=6084 avg=346us hist=0/2457/589/336/2702 | owner_calls=6084 skipped=3 owner_us=47 max=1327us slow=95 | tx_submit=620 tx_done=620 rx_done=751 | ready 0/1/2-3/4+=6079/2/3/0 | irq=3669 | park xfer=476us handoff=404us n=507
[  5][RX-S]   4.00-5.01   sec  0.00 Bytes  0.00 bits/sec                  
[132.875863 0:4294967307 aic8800::device::probe:394] [wifi-probe] tx_writes=440 dt=2000ms period_avg=4580us max=123201us hist=0/22/105/115/198 | write n=440 avg=725us min=122us max=2611us bytes=925696 calls=1.99 | size blk 1/2/3/4-6/7-9/10+ n=12/0/331/52/12/33 avg=151/0/667/866/946/1206us | credit n=2439 min=2 max=53 avgx10=22 backoff=2032 avg=696us | gap rx0 n=394 avg=2761us | rx1 n=0 avg=0us | rx2+ n=46 avg=13219us | supply core n=432 avg=3522us | ring n=4 avg=128us | none n=4 avg=43462us | scans=50 deferred=0 tx_ready=45 | steps=6789 per_tx_write=15.4 owner_calls=6086
[  8][TX-S]   4.00-5.01   sec   128 KBytes  1.05 Mbits/sec    0   0.00 Bytes       
[132.875977 0:4294967307 aic8800::device::probe:465] [wifi-probe-rx] reads=214 data_reads=82 avg=951us min=95us max=4133us bytes=535552 items=740 data_frames=738 data_confirmations=0 control_confirmations=2 control_indications=0 prints=0 | size <=512 n=30 avg=196us | <=2k n=19 avg=709us | <=8k n=14 avg=905us | >8k n=19 avg=2419us | control n=132 avg=164us min=0us max=4287us | credit n=2439 avg=63us | other n=4 avg=97us | rdif_at_write 0/1/2-3/4+=237/131/43/29 | queue_at_arrival=8/7/14/591
[132.879076 0:4294967307 aic8800::device::mailbox:303] [wifi-sta-info] width=20MHz format=he-su mcs=2 nss=1 sgi=1 retries=2 rssi=-30dBm txfailed=0 ackok=25938 ackfail=11991
[133.879887 0:4294967307 aic8800::device::mailbox:303] [wifi-sta-info] width=20MHz format=he-su mcs=2 nss=1 sgi=1 retries=2 rssi=-32dBm txfailed=0 ackok=26491 ackfail=12030
[  5][RX-S]   5.01-6.00   sec   128 KBytes  1.05 Mbits/sec                  
[  8][TX-S]   5.01-6.01   sec   256 KBytes  2.10 Mbits/sec    0   0.00 Bytes       
[134.874948 0:4294967307 ax_net::queue_runtime::executor::probe:194] [netprobe] dt=2000ms iters=9590 polls=7038 poll_us=5 waits=5133 wait_us=296 yields=0 | wait_kind notify=3268@141us deadline=1865@568us hist=2589/2/39/1261/1242 | wake n=7026 avg=337us hist=0/2708/957/432/2929 | owner_calls=7026 skipped=1 owner_us=52 max=1248us slow=145 | tx_submit=1111 tx_done=1111 rx_done=888 | ready 0/1/2-3/4+=7019/5/1/1 | irq=4492 | park xfer=197us handoff=464us n=680
[  5][RX-S]   6.00-7.00   sec   128 KBytes  1.05 Mbits/sec                  
[134.876158 0:4294967307 aic8800::device::probe:394] [wifi-probe] tx_writes=743 dt=2000ms period_avg=2668us max=41913us hist=21/28/173/265/256 | write n=743 avg=693us min=111us max=2191us bytes=1483264 calls=1.99 | size blk 1/2/3/4-6/7-9/10+ n=142/2/427/90/15/67 avg=162/819/739/932/1046/1117us | credit n=2565 min=2 max=20 avgx10=24 backoff=1882 avg=702us | gap rx0 n=680 avg=1788us | rx1 n=0 avg=0us | rx2+ n=63 avg=3992us | supply core n=743 avg=1975us | ring n=0 avg=0us | none n=0 avg=0us | scans=69 deferred=0 tx_ready=69 | steps=7850 per_tx_write=10.5 owner_calls=7026
[  8][TX-S]   6.01-7.00   sec   256 KBytes  2.11 Mbits/sec    0   0.00 Bytes       
[134.876267 0:4294967307 aic8800::device::probe:465] [wifi-probe-rx] reads=267 data_reads=99 avg=775us min=97us max=3397us bytes=514560 items=890 data_frames=888 data_confirmations=0 control_confirmations=2 control_indications=0 prints=0 | size <=512 n=49 avg=134us | <=2k n=16 avg=783us | <=8k n=15 avg=955us | >8k n=19 avg=2280us | control n=168 avg=107us min=0us max=1288us | credit n=2565 avg=68us | other n=4 avg=156us | rdif_at_write 0/1/2-3/4+=385/204/88/66 | queue_at_arrival=0/0/0/1111
[134.880694 0:4294967307 aic8800::device::mailbox:303] [wifi-sta-info] width=20MHz format=he-su mcs=4 nss=1 sgi=0 retries=2 rssi=-32dBm txfailed=0 ackok=27027 ackfail=12090
[135.882001 0:4294967307 aic8800::device::mailbox:303] [wifi-sta-info] width=20MHz format=he-su mcs=5 nss=1 sgi=0 retries=2 rssi=-31dBm txfailed=0 ackok=27471 ackfail=12187
[  5][RX-S]   7.00-8.00   sec   128 KBytes  1.05 Mbits/sec                  
[  8][TX-S]   7.00-8.00   sec  0.00 Bytes  0.00 bits/sec    0   0.00 Bytes       
[  5][RX-S]   7.00-8.00   sec   128 KBytes  1.05 Mbits/sec                  
[  8][TX-S]   7.00-8.00   sec  0.00 Bytes  0.00 bits/sec    0   0.00 Bytes       
[136.290118 0:73014444059 starry_kernel::task::signal:716] Send signal SIGRT1 to thread 21
- - - - - - - - - - - - - - - - - - - - - - - - -
[136.293683 0:12884901916 starry_kernel::task::ops:539] Task(12884901916, "iperf3") exit with code: 0
[ ID][Role] Interval           Transfer     Bitrate         Retr
[136.297415 0:73014444059 starry_kernel::task::signal:716] Send signal SIGRT1 to thread 22
[  5][RX-S]   0.00-8.00   sec  1.00 MBytes  1.05 Mbits/sec                  receiver
[136.299982 0:4294967325 starry_kernel::task::ops:539] Task(4294967325, "iperf3") exit with code: 0
[  8][TX-S]   0.00-8.00   sec  1.88 MBytes  1.97 Mbits/sec    0            sender
iperf3: the client has terminated
-----------------------------------------------------------
Server listening on 5201 (test #4)
-----------------------------------------------------------
[136.874982 0:4294967307 ax_net::queue_runtime::executor::probe:194] [netprobe] dt=2000ms iters=9735 polls=6868 poll_us=5 waits=5743 wait_us=277 yields=0 | wait_kind notify=3247@76us deadline=2496@538us hist=2875/4/50/1731/1083 | wake n=6861 avg=331us hist=0/2980/571/273/3037 | owner_calls=6861 skipped=0 owner_us=44 max=1922us slow=100 | tx_submit=651 tx_done=652 rx_done=555 | ready 0/1/2-3/4+=6859/0/1/1 | irq=3945 | park xfer=214us handoff=443us n=367
[136.876372 0:4294967307 aic8800::device::probe:394] [wifi-probe] tx_writes=429 dt=2000ms period_avg=4701us max=45823us hist=14/19/58/122/216 | write n=429 avg=636us min=114us max=2514us bytes=844288 calls=2.0 | size blk 1/2/3/4-6/7-9/10+ n=108/1/218/47/16/39 avg=130/934/701/928/1076/1132us | credit n=2896 min=2 max=28 avgx10=22 backoff=2505 avg=652us | gap rx0 n=409 avg=3669us | rx1 n=0 avg=0us | rx2+ n=20 avg=12158us | supply core n=429 avg=4065us | ring n=0 avg=0us | none n=0 avg=0us | scans=24 deferred=0 tx_ready=24 | steps=7383 per_tx_write=17.2 owner_calls=6863
[136.876491 0:4294967307 aic8800::device::probe:465] [wifi-probe-rx] reads=116 data_reads=46 avg=1007us min=103us max=3294us bytes=305152 items=557 data_frames=555 data_confirmations=0 control_confirmations=2 control_indications=0 prints=0 | size <=512 n=11 avg=124us | <=2k n=10 avg=889us | <=8k n=15 avg=838us | >8k n=10 avg=2349us | control n=70 avg=127us min=0us max=792us | credit n=2896 avg=62us | other n=4 avg=99us | rdif_at_write 0/1/2-3/4+=269/76/47/37 | queue_at_arrival=0/0/0/652
[136.882019 0:4294967307 aic8800::device::mailbox:303] [wifi-sta-info] width=20MHz format=he-su mcs=2 nss=1 sgi=0 retries=2 rssi=-32dBm txfailed=0 ackok=27677 ackfail=12266
