    Finished `dev` profile [unoptimized + debuginfo] target(s) in 0.25s
     Running `target/debug/tg-xtask clippy --package ax-net`
clippy started at: 2026-10-02 08:14:58 +0000
running clippy for 1 package(s) with 9 check(s) from /home/asta/tgoskits/wt-feat-net-observe
[1/9] ax-net (base, target: aarch64-unknown-none-softfloat)
          cd /home/asta/tgoskits/wt-feat-net-observe && CARGO_UNSTABLE_JSON_TARGET_SPEC=true cargo clippy --no-deps -p ax-net --target scripts/targets/bare/aarch64-unknown-none-softfloat.json -Z json-target-spec -Z build-std=core,alloc -- -Cllvm-args=--max-store-memcpy=16 -D warnings
    Checking ax-net v0.13.6 (/home/asta/tgoskits/wt-feat-net-observe/net/ax-net)
    Finished `dev` profile [unoptimized + debuginfo] target(s) in 0.66s
warning: the following packages contain code that will be rejected by a future version of Rust: core v0.0.0 (/opt/rustup/toolchains/nightly-2026-09-04-x86_64-unknown-linux-gnu/lib/rustlib/src/rust/library/core), memchr v2.8.3
note: to see what the problems were, use the option `--future-incompat-report`, or run `cargo report future-incompatibilities --id 1`
[axbuild] accepted known upstream Rust #134375 future-incompatibility for core@0.0.0, memchr@2.8.3
ok: ax-net (base, target: aarch64-unknown-none-softfloat)
[2/9] ax-net (feature: vsock, target: aarch64-unknown-none-softfloat)
          cd /home/asta/tgoskits/wt-feat-net-observe && CARGO_UNSTABLE_JSON_TARGET_SPEC=true cargo clippy --no-deps -p ax-net --no-default-features --features vsock --target scripts/targets/bare/aarch64-unknown-none-softfloat.json -Z json-target-spec -Z build-std=core,alloc -- -Cllvm-args=--max-store-memcpy=16 -D warnings
    Checking ax-net v0.13.6 (/home/asta/tgoskits/wt-feat-net-observe/net/ax-net)
    Finished `dev` profile [unoptimized + debuginfo] target(s) in 0.73s
warning: the following packages contain code that will be rejected by a future version of Rust: core v0.0.0 (/opt/rustup/toolchains/nightly-2026-09-04-x86_64-unknown-linux-gnu/lib/rustlib/src/rust/library/core), memchr v2.8.3
note: to see what the problems were, use the option `--future-incompat-report`, or run `cargo report future-incompatibilities --id 1`
[axbuild] accepted known upstream Rust #134375 future-incompatibility for core@0.0.0, memchr@2.8.3
ok: ax-net (feature: vsock, target: aarch64-unknown-none-softfloat)
[3/9] ax-net (base, target: loongarch64-unknown-none-softfloat)
          cd /home/asta/tgoskits/wt-feat-net-observe && CARGO_UNSTABLE_JSON_TARGET_SPEC=true cargo clippy --no-deps -p ax-net --target scripts/targets/bare/loongarch64-unknown-none-softfloat.json -Z json-target-spec -Z build-std=core,alloc -- -D warnings
   Compiling ax-cpu v0.10.3 (/home/asta/tgoskits/wt-feat-net-observe/components/axcpu)
   Compiling cpu-local v0.4.3 (/home/asta/tgoskits/wt-feat-net-observe/components/cpu-local)
   Compiling ax-percpu v0.4.24 (/home/asta/tgoskits/wt-feat-net-observe/components/percpu/percpu)
   Compiling ax-alloc v0.9.2 (/home/asta/tgoskits/wt-feat-net-observe/memory/ax-alloc)
   Compiling somehal v0.11.3 (/home/asta/tgoskits/wt-feat-net-observe/platforms/somehal)
   Compiling ax-driver v0.18.1 (/home/asta/tgoskits/wt-feat-net-observe/drivers/ax-driver)
   Compiling axplat-dyn v0.10.4 (/home/asta/tgoskits/wt-feat-net-observe/platforms/axplat-dyn)
   Compiling ax-hal v0.8.4 (/home/asta/tgoskits/wt-feat-net-observe/os/arceos/modules/axhal)
   Compiling ax-crate-interface v0.5.8 (/home/asta/tgoskits/wt-feat-net-observe/components/crate_interface)
   Compiling trait-ffi-macros v0.4.0 (/home/asta/tgoskits/wt-feat-net-observe/components/trait-ffi/trait-ffi-macros)
   Compiling rdrive-macros v0.4.3 (/home/asta/tgoskits/wt-feat-net-observe/drivers/rdrive-macros)
   Compiling ax-percpu-macros v0.4.12 (/home/asta/tgoskits/wt-feat-net-observe/components/percpu/percpu_macros)
   Compiling ax-plat-macros v0.3.10 (/home/asta/tgoskits/wt-feat-net-observe/platforms/ax-plat-macros)
   Compiling someboot v0.7.2 (/home/asta/tgoskits/wt-feat-net-observe/platforms/someboot)
   Compiling somehal-macros v0.1.7 (/home/asta/tgoskits/wt-feat-net-observe/platforms/somehal-macros)
    Checking ax-sync v0.6.0 (/home/asta/tgoskits/wt-feat-net-observe/os/arceos/modules/axsync)
    Checking rdrive v0.25.0 (/home/asta/tgoskits/wt-feat-net-observe/drivers/rdrive)
    Checking dma-api v0.10.2 (/home/asta/tgoskits/wt-feat-net-observe/memory/dma-api)
    Checking buddy-slab-allocator v0.6.1 (/home/asta/tgoskits/wt-feat-net-observe/memory/buddy-slab-allocator)
    Checking axpoll-set v0.1.1 (/home/asta/tgoskits/wt-feat-net-observe/components/axpoll-set)
    Checking trait-ffi v0.3.1 (/home/asta/tgoskits/wt-feat-net-observe/components/trait-ffi/trait-ffi)
    Checking ax-task v0.8.4 (/home/asta/tgoskits/wt-feat-net-observe/components/ax-task)
    Checking rdif-eth v0.6.0 (/home/asta/tgoskits/wt-feat-net-observe/drivers/interface/rdif-eth)
    Checking rd-net v0.3.3 (/home/asta/tgoskits/wt-feat-net-observe/drivers/net/rd-net)
    Checking ax-plat v0.15.0 (/home/asta/tgoskits/wt-feat-net-observe/platforms/ax-plat)
    Checking axklib v0.9.1 (/home/asta/tgoskits/wt-feat-net-observe/components/axklib)
    Checking ax-net v0.13.6 (/home/asta/tgoskits/wt-feat-net-observe/net/ax-net)
    Finished `dev` profile [unoptimized + debuginfo] target(s) in 1.62s
ok: ax-net (base, target: loongarch64-unknown-none-softfloat)
[4/9] ax-net (feature: vsock, target: loongarch64-unknown-none-softfloat)
          cd /home/asta/tgoskits/wt-feat-net-observe && CARGO_UNSTABLE_JSON_TARGET_SPEC=true cargo clippy --no-deps -p ax-net --no-default-features --features vsock --target scripts/targets/bare/loongarch64-unknown-none-softfloat.json -Z json-target-spec -Z build-std=core,alloc -- -D warnings
    Checking ax-net v0.13.6 (/home/asta/tgoskits/wt-feat-net-observe/net/ax-net)
    Finished `dev` profile [unoptimized + debuginfo] target(s) in 0.65s
ok: ax-net (feature: vsock, target: loongarch64-unknown-none-softfloat)
[5/9] ax-net (base, target: riscv64gc-unknown-none-elf)
          cd /home/asta/tgoskits/wt-feat-net-observe && CARGO_UNSTABLE_JSON_TARGET_SPEC=true cargo clippy --no-deps -p ax-net --target scripts/targets/bare/riscv64gc-unknown-none-elf.json -Z json-target-spec -Z build-std=core,alloc -- -D warnings
   Compiling ax-cpu v0.10.3 (/home/asta/tgoskits/wt-feat-net-observe/components/axcpu)
   Compiling cpu-local v0.4.3 (/home/asta/tgoskits/wt-feat-net-observe/components/cpu-local)
   Compiling ax-percpu v0.4.24 (/home/asta/tgoskits/wt-feat-net-observe/components/percpu/percpu)
   Compiling ax-alloc v0.9.2 (/home/asta/tgoskits/wt-feat-net-observe/memory/ax-alloc)
   Compiling ax-driver v0.18.1 (/home/asta/tgoskits/wt-feat-net-observe/drivers/ax-driver)
   Compiling somehal v0.11.3 (/home/asta/tgoskits/wt-feat-net-observe/platforms/somehal)
   Compiling axplat-dyn v0.10.4 (/home/asta/tgoskits/wt-feat-net-observe/platforms/axplat-dyn)
   Compiling ax-hal v0.8.4 (/home/asta/tgoskits/wt-feat-net-observe/os/arceos/modules/axhal)
    Checking ax-sync v0.6.0 (/home/asta/tgoskits/wt-feat-net-observe/os/arceos/modules/axsync)
    Checking trait-ffi v0.3.1 (/home/asta/tgoskits/wt-feat-net-observe/components/trait-ffi/trait-ffi)
   Compiling someboot v0.7.2 (/home/asta/tgoskits/wt-feat-net-observe/platforms/someboot)
    Checking ax-task v0.8.4 (/home/asta/tgoskits/wt-feat-net-observe/components/ax-task)
    Checking rdrive v0.25.0 (/home/asta/tgoskits/wt-feat-net-observe/drivers/rdrive)
    Checking dma-api v0.10.2 (/home/asta/tgoskits/wt-feat-net-observe/memory/dma-api)
    Checking buddy-slab-allocator v0.6.1 (/home/asta/tgoskits/wt-feat-net-observe/memory/buddy-slab-allocator)
    Checking axpoll-set v0.1.1 (/home/asta/tgoskits/wt-feat-net-observe/components/axpoll-set)
    Checking rdif-eth v0.6.0 (/home/asta/tgoskits/wt-feat-net-observe/drivers/interface/rdif-eth)
    Checking rd-net v0.3.3 (/home/asta/tgoskits/wt-feat-net-observe/drivers/net/rd-net)
    Checking ax-plat v0.15.0 (/home/asta/tgoskits/wt-feat-net-observe/platforms/ax-plat)
    Checking axklib v0.9.1 (/home/asta/tgoskits/wt-feat-net-observe/components/axklib)
    Checking ax-net v0.13.6 (/home/asta/tgoskits/wt-feat-net-observe/net/ax-net)
    Finished `dev` profile [unoptimized + debuginfo] target(s) in 1.55s
ok: ax-net (base, target: riscv64gc-unknown-none-elf)
[6/9] ax-net (feature: vsock, target: riscv64gc-unknown-none-elf)
          cd /home/asta/tgoskits/wt-feat-net-observe && CARGO_UNSTABLE_JSON_TARGET_SPEC=true cargo clippy --no-deps -p ax-net --no-default-features --features vsock --target scripts/targets/bare/riscv64gc-unknown-none-elf.json -Z json-target-spec -Z build-std=core,alloc -- -D warnings
    Checking ax-net v0.13.6 (/home/asta/tgoskits/wt-feat-net-observe/net/ax-net)
    Finished `dev` profile [unoptimized + debuginfo] target(s) in 0.66s
ok: ax-net (feature: vsock, target: riscv64gc-unknown-none-elf)
[7/9] ax-net (base, target: x86_64-unknown-none)
          cd /home/asta/tgoskits/wt-feat-net-observe && CARGO_UNSTABLE_JSON_TARGET_SPEC=true cargo clippy --no-deps -p ax-net --target scripts/targets/bare/x86_64-unknown-none.json -Z json-target-spec -Z build-std=core,alloc -- -D warnings
   Compiling ax-cpu v0.10.3 (/home/asta/tgoskits/wt-feat-net-observe/components/axcpu)
   Compiling cpu-local v0.4.3 (/home/asta/tgoskits/wt-feat-net-observe/components/cpu-local)
   Compiling ax-percpu v0.4.24 (/home/asta/tgoskits/wt-feat-net-observe/components/percpu/percpu)
   Compiling ax-alloc v0.9.2 (/home/asta/tgoskits/wt-feat-net-observe/memory/ax-alloc)
   Compiling ax-driver v0.18.1 (/home/asta/tgoskits/wt-feat-net-observe/drivers/ax-driver)
   Compiling somehal v0.11.3 (/home/asta/tgoskits/wt-feat-net-observe/platforms/somehal)
   Compiling axplat-dyn v0.10.4 (/home/asta/tgoskits/wt-feat-net-observe/platforms/axplat-dyn)
   Compiling ax-hal v0.8.4 (/home/asta/tgoskits/wt-feat-net-observe/os/arceos/modules/axhal)
    Checking ax-sync v0.6.0 (/home/asta/tgoskits/wt-feat-net-observe/os/arceos/modules/axsync)
    Checking trait-ffi v0.3.1 (/home/asta/tgoskits/wt-feat-net-observe/components/trait-ffi/trait-ffi)
   Compiling someboot v0.7.2 (/home/asta/tgoskits/wt-feat-net-observe/platforms/someboot)
    Checking dma-api v0.10.2 (/home/asta/tgoskits/wt-feat-net-observe/memory/dma-api)
    Checking buddy-slab-allocator v0.6.1 (/home/asta/tgoskits/wt-feat-net-observe/memory/buddy-slab-allocator)
    Checking ax-task v0.8.4 (/home/asta/tgoskits/wt-feat-net-observe/components/ax-task)
    Checking axpoll-set v0.1.1 (/home/asta/tgoskits/wt-feat-net-observe/components/axpoll-set)
    Checking rdrive v0.25.0 (/home/asta/tgoskits/wt-feat-net-observe/drivers/rdrive)
    Checking rdif-eth v0.6.0 (/home/asta/tgoskits/wt-feat-net-observe/drivers/interface/rdif-eth)
    Checking rd-net v0.3.3 (/home/asta/tgoskits/wt-feat-net-observe/drivers/net/rd-net)
    Checking ax-plat v0.15.0 (/home/asta/tgoskits/wt-feat-net-observe/platforms/ax-plat)
    Checking axklib v0.9.1 (/home/asta/tgoskits/wt-feat-net-observe/components/axklib)
    Checking ax-net v0.13.6 (/home/asta/tgoskits/wt-feat-net-observe/net/ax-net)
    Finished `dev` profile [unoptimized + debuginfo] target(s) in 1.38s
warning: the following packages contain code that will be rejected by a future version of Rust: core v0.0.0 (/opt/rustup/toolchains/nightly-2026-09-04-x86_64-unknown-linux-gnu/lib/rustlib/src/rust/library/core), memchr v2.8.3
note: to see what the problems were, use the option `--future-incompat-report`, or run `cargo report future-incompatibilities --id 2`
ok: ax-net (base, target: x86_64-unknown-none)
[8/9] ax-net (feature: vsock, target: x86_64-unknown-none)
          cd /home/asta/tgoskits/wt-feat-net-observe && CARGO_UNSTABLE_JSON_TARGET_SPEC=true cargo clippy --no-deps -p ax-net --no-default-features --features vsock --target scripts/targets/bare/x86_64-unknown-none.json -Z json-target-spec -Z build-std=core,alloc -- -D warnings
    Checking ax-net v0.13.6 (/home/asta/tgoskits/wt-feat-net-observe/net/ax-net)
    Finished `dev` profile [unoptimized + debuginfo] target(s) in 0.71s
warning: the following packages contain code that will be rejected by a future version of Rust: core v0.0.0 (/opt/rustup/toolchains/nightly-2026-09-04-x86_64-unknown-linux-gnu/lib/rustlib/src/rust/library/core), memchr v2.8.3
note: to see what the problems were, use the option `--future-incompat-report`, or run `cargo report future-incompatibilities --id 2`
ok: ax-net (feature: vsock, target: x86_64-unknown-none)
[9/9] ax-net (feature: host-test)
          cd /home/asta/tgoskits/wt-feat-net-observe && cargo clippy --no-deps -p ax-net --tests --no-default-features --features host-test -- -D warnings
    Checking ax-net v0.13.6 (/home/asta/tgoskits/wt-feat-net-observe/net/ax-net)
    Finished `dev` profile [unoptimized + debuginfo] target(s) in 1.02s
ok: ax-net (feature: host-test)
clippy summary: 1 package(s), 9 check(s), 1 package(s) passed, 0 package(s) failed, 0 package(s) skipped
passed checks: 9, failed checks: 0, skipped checks: 0
clippy finished at: 2026-10-02 08:15:09 +0000
clippy elapsed: 11s
all clippy checks passed
    Finished `dev` profile [unoptimized + debuginfo] target(s) in 0.32s
     Running `target/debug/tg-xtask clippy --package starry-kernel`
clippy started at: 2026-10-02 08:15:10 +0000
running clippy for 1 package(s) with 80 check(s) from /home/asta/tgoskits/wt-feat-net-observe
[1/80] starry-kernel (base, target: aarch64-unknown-none-softfloat)
          cd /home/asta/tgoskits/wt-feat-net-observe && CARGO_UNSTABLE_JSON_TARGET_SPEC=true cargo clippy --no-deps -p starry-kernel --target scripts/targets/bare/aarch64-unknown-none-softfloat.json -Z json-target-spec -Z build-std=core,alloc -- -Cllvm-args=--max-store-memcpy=16 -D warnings
   Compiling cpu-local v0.4.3 (/home/asta/tgoskits/wt-feat-net-observe/components/cpu-local)
   Compiling ax-percpu v0.4.24 (/home/asta/tgoskits/wt-feat-net-observe/components/percpu/percpu)
   Compiling ax-alloc v0.9.2 (/home/asta/tgoskits/wt-feat-net-observe/memory/ax-alloc)
   Compiling rockchip-soc v0.4.8 (/home/asta/tgoskits/wt-feat-net-observe/drivers/soc/rockchip/rockchip-soc)
   Compiling crab-usb v0.12.1 (/home/asta/tgoskits/wt-feat-net-observe/drivers/usb/usb-host)
   Compiling ax-driver v0.18.1 (/home/asta/tgoskits/wt-feat-net-observe/drivers/ax-driver)
   Compiling somehal v0.11.3 (/home/asta/tgoskits/wt-feat-net-observe/platforms/somehal)
   Compiling axplat-dyn v0.10.4 (/home/asta/tgoskits/wt-feat-net-observe/platforms/axplat-dyn)
   Compiling ax-crate-interface v0.5.8 (/home/asta/tgoskits/wt-feat-net-observe/components/crate_interface)
   Compiling trait-ffi-macros v0.4.0 (/home/asta/tgoskits/wt-feat-net-observe/components/trait-ffi/trait-ffi-macros)
   Compiling ax-percpu-macros v0.4.12 (/home/asta/tgoskits/wt-feat-net-observe/components/percpu/percpu_macros)
   Compiling rdrive-macros v0.4.3 (/home/asta/tgoskits/wt-feat-net-observe/drivers/rdrive-macros)
   Compiling ax-plat-macros v0.3.10 (/home/asta/tgoskits/wt-feat-net-observe/platforms/ax-plat-macros)
   Compiling someboot v0.7.2 (/home/asta/tgoskits/wt-feat-net-observe/platforms/someboot)
   Compiling somehal-macros v0.1.7 (/home/asta/tgoskits/wt-feat-net-observe/platforms/somehal-macros)
   Compiling scope-local v0.6.5 (/home/asta/tgoskits/wt-feat-net-observe/components/scope-local)
   Compiling ax-ctor-bare-macros v0.4.10 (/home/asta/tgoskits/wt-feat-net-observe/components/ctor_bare/ctor_bare_macros)
   Compiling ax-runtime v0.13.5 (/home/asta/tgoskits/wt-feat-net-observe/os/arceos/modules/axruntime)
   Compiling ax-posix-api v0.6.8 (/home/asta/tgoskits/wt-feat-net-observe/os/arceos/api/arceos_posix_api)
   Compiling ax-tracepoint v0.6.1 (/home/asta/tgoskits/wt-feat-net-observe/components/ax-tracepoint)
   Compiling starry-signal v0.10.5 (/home/asta/tgoskits/wt-feat-net-observe/os/StarryOS/signal)
   Compiling starry-kernel v0.12.1 (/home/asta/tgoskits/wt-feat-net-observe/os/StarryOS/kernel)
    Checking ax-sync v0.6.0 (/home/asta/tgoskits/wt-feat-net-observe/os/arceos/modules/axsync)
    Checking ax-log v0.6.1 (/home/asta/tgoskits/wt-feat-net-observe/os/arceos/modules/axlog)
    Checking ax-ctor-bare v0.4.10 (/home/asta/tgoskits/wt-feat-net-observe/components/ctor_bare/ctor_bare)
    Checking dma-api v0.10.2 (/home/asta/tgoskits/wt-feat-net-observe/memory/dma-api)
    Checking rdrive v0.25.0 (/home/asta/tgoskits/wt-feat-net-observe/drivers/rdrive)
    Checking buddy-slab-allocator v0.6.1 (/home/asta/tgoskits/wt-feat-net-observe/memory/buddy-slab-allocator)
    Checking axfs-ng-vfs v0.8.1 (/home/asta/tgoskits/wt-feat-net-observe/fs/axfs-ng-vfs)
    Checking axpoll-set v0.1.1 (/home/asta/tgoskits/wt-feat-net-observe/components/axpoll-set)
    Checking ax-cgroup v0.3.0 (/home/asta/tgoskits/wt-feat-net-observe/components/ax-cgroup)
    Checking trait-ffi v0.3.1 (/home/asta/tgoskits/wt-feat-net-observe/components/trait-ffi/trait-ffi)
    Checking ax-cpu v0.10.3 (/home/asta/tgoskits/wt-feat-net-observe/components/axcpu)
    Checking ax-task v0.8.4 (/home/asta/tgoskits/wt-feat-net-observe/components/ax-task)
    Checking rdif-block v0.13.2 (/home/asta/tgoskits/wt-feat-net-observe/drivers/interface/rdif-block)
    Checking rdif-eth v0.6.0 (/home/asta/tgoskits/wt-feat-net-observe/drivers/interface/rdif-eth)
    Checking rdif-gpu v0.1.0 (/home/asta/tgoskits/wt-feat-net-observe/drivers/interface/rdif-gpu)
    Checking rd-net v0.3.3 (/home/asta/tgoskits/wt-feat-net-observe/drivers/net/rd-net)
    Checking rdif-display v0.5.0 (/home/asta/tgoskits/wt-feat-net-observe/drivers/interface/rdif-display)
    Checking ax-plat v0.15.0 (/home/asta/tgoskits/wt-feat-net-observe/platforms/ax-plat)
    Checking ax-fs-ng v0.11.2 (/home/asta/tgoskits/wt-feat-net-observe/fs/ax-fs-ng)
    Checking axklib v0.9.1 (/home/asta/tgoskits/wt-feat-net-observe/components/axklib)
    Checking ax-input v0.7.0 (/home/asta/tgoskits/wt-feat-net-observe/os/arceos/modules/axinput)
    Checking ax-hal v0.8.4 (/home/asta/tgoskits/wt-feat-net-observe/os/arceos/modules/axhal)
    Checking ax-mm v0.8.4 (/home/asta/tgoskits/wt-feat-net-observe/os/arceos/modules/axmm)
    Checking ax-ipi v0.6.5 (/home/asta/tgoskits/wt-feat-net-observe/os/arceos/modules/axipi)
    Checking ax-net v0.13.6 (/home/asta/tgoskits/wt-feat-net-observe/net/ax-net)
    Checking ax-gpu v0.1.0 (/home/asta/tgoskits/wt-feat-net-observe/os/arceos/modules/axgpu)
    Checking ax-display v0.7.0 (/home/asta/tgoskits/wt-feat-net-observe/os/arceos/modules/axdisplay)
    Checking ax-api v0.8.6 (/home/asta/tgoskits/wt-feat-net-observe/os/arceos/api/arceos_api)
    Checking ax-std v0.7.5 (/home/asta/tgoskits/wt-feat-net-observe/os/arceos/ulib/axstd)
    Finished `dev` profile [unoptimized + debuginfo] target(s) in 5.44s
warning: the following packages contain code that will be rejected by a future version of Rust: core v0.0.0 (/opt/rustup/toolchains/nightly-2026-09-04-x86_64-unknown-linux-gnu/lib/rustlib/src/rust/library/core), memchr v2.8.3
note: to see what the problems were, use the option `--future-incompat-report`, or run `cargo report future-incompatibilities --id 1`
[axbuild] accepted known upstream Rust #134375 future-incompatibility for core@0.0.0, memchr@2.8.3
ok: starry-kernel (base, target: aarch64-unknown-none-softfloat)
[2/80] starry-kernel (feature: axtest, target: aarch64-unknown-none-softfloat)
          cd /home/asta/tgoskits/wt-feat-net-observe && CARGO_UNSTABLE_JSON_TARGET_SPEC=true cargo clippy --no-deps -p starry-kernel --no-default-features --features axtest --target scripts/targets/bare/aarch64-unknown-none-softfloat.json -Z json-target-spec -Z build-std=core,alloc -- -Cllvm-args=--max-store-memcpy=16 -D warnings
    Checking ax-task v0.8.4 (/home/asta/tgoskits/wt-feat-net-observe/components/ax-task)
   Compiling ax-runtime v0.13.5 (/home/asta/tgoskits/wt-feat-net-observe/os/arceos/modules/axruntime)
   Compiling axtest-macros v0.5.16 (/home/asta/tgoskits/wt-feat-net-observe/components/axtest/axtest_macros)
   Compiling starry-kernel v0.12.1 (/home/asta/tgoskits/wt-feat-net-observe/os/StarryOS/kernel)
    Checking axtest v0.5.16 (/home/asta/tgoskits/wt-feat-net-observe/components/axtest/axtest)
    Checking ax-net v0.13.6 (/home/asta/tgoskits/wt-feat-net-observe/net/ax-net)
    Checking ax-input v0.7.0 (/home/asta/tgoskits/wt-feat-net-observe/os/arceos/modules/axinput)
    Checking ax-gpu v0.1.0 (/home/asta/tgoskits/wt-feat-net-observe/os/arceos/modules/axgpu)
    Checking ax-display v0.7.0 (/home/asta/tgoskits/wt-feat-net-observe/os/arceos/modules/axdisplay)
    Checking ax-api v0.8.6 (/home/asta/tgoskits/wt-feat-net-observe/os/arceos/api/arceos_api)
    Checking starry-signal v0.10.5 (/home/asta/tgoskits/wt-feat-net-observe/os/StarryOS/signal)
    Checking ax-posix-api v0.6.8 (/home/asta/tgoskits/wt-feat-net-observe/os/arceos/api/arceos_posix_api)
    Checking ax-std v0.7.5 (/home/asta/tgoskits/wt-feat-net-observe/os/arceos/ulib/axstd)
warning: unused dependency `axtest`
  --> os/StarryOS/kernel/Cargo.toml:61:1
   |
61 | axtest = { workspace = true, optional = true }
   | ^^^^^^^^^^^^^^^^^^^^^^^^^^^^^^^^^^^^^^^^^^^^^^
   |
   = note: `cargo::unused_dependencies` is set to `warn` by default
help: consider removing the dependency on `axtest`
warning: `starry-kernel` (manifest) generated 1 warning
    Finished `dev` profile [unoptimized + debuginfo] target(s) in 4.58s
warning: the following packages contain code that will be rejected by a future version of Rust: core v0.0.0 (/opt/rustup/toolchains/nightly-2026-09-04-x86_64-unknown-linux-gnu/lib/rustlib/src/rust/library/core), memchr v2.8.3
note: to see what the problems were, use the option `--future-incompat-report`, or run `cargo report future-incompatibilities --id 1`
[axbuild] accepted known upstream Rust #134375 future-incompatibility for core@0.0.0, memchr@2.8.3
ok: starry-kernel (feature: axtest, target: aarch64-unknown-none-softfloat)
[3/80] starry-kernel (feature: axtest-coverage, target: aarch64-unknown-none-softfloat)
          cd /home/asta/tgoskits/wt-feat-net-observe && CARGO_UNSTABLE_JSON_TARGET_SPEC=true cargo clippy --no-deps -p starry-kernel --no-default-features --features axtest-coverage --target scripts/targets/bare/aarch64-unknown-none-softfloat.json -Z json-target-spec -Z build-std=core,alloc -- -Cllvm-args=--max-store-memcpy=16 -D warnings
   Compiling starry-kernel v0.12.1 (/home/asta/tgoskits/wt-feat-net-observe/os/StarryOS/kernel)
    Checking axtest v0.5.16 (/home/asta/tgoskits/wt-feat-net-observe/components/axtest/axtest)
warning: unused dependency `axtest`
  --> os/StarryOS/kernel/Cargo.toml:61:1
   |
61 | axtest = { workspace = true, optional = true }
   | ^^^^^^^^^^^^^^^^^^^^^^^^^^^^^^^^^^^^^^^^^^^^^^
   |
   = note: `cargo::unused_dependencies` is set to `warn` by default
help: consider removing the dependency on `axtest`
warning: `starry-kernel` (manifest) generated 1 warning
    Finished `dev` profile [unoptimized + debuginfo] target(s) in 3.30s
warning: the following packages contain code that will be rejected by a future version of Rust: core v0.0.0 (/opt/rustup/toolchains/nightly-2026-09-04-x86_64-unknown-linux-gnu/lib/rustlib/src/rust/library/core), memchr v2.8.3
note: to see what the problems were, use the option `--future-incompat-report`, or run `cargo report future-incompatibilities --id 1`
[axbuild] accepted known upstream Rust #134375 future-incompatibility for core@0.0.0, memchr@2.8.3
ok: starry-kernel (feature: axtest-coverage, target: aarch64-unknown-none-softfloat)
[4/80] starry-kernel (feature: dev-log, target: aarch64-unknown-none-softfloat)
          cd /home/asta/tgoskits/wt-feat-net-observe && CARGO_UNSTABLE_JSON_TARGET_SPEC=true cargo clippy --no-deps -p starry-kernel --no-default-features --features dev-log --target scripts/targets/bare/aarch64-unknown-none-softfloat.json -Z json-target-spec -Z build-std=core,alloc -- -Cllvm-args=--max-store-memcpy=16 -D warnings
   Compiling starry-kernel v0.12.1 (/home/asta/tgoskits/wt-feat-net-observe/os/StarryOS/kernel)
    Finished `dev` profile [unoptimized + debuginfo] target(s) in 3.29s
warning: the following packages contain code that will be rejected by a future version of Rust: core v0.0.0 (/opt/rustup/toolchains/nightly-2026-09-04-x86_64-unknown-linux-gnu/lib/rustlib/src/rust/library/core), memchr v2.8.3
note: to see what the problems were, use the option `--future-incompat-report`, or run `cargo report future-incompatibilities --id 1`
[axbuild] accepted known upstream Rust #134375 future-incompatibility for core@0.0.0, memchr@2.8.3
ok: starry-kernel (feature: dev-log, target: aarch64-unknown-none-softfloat)
[5/80] starry-kernel (feature: dynamic_debug, target: aarch64-unknown-none-softfloat)
          cd /home/asta/tgoskits/wt-feat-net-observe && CARGO_UNSTABLE_JSON_TARGET_SPEC=true cargo clippy --no-deps -p starry-kernel --no-default-features --features dynamic_debug --target scripts/targets/bare/aarch64-unknown-none-softfloat.json -Z json-target-spec -Z build-std=core,alloc -- -Cllvm-args=--max-store-memcpy=16 -D warnings
   Compiling starry-kernel v0.12.1 (/home/asta/tgoskits/wt-feat-net-observe/os/StarryOS/kernel)
    Finished `dev` profile [unoptimized + debuginfo] target(s) in 3.36s
warning: the following packages contain code that will be rejected by a future version of Rust: core v0.0.0 (/opt/rustup/toolchains/nightly-2026-09-04-x86_64-unknown-linux-gnu/lib/rustlib/src/rust/library/core), memchr v2.8.3
note: to see what the problems were, use the option `--future-incompat-report`, or run `cargo report future-incompatibilities --id 1`
[axbuild] accepted known upstream Rust #134375 future-incompatibility for core@0.0.0, memchr@2.8.3
ok: starry-kernel (feature: dynamic_debug, target: aarch64-unknown-none-softfloat)
[6/80] starry-kernel (feature: ext4, target: aarch64-unknown-none-softfloat)
          cd /home/asta/tgoskits/wt-feat-net-observe && CARGO_UNSTABLE_JSON_TARGET_SPEC=true cargo clippy --no-deps -p starry-kernel --no-default-features --features ext4 --target scripts/targets/bare/aarch64-unknown-none-softfloat.json -Z json-target-spec -Z build-std=core,alloc -- -Cllvm-args=--max-store-memcpy=16 -D warnings
   Compiling starry-kernel v0.12.1 (/home/asta/tgoskits/wt-feat-net-observe/os/StarryOS/kernel)
    Finished `dev` profile [unoptimized + debuginfo] target(s) in 3.24s
warning: the following packages contain code that will be rejected by a future version of Rust: core v0.0.0 (/opt/rustup/toolchains/nightly-2026-09-04-x86_64-unknown-linux-gnu/lib/rustlib/src/rust/library/core), memchr v2.8.3
note: to see what the problems were, use the option `--future-incompat-report`, or run `cargo report future-incompatibilities --id 1`
[axbuild] accepted known upstream Rust #134375 future-incompatibility for core@0.0.0, memchr@2.8.3
ok: starry-kernel (feature: ext4, target: aarch64-unknown-none-softfloat)
[7/80] starry-kernel (feature: fat, target: aarch64-unknown-none-softfloat)
          cd /home/asta/tgoskits/wt-feat-net-observe && CARGO_UNSTABLE_JSON_TARGET_SPEC=true cargo clippy --no-deps -p starry-kernel --no-default-features --features fat --target scripts/targets/bare/aarch64-unknown-none-softfloat.json -Z json-target-spec -Z build-std=core,alloc -- -Cllvm-args=--max-store-memcpy=16 -D warnings
   Compiling starry-kernel v0.12.1 (/home/asta/tgoskits/wt-feat-net-observe/os/StarryOS/kernel)
    Checking ax-fs-ng v0.11.2 (/home/asta/tgoskits/wt-feat-net-observe/fs/ax-fs-ng)
    Checking ax-runtime v0.13.5 (/home/asta/tgoskits/wt-feat-net-observe/os/arceos/modules/axruntime)
    Checking ax-api v0.8.6 (/home/asta/tgoskits/wt-feat-net-observe/os/arceos/api/arceos_api)
    Checking starry-signal v0.10.5 (/home/asta/tgoskits/wt-feat-net-observe/os/StarryOS/signal)
    Checking ax-posix-api v0.6.8 (/home/asta/tgoskits/wt-feat-net-observe/os/arceos/api/arceos_posix_api)
    Checking ax-std v0.7.5 (/home/asta/tgoskits/wt-feat-net-observe/os/arceos/ulib/axstd)
    Finished `dev` profile [unoptimized + debuginfo] target(s) in 3.85s
warning: the following packages contain code that will be rejected by a future version of Rust: core v0.0.0 (/opt/rustup/toolchains/nightly-2026-09-04-x86_64-unknown-linux-gnu/lib/rustlib/src/rust/library/core), memchr v2.8.3
note: to see what the problems were, use the option `--future-incompat-report`, or run `cargo report future-incompatibilities --id 1`
[axbuild] accepted known upstream Rust #134375 future-incompatibility for core@0.0.0, memchr@2.8.3
ok: starry-kernel (feature: fat, target: aarch64-unknown-none-softfloat)
[8/80] starry-kernel (feature: jpeg, target: aarch64-unknown-none-softfloat)
          cd /home/asta/tgoskits/wt-feat-net-observe && CARGO_UNSTABLE_JSON_TARGET_SPEC=true cargo clippy --no-deps -p starry-kernel --no-default-features --features jpeg --target scripts/targets/bare/aarch64-unknown-none-softfloat.json -Z json-target-spec -Z build-std=core,alloc -- -Cllvm-args=--max-store-memcpy=16 -D warnings
   Compiling rockchip-pm v0.4.10 (/home/asta/tgoskits/wt-feat-net-observe/drivers/soc/rockchip/rockchip-pm)
   Compiling ax-driver v0.18.1 (/home/asta/tgoskits/wt-feat-net-observe/drivers/ax-driver)
    Checking rockchip-jpeg v0.2.0 (/home/asta/tgoskits/wt-feat-net-observe/drivers/vpu/rockchip-jpeg)
   Compiling starry-kernel v0.12.1 (/home/asta/tgoskits/wt-feat-net-observe/os/StarryOS/kernel)
    Checking axplat-dyn v0.10.4 (/home/asta/tgoskits/wt-feat-net-observe/platforms/axplat-dyn)
    Checking ax-hal v0.8.4 (/home/asta/tgoskits/wt-feat-net-observe/os/arceos/modules/axhal)
    Checking ax-net v0.13.6 (/home/asta/tgoskits/wt-feat-net-observe/net/ax-net)
    Checking ax-mm v0.8.4 (/home/asta/tgoskits/wt-feat-net-observe/os/arceos/modules/axmm)
    Checking ax-ipi v0.6.5 (/home/asta/tgoskits/wt-feat-net-observe/os/arceos/modules/axipi)
    Checking ax-gpu v0.1.0 (/home/asta/tgoskits/wt-feat-net-observe/os/arceos/modules/axgpu)
    Checking ax-display v0.7.0 (/home/asta/tgoskits/wt-feat-net-observe/os/arceos/modules/axdisplay)
    Checking ax-runtime v0.13.5 (/home/asta/tgoskits/wt-feat-net-observe/os/arceos/modules/axruntime)
    Checking ax-api v0.8.6 (/home/asta/tgoskits/wt-feat-net-observe/os/arceos/api/arceos_api)
    Checking starry-signal v0.10.5 (/home/asta/tgoskits/wt-feat-net-observe/os/StarryOS/signal)
    Checking ax-posix-api v0.6.8 (/home/asta/tgoskits/wt-feat-net-observe/os/arceos/api/arceos_posix_api)
    Checking ax-std v0.7.5 (/home/asta/tgoskits/wt-feat-net-observe/os/arceos/ulib/axstd)
    Finished `dev` profile [unoptimized + debuginfo] target(s) in 4.32s
warning: the following packages contain code that will be rejected by a future version of Rust: core v0.0.0 (/opt/rustup/toolchains/nightly-2026-09-04-x86_64-unknown-linux-gnu/lib/rustlib/src/rust/library/core), memchr v2.8.3
note: to see what the problems were, use the option `--future-incompat-report`, or run `cargo report future-incompatibilities --id 1`
[axbuild] accepted known upstream Rust #134375 future-incompatibility for core@0.0.0, memchr@2.8.3
ok: starry-kernel (feature: jpeg, target: aarch64-unknown-none-softfloat)
[9/80] starry-kernel (feature: k230-kpu, target: aarch64-unknown-none-softfloat)
          cd /home/asta/tgoskits/wt-feat-net-observe && CARGO_UNSTABLE_JSON_TARGET_SPEC=true cargo clippy --no-deps -p starry-kernel --no-default-features --features k230-kpu --target scripts/targets/bare/aarch64-unknown-none-softfloat.json -Z json-target-spec -Z build-std=core,alloc -- -Cllvm-args=--max-store-memcpy=16 -D warnings
    Checking ax-cpu v0.10.3 (/home/asta/tgoskits/wt-feat-net-observe/components/axcpu)
   Compiling starry-kernel v0.12.1 (/home/asta/tgoskits/wt-feat-net-observe/os/StarryOS/kernel)
    Checking cpu-local v0.4.3 (/home/asta/tgoskits/wt-feat-net-observe/components/cpu-local)
    Checking someboot v0.7.2 (/home/asta/tgoskits/wt-feat-net-observe/platforms/someboot)
    Checking ax-percpu v0.4.24 (/home/asta/tgoskits/wt-feat-net-observe/components/percpu/percpu)
    Checking ax-plat v0.15.0 (/home/asta/tgoskits/wt-feat-net-observe/platforms/ax-plat)
    Checking scope-local v0.6.5 (/home/asta/tgoskits/wt-feat-net-observe/components/scope-local)
    Checking somehal v0.11.3 (/home/asta/tgoskits/wt-feat-net-observe/platforms/somehal)
    Checking ax-fs-ng v0.11.2 (/home/asta/tgoskits/wt-feat-net-observe/fs/ax-fs-ng)
    Checking ax-alloc v0.9.2 (/home/asta/tgoskits/wt-feat-net-observe/memory/ax-alloc)
    Checking axklib v0.9.1 (/home/asta/tgoskits/wt-feat-net-observe/components/axklib)
    Checking ax-driver v0.18.1 (/home/asta/tgoskits/wt-feat-net-observe/drivers/ax-driver)
    Checking axplat-dyn v0.10.4 (/home/asta/tgoskits/wt-feat-net-observe/platforms/axplat-dyn)
    Checking ax-hal v0.8.4 (/home/asta/tgoskits/wt-feat-net-observe/os/arceos/modules/axhal)
    Checking ax-ipi v0.6.5 (/home/asta/tgoskits/wt-feat-net-observe/os/arceos/modules/axipi)
    Checking ax-net v0.13.6 (/home/asta/tgoskits/wt-feat-net-observe/net/ax-net)
    Checking ax-mm v0.8.4 (/home/asta/tgoskits/wt-feat-net-observe/os/arceos/modules/axmm)
    Checking ax-gpu v0.1.0 (/home/asta/tgoskits/wt-feat-net-observe/os/arceos/modules/axgpu)
    Checking ax-display v0.7.0 (/home/asta/tgoskits/wt-feat-net-observe/os/arceos/modules/axdisplay)
    Checking ax-runtime v0.13.5 (/home/asta/tgoskits/wt-feat-net-observe/os/arceos/modules/axruntime)
    Checking ax-api v0.8.6 (/home/asta/tgoskits/wt-feat-net-observe/os/arceos/api/arceos_api)
    Checking starry-signal v0.10.5 (/home/asta/tgoskits/wt-feat-net-observe/os/StarryOS/signal)
    Checking ax-posix-api v0.6.8 (/home/asta/tgoskits/wt-feat-net-observe/os/arceos/api/arceos_posix_api)
    Checking ax-std v0.7.5 (/home/asta/tgoskits/wt-feat-net-observe/os/arceos/ulib/axstd)
    Finished `dev` profile [unoptimized + debuginfo] target(s) in 4.57s
warning: the following packages contain code that will be rejected by a future version of Rust: core v0.0.0 (/opt/rustup/toolchains/nightly-2026-09-04-x86_64-unknown-linux-gnu/lib/rustlib/src/rust/library/core), memchr v2.8.3
note: to see what the problems were, use the option `--future-incompat-report`, or run `cargo report future-incompatibilities --id 1`
[axbuild] accepted known upstream Rust #134375 future-incompatibility for core@0.0.0, memchr@2.8.3
ok: starry-kernel (feature: k230-kpu, target: aarch64-unknown-none-softfloat)
[10/80] starry-kernel (feature: memtrack, target: aarch64-unknown-none-softfloat)
          cd /home/asta/tgoskits/wt-feat-net-observe && CARGO_UNSTABLE_JSON_TARGET_SPEC=true cargo clippy --no-deps -p starry-kernel --no-default-features --features memtrack --target scripts/targets/bare/aarch64-unknown-none-softfloat.json -Z json-target-spec -Z build-std=core,alloc -- -Cllvm-args=--max-store-memcpy=16 -D warnings
   Compiling ax-alloc v0.9.2 (/home/asta/tgoskits/wt-feat-net-observe/memory/ax-alloc)
   Compiling starry-kernel v0.12.1 (/home/asta/tgoskits/wt-feat-net-observe/os/StarryOS/kernel)
    Checking axklib v0.9.1 (/home/asta/tgoskits/wt-feat-net-observe/components/axklib)
    Checking ax-driver v0.18.1 (/home/asta/tgoskits/wt-feat-net-observe/drivers/ax-driver)
    Checking axplat-dyn v0.10.4 (/home/asta/tgoskits/wt-feat-net-observe/platforms/axplat-dyn)
    Checking ax-hal v0.8.4 (/home/asta/tgoskits/wt-feat-net-observe/os/arceos/modules/axhal)
    Checking ax-mm v0.8.4 (/home/asta/tgoskits/wt-feat-net-observe/os/arceos/modules/axmm)
    Checking ax-net v0.13.6 (/home/asta/tgoskits/wt-feat-net-observe/net/ax-net)
    Checking ax-ipi v0.6.5 (/home/asta/tgoskits/wt-feat-net-observe/os/arceos/modules/axipi)
    Checking ax-gpu v0.1.0 (/home/asta/tgoskits/wt-feat-net-observe/os/arceos/modules/axgpu)
    Checking ax-display v0.7.0 (/home/asta/tgoskits/wt-feat-net-observe/os/arceos/modules/axdisplay)
    Checking ax-runtime v0.13.5 (/home/asta/tgoskits/wt-feat-net-observe/os/arceos/modules/axruntime)
    Checking ax-api v0.8.6 (/home/asta/tgoskits/wt-feat-net-observe/os/arceos/api/arceos_api)
    Checking starry-signal v0.10.5 (/home/asta/tgoskits/wt-feat-net-observe/os/StarryOS/signal)
    Checking ax-posix-api v0.6.8 (/home/asta/tgoskits/wt-feat-net-observe/os/arceos/api/arceos_posix_api)
    Checking ax-std v0.7.5 (/home/asta/tgoskits/wt-feat-net-observe/os/arceos/ulib/axstd)
    Finished `dev` profile [unoptimized + debuginfo] target(s) in 4.38s
warning: the following packages contain code that will be rejected by a future version of Rust: core v0.0.0 (/opt/rustup/toolchains/nightly-2026-09-04-x86_64-unknown-linux-gnu/lib/rustlib/src/rust/library/core), memchr v2.8.3
note: to see what the problems were, use the option `--future-incompat-report`, or run `cargo report future-incompatibilities --id 1`
[axbuild] accepted known upstream Rust #134375 future-incompatibility for core@0.0.0, memchr@2.8.3
ok: starry-kernel (feature: memtrack, target: aarch64-unknown-none-softfloat)
[11/80] starry-kernel (feature: qperf-metrics, target: aarch64-unknown-none-softfloat)
          cd /home/asta/tgoskits/wt-feat-net-observe && CARGO_UNSTABLE_JSON_TARGET_SPEC=true cargo clippy --no-deps -p starry-kernel --no-default-features --features qperf-metrics --target scripts/targets/bare/aarch64-unknown-none-softfloat.json -Z json-target-spec -Z build-std=core,alloc -- -Cllvm-args=--max-store-memcpy=16 -D warnings
    Checking ax-task v0.8.4 (/home/asta/tgoskits/wt-feat-net-observe/components/ax-task)
   Compiling ax-runtime v0.13.5 (/home/asta/tgoskits/wt-feat-net-observe/os/arceos/modules/axruntime)
   Compiling starry-kernel v0.12.1 (/home/asta/tgoskits/wt-feat-net-observe/os/StarryOS/kernel)
    Checking ax-input v0.7.0 (/home/asta/tgoskits/wt-feat-net-observe/os/arceos/modules/axinput)
    Checking ax-net v0.13.6 (/home/asta/tgoskits/wt-feat-net-observe/net/ax-net)
    Checking ax-gpu v0.1.0 (/home/asta/tgoskits/wt-feat-net-observe/os/arceos/modules/axgpu)
    Checking ax-display v0.7.0 (/home/asta/tgoskits/wt-feat-net-observe/os/arceos/modules/axdisplay)
    Checking ax-api v0.8.6 (/home/asta/tgoskits/wt-feat-net-observe/os/arceos/api/arceos_api)
    Checking starry-signal v0.10.5 (/home/asta/tgoskits/wt-feat-net-observe/os/StarryOS/signal)
    Checking ax-posix-api v0.6.8 (/home/asta/tgoskits/wt-feat-net-observe/os/arceos/api/arceos_posix_api)
    Checking ax-std v0.7.5 (/home/asta/tgoskits/wt-feat-net-observe/os/arceos/ulib/axstd)
    Finished `dev` profile [unoptimized + debuginfo] target(s) in 4.40s
warning: the following packages contain code that will be rejected by a future version of Rust: core v0.0.0 (/opt/rustup/toolchains/nightly-2026-09-04-x86_64-unknown-linux-gnu/lib/rustlib/src/rust/library/core), memchr v2.8.3
note: to see what the problems were, use the option `--future-incompat-report`, or run `cargo report future-incompatibilities --id 1`
[axbuild] accepted known upstream Rust #134375 future-incompatibility for core@0.0.0, memchr@2.8.3
ok: starry-kernel (feature: qperf-metrics, target: aarch64-unknown-none-softfloat)
[12/80] starry-kernel (feature: rdif-pinctrl, target: aarch64-unknown-none-softfloat)
          cd /home/asta/tgoskits/wt-feat-net-observe && CARGO_UNSTABLE_JSON_TARGET_SPEC=true cargo clippy --no-deps -p starry-kernel --no-default-features --features rdif-pinctrl --target scripts/targets/bare/aarch64-unknown-none-softfloat.json -Z json-target-spec -Z build-std=core,alloc -- -Cllvm-args=--max-store-memcpy=16 -D warnings
   Compiling starry-kernel v0.12.1 (/home/asta/tgoskits/wt-feat-net-observe/os/StarryOS/kernel)
    Finished `dev` profile [unoptimized + debuginfo] target(s) in 3.12s
warning: the following packages contain code that will be rejected by a future version of Rust: core v0.0.0 (/opt/rustup/toolchains/nightly-2026-09-04-x86_64-unknown-linux-gnu/lib/rustlib/src/rust/library/core), memchr v2.8.3
note: to see what the problems were, use the option `--future-incompat-report`, or run `cargo report future-incompatibilities --id 1`
[axbuild] accepted known upstream Rust #134375 future-incompatibility for core@0.0.0, memchr@2.8.3
ok: starry-kernel (feature: rdif-pinctrl, target: aarch64-unknown-none-softfloat)
[13/80] starry-kernel (feature: rga, target: aarch64-unknown-none-softfloat)
          cd /home/asta/tgoskits/wt-feat-net-observe && CARGO_UNSTABLE_JSON_TARGET_SPEC=true cargo clippy --no-deps -p starry-kernel --no-default-features --features rga --target scripts/targets/bare/aarch64-unknown-none-softfloat.json -Z json-target-spec -Z build-std=core,alloc -- -Cllvm-args=--max-store-memcpy=16 -D warnings
   Compiling ax-driver v0.18.1 (/home/asta/tgoskits/wt-feat-net-observe/drivers/ax-driver)
    Checking ax-cpu v0.10.3 (/home/asta/tgoskits/wt-feat-net-observe/components/axcpu)
    Checking rockchip-rga v0.3.0 (/home/asta/tgoskits/wt-feat-net-observe/drivers/gpu/rockchip-rga)
   Compiling starry-kernel v0.12.1 (/home/asta/tgoskits/wt-feat-net-observe/os/StarryOS/kernel)
    Checking cpu-local v0.4.3 (/home/asta/tgoskits/wt-feat-net-observe/components/cpu-local)
    Checking someboot v0.7.2 (/home/asta/tgoskits/wt-feat-net-observe/platforms/someboot)
    Checking ax-percpu v0.4.24 (/home/asta/tgoskits/wt-feat-net-observe/components/percpu/percpu)
    Checking ax-plat v0.15.0 (/home/asta/tgoskits/wt-feat-net-observe/platforms/ax-plat)
    Checking scope-local v0.6.5 (/home/asta/tgoskits/wt-feat-net-observe/components/scope-local)
    Checking somehal v0.11.3 (/home/asta/tgoskits/wt-feat-net-observe/platforms/somehal)
    Checking ax-fs-ng v0.11.2 (/home/asta/tgoskits/wt-feat-net-observe/fs/ax-fs-ng)
    Checking ax-alloc v0.9.2 (/home/asta/tgoskits/wt-feat-net-observe/memory/ax-alloc)
    Checking axklib v0.9.1 (/home/asta/tgoskits/wt-feat-net-observe/components/axklib)
    Checking axplat-dyn v0.10.4 (/home/asta/tgoskits/wt-feat-net-observe/platforms/axplat-dyn)
    Checking ax-hal v0.8.4 (/home/asta/tgoskits/wt-feat-net-observe/os/arceos/modules/axhal)
    Checking ax-net v0.13.6 (/home/asta/tgoskits/wt-feat-net-observe/net/ax-net)
    Checking ax-mm v0.8.4 (/home/asta/tgoskits/wt-feat-net-observe/os/arceos/modules/axmm)
    Checking ax-ipi v0.6.5 (/home/asta/tgoskits/wt-feat-net-observe/os/arceos/modules/axipi)
    Checking ax-gpu v0.1.0 (/home/asta/tgoskits/wt-feat-net-observe/os/arceos/modules/axgpu)
    Checking ax-display v0.7.0 (/home/asta/tgoskits/wt-feat-net-observe/os/arceos/modules/axdisplay)
    Checking ax-runtime v0.13.5 (/home/asta/tgoskits/wt-feat-net-observe/os/arceos/modules/axruntime)
    Checking ax-api v0.8.6 (/home/asta/tgoskits/wt-feat-net-observe/os/arceos/api/arceos_api)
    Checking starry-signal v0.10.5 (/home/asta/tgoskits/wt-feat-net-observe/os/StarryOS/signal)
    Checking ax-posix-api v0.6.8 (/home/asta/tgoskits/wt-feat-net-observe/os/arceos/api/arceos_posix_api)
    Checking ax-std v0.7.5 (/home/asta/tgoskits/wt-feat-net-observe/os/arceos/ulib/axstd)
    Finished `dev` profile [unoptimized + debuginfo] target(s) in 4.47s
warning: the following packages contain code that will be rejected by a future version of Rust: core v0.0.0 (/opt/rustup/toolchains/nightly-2026-09-04-x86_64-unknown-linux-gnu/lib/rustlib/src/rust/library/core), memchr v2.8.3
note: to see what the problems were, use the option `--future-incompat-report`, or run `cargo report future-incompatibilities --id 1`
[axbuild] accepted known upstream Rust #134375 future-incompatibility for core@0.0.0, memchr@2.8.3
ok: starry-kernel (feature: rga, target: aarch64-unknown-none-softfloat)
[14/80] starry-kernel (feature: rknpu, target: aarch64-unknown-none-softfloat)
          cd /home/asta/tgoskits/wt-feat-net-observe && CARGO_UNSTABLE_JSON_TARGET_SPEC=true cargo clippy --no-deps -p starry-kernel --no-default-features --features rknpu --target scripts/targets/bare/aarch64-unknown-none-softfloat.json -Z json-target-spec -Z build-std=core,alloc -- -Cllvm-args=--max-store-memcpy=16 -D warnings
   Compiling rockchip-npu v0.7.0 (/home/asta/tgoskits/wt-feat-net-observe/drivers/npu/rockchip-npu)
   Compiling ax-driver v0.18.1 (/home/asta/tgoskits/wt-feat-net-observe/drivers/ax-driver)
   Compiling starry-kernel v0.12.1 (/home/asta/tgoskits/wt-feat-net-observe/os/StarryOS/kernel)
    Checking axplat-dyn v0.10.4 (/home/asta/tgoskits/wt-feat-net-observe/platforms/axplat-dyn)
    Checking ax-hal v0.8.4 (/home/asta/tgoskits/wt-feat-net-observe/os/arceos/modules/axhal)
    Checking ax-ipi v0.6.5 (/home/asta/tgoskits/wt-feat-net-observe/os/arceos/modules/axipi)
    Checking ax-mm v0.8.4 (/home/asta/tgoskits/wt-feat-net-observe/os/arceos/modules/axmm)
    Checking ax-net v0.13.6 (/home/asta/tgoskits/wt-feat-net-observe/net/ax-net)
    Checking ax-gpu v0.1.0 (/home/asta/tgoskits/wt-feat-net-observe/os/arceos/modules/axgpu)
    Checking ax-display v0.7.0 (/home/asta/tgoskits/wt-feat-net-observe/os/arceos/modules/axdisplay)
    Checking ax-runtime v0.13.5 (/home/asta/tgoskits/wt-feat-net-observe/os/arceos/modules/axruntime)
    Checking ax-api v0.8.6 (/home/asta/tgoskits/wt-feat-net-observe/os/arceos/api/arceos_api)
    Checking starry-signal v0.10.5 (/home/asta/tgoskits/wt-feat-net-observe/os/StarryOS/signal)
    Checking ax-posix-api v0.6.8 (/home/asta/tgoskits/wt-feat-net-observe/os/arceos/api/arceos_posix_api)
    Checking ax-std v0.7.5 (/home/asta/tgoskits/wt-feat-net-observe/os/arceos/ulib/axstd)
    Finished `dev` profile [unoptimized + debuginfo] target(s) in 4.42s
warning: the following packages contain code that will be rejected by a future version of Rust: core v0.0.0 (/opt/rustup/toolchains/nightly-2026-09-04-x86_64-unknown-linux-gnu/lib/rustlib/src/rust/library/core), memchr v2.8.3
note: to see what the problems were, use the option `--future-incompat-report`, or run `cargo report future-incompatibilities --id 1`
[axbuild] accepted known upstream Rust #134375 future-incompatibility for core@0.0.0, memchr@2.8.3
ok: starry-kernel (feature: rknpu, target: aarch64-unknown-none-softfloat)
[15/80] starry-kernel (feature: sg2002, target: aarch64-unknown-none-softfloat)
          cd /home/asta/tgoskits/wt-feat-net-observe && CARGO_UNSTABLE_JSON_TARGET_SPEC=true cargo clippy --no-deps -p starry-kernel --no-default-features --features sg2002 --target scripts/targets/bare/aarch64-unknown-none-softfloat.json -Z json-target-spec -Z build-std=core,alloc -- -Cllvm-args=--max-store-memcpy=16 -D warnings
   Compiling starry-kernel v0.12.1 (/home/asta/tgoskits/wt-feat-net-observe/os/StarryOS/kernel)
    Checking ax-driver v0.18.1 (/home/asta/tgoskits/wt-feat-net-observe/drivers/ax-driver)
    Checking sg2002-tpu v0.4.1 (/home/asta/tgoskits/wt-feat-net-observe/drivers/tpu/sg2002-tpu)
    Checking axplat-dyn v0.10.4 (/home/asta/tgoskits/wt-feat-net-observe/platforms/axplat-dyn)
    Checking ax-hal v0.8.4 (/home/asta/tgoskits/wt-feat-net-observe/os/arceos/modules/axhal)
    Checking ax-ipi v0.6.5 (/home/asta/tgoskits/wt-feat-net-observe/os/arceos/modules/axipi)
    Checking ax-mm v0.8.4 (/home/asta/tgoskits/wt-feat-net-observe/os/arceos/modules/axmm)
    Checking ax-net v0.13.6 (/home/asta/tgoskits/wt-feat-net-observe/net/ax-net)
    Checking ax-gpu v0.1.0 (/home/asta/tgoskits/wt-feat-net-observe/os/arceos/modules/axgpu)
    Checking ax-display v0.7.0 (/home/asta/tgoskits/wt-feat-net-observe/os/arceos/modules/axdisplay)
    Checking ax-runtime v0.13.5 (/home/asta/tgoskits/wt-feat-net-observe/os/arceos/modules/axruntime)
    Checking ax-api v0.8.6 (/home/asta/tgoskits/wt-feat-net-observe/os/arceos/api/arceos_api)
    Checking starry-signal v0.10.5 (/home/asta/tgoskits/wt-feat-net-observe/os/StarryOS/signal)
    Checking ax-posix-api v0.6.8 (/home/asta/tgoskits/wt-feat-net-observe/os/arceos/api/arceos_posix_api)
    Checking ax-std v0.7.5 (/home/asta/tgoskits/wt-feat-net-observe/os/arceos/ulib/axstd)
warning: unused dependency `sg200x-bsp`
   --> os/StarryOS/kernel/Cargo.toml:166:1
    |
166 | sg200x-bsp = { workspace = true, optional = true, features = ["c906", "cv182x-host"] }
    | ^^^^^^^^^^^^^^^^^^^^^^^^^^^^^^^^^^^^^^^^^^^^^^^^^^^^^^^^^^^^^^^^^^^^^^^^^^^^^^^^^^^^^^
    |
    = note: `cargo::unused_dependencies` is set to `warn` by default
help: consider removing the dependency on `sg200x-bsp`
warning: `starry-kernel` (manifest) generated 1 warning
    Finished `dev` profile [unoptimized + debuginfo] target(s) in 4.11s
warning: the following packages contain code that will be rejected by a future version of Rust: core v0.0.0 (/opt/rustup/toolchains/nightly-2026-09-04-x86_64-unknown-linux-gnu/lib/rustlib/src/rust/library/core), memchr v2.8.3
note: to see what the problems were, use the option `--future-incompat-report`, or run `cargo report future-incompatibilities --id 1`
[axbuild] accepted known upstream Rust #134375 future-incompatibility for core@0.0.0, memchr@2.8.3
ok: starry-kernel (feature: sg2002, target: aarch64-unknown-none-softfloat)
[16/80] starry-kernel (feature: sg2002-cvi-usb-camera, target: aarch64-unknown-none-softfloat)
          cd /home/asta/tgoskits/wt-feat-net-observe && CARGO_UNSTABLE_JSON_TARGET_SPEC=true cargo clippy --no-deps -p starry-kernel --no-default-features --features sg2002-cvi-usb-camera --target scripts/targets/bare/aarch64-unknown-none-softfloat.json -Z json-target-spec -Z build-std=core,alloc -- -Cllvm-args=--max-store-memcpy=16 -D warnings
   Compiling starry-kernel v0.12.1 (/home/asta/tgoskits/wt-feat-net-observe/os/StarryOS/kernel)
    Checking sg200x-jpu v0.1.6 (/home/asta/tgoskits/wt-feat-net-observe/drivers/vpu/sg200x-jpu)
    Finished `dev` profile [unoptimized + debuginfo] target(s) in 3.24s
warning: the following packages contain code that will be rejected by a future version of Rust: core v0.0.0 (/opt/rustup/toolchains/nightly-2026-09-04-x86_64-unknown-linux-gnu/lib/rustlib/src/rust/library/core), memchr v2.8.3
note: to see what the problems were, use the option `--future-incompat-report`, or run `cargo report future-incompatibilities --id 1`
[axbuild] accepted known upstream Rust #134375 future-incompatibility for core@0.0.0, memchr@2.8.3
ok: starry-kernel (feature: sg2002-cvi-usb-camera, target: aarch64-unknown-none-softfloat)
[17/80] starry-kernel (feature: stack-guard-page, target: aarch64-unknown-none-softfloat)
          cd /home/asta/tgoskits/wt-feat-net-observe && CARGO_UNSTABLE_JSON_TARGET_SPEC=true cargo clippy --no-deps -p starry-kernel --no-default-features --features stack-guard-page --target scripts/targets/bare/aarch64-unknown-none-softfloat.json -Z json-target-spec -Z build-std=core,alloc -- -Cllvm-args=--max-store-memcpy=16 -D warnings
   Compiling ax-runtime v0.13.5 (/home/asta/tgoskits/wt-feat-net-observe/os/arceos/modules/axruntime)
   Compiling starry-kernel v0.12.1 (/home/asta/tgoskits/wt-feat-net-observe/os/StarryOS/kernel)
    Checking ax-api v0.8.6 (/home/asta/tgoskits/wt-feat-net-observe/os/arceos/api/arceos_api)
    Checking starry-signal v0.10.5 (/home/asta/tgoskits/wt-feat-net-observe/os/StarryOS/signal)
    Checking ax-posix-api v0.6.8 (/home/asta/tgoskits/wt-feat-net-observe/os/arceos/api/arceos_posix_api)
    Checking ax-std v0.7.5 (/home/asta/tgoskits/wt-feat-net-observe/os/arceos/ulib/axstd)
    Finished `dev` profile [unoptimized + debuginfo] target(s) in 3.58s
warning: the following packages contain code that will be rejected by a future version of Rust: core v0.0.0 (/opt/rustup/toolchains/nightly-2026-09-04-x86_64-unknown-linux-gnu/lib/rustlib/src/rust/library/core), memchr v2.8.3
note: to see what the problems were, use the option `--future-incompat-report`, or run `cargo report future-incompatibilities --id 1`
[axbuild] accepted known upstream Rust #134375 future-incompatibility for core@0.0.0, memchr@2.8.3
ok: starry-kernel (feature: stack-guard-page, target: aarch64-unknown-none-softfloat)
[18/80] starry-kernel (feature: stack-protector, target: aarch64-unknown-none-softfloat)
          cd /home/asta/tgoskits/wt-feat-net-observe && CARGO_UNSTABLE_JSON_TARGET_SPEC=true cargo clippy --no-deps -p starry-kernel --no-default-features --features stack-protector --target scripts/targets/bare/aarch64-unknown-none-softfloat.json -Z json-target-spec -Z build-std=core,alloc -- -Cllvm-args=--max-store-memcpy=16 -D warnings
   Compiling ax-runtime v0.13.5 (/home/asta/tgoskits/wt-feat-net-observe/os/arceos/modules/axruntime)
   Compiling starry-kernel v0.12.1 (/home/asta/tgoskits/wt-feat-net-observe/os/StarryOS/kernel)
    Checking ax-api v0.8.6 (/home/asta/tgoskits/wt-feat-net-observe/os/arceos/api/arceos_api)
    Checking starry-signal v0.10.5 (/home/asta/tgoskits/wt-feat-net-observe/os/StarryOS/signal)
    Checking ax-posix-api v0.6.8 (/home/asta/tgoskits/wt-feat-net-observe/os/arceos/api/arceos_posix_api)
    Checking ax-std v0.7.5 (/home/asta/tgoskits/wt-feat-net-observe/os/arceos/ulib/axstd)
    Finished `dev` profile [unoptimized + debuginfo] target(s) in 3.65s
warning: the following packages contain code that will be rejected by a future version of Rust: core v0.0.0 (/opt/rustup/toolchains/nightly-2026-09-04-x86_64-unknown-linux-gnu/lib/rustlib/src/rust/library/core), memchr v2.8.3
note: to see what the problems were, use the option `--future-incompat-report`, or run `cargo report future-incompatibilities --id 1`
[axbuild] accepted known upstream Rust #134375 future-incompatibility for core@0.0.0, memchr@2.8.3
ok: starry-kernel (feature: stack-protector, target: aarch64-unknown-none-softfloat)
[19/80] starry-kernel (feature: uaccess-lock-regression, target: aarch64-unknown-none-softfloat)
          cd /home/asta/tgoskits/wt-feat-net-observe && CARGO_UNSTABLE_JSON_TARGET_SPEC=true cargo clippy --no-deps -p starry-kernel --no-default-features --features uaccess-lock-regression --target scripts/targets/bare/aarch64-unknown-none-softfloat.json -Z json-target-spec -Z build-std=core,alloc -- -Cllvm-args=--max-store-memcpy=16 -D warnings
   Compiling starry-kernel v0.12.1 (/home/asta/tgoskits/wt-feat-net-observe/os/StarryOS/kernel)
    Finished `dev` profile [unoptimized + debuginfo] target(s) in 3.22s
warning: the following packages contain code that will be rejected by a future version of Rust: core v0.0.0 (/opt/rustup/toolchains/nightly-2026-09-04-x86_64-unknown-linux-gnu/lib/rustlib/src/rust/library/core), memchr v2.8.3
note: to see what the problems were, use the option `--future-incompat-report`, or run `cargo report future-incompatibilities --id 1`
[axbuild] accepted known upstream Rust #134375 future-incompatibility for core@0.0.0, memchr@2.8.3
ok: starry-kernel (feature: uaccess-lock-regression, target: aarch64-unknown-none-softfloat)
[20/80] starry-kernel (feature: uvc, target: aarch64-unknown-none-softfloat)
          cd /home/asta/tgoskits/wt-feat-net-observe && CARGO_UNSTABLE_JSON_TARGET_SPEC=true cargo clippy --no-deps -p starry-kernel --no-default-features --features uvc --target scripts/targets/bare/aarch64-unknown-none-softfloat.json -Z json-target-spec -Z build-std=core,alloc -- -Cllvm-args=--max-store-memcpy=16 -D warnings
    Checking ax-media v0.1.0 (/home/asta/tgoskits/wt-feat-net-observe/drivers/media/ax-media)
   Compiling starry-kernel v0.12.1 (/home/asta/tgoskits/wt-feat-net-observe/os/StarryOS/kernel)
    Checking media-uvc v0.1.0 (/home/asta/tgoskits/wt-feat-net-observe/drivers/media/uvc)
    Finished `dev` profile [unoptimized + debuginfo] target(s) in 3.58s
warning: the following packages contain code that will be rejected by a future version of Rust: core v0.0.0 (/opt/rustup/toolchains/nightly-2026-09-04-x86_64-unknown-linux-gnu/lib/rustlib/src/rust/library/core), memchr v2.8.3
note: to see what the problems were, use the option `--future-incompat-report`, or run `cargo report future-incompatibilities --id 1`
[axbuild] accepted known upstream Rust #134375 future-incompatibility for core@0.0.0, memchr@2.8.3
ok: starry-kernel (feature: uvc, target: aarch64-unknown-none-softfloat)
[21/80] starry-kernel (base, target: loongarch64-unknown-none-softfloat)
          cd /home/asta/tgoskits/wt-feat-net-observe && CARGO_UNSTABLE_JSON_TARGET_SPEC=true cargo clippy --no-deps -p starry-kernel --target scripts/targets/bare/loongarch64-unknown-none-softfloat.json -Z json-target-spec -Z build-std=core,alloc -- -D warnings
   Compiling cpu-local v0.4.3 (/home/asta/tgoskits/wt-feat-net-observe/components/cpu-local)
   Compiling ax-percpu v0.4.24 (/home/asta/tgoskits/wt-feat-net-observe/components/percpu/percpu)
   Compiling ax-alloc v0.9.2 (/home/asta/tgoskits/wt-feat-net-observe/memory/ax-alloc)
   Compiling rockchip-soc v0.4.8 (/home/asta/tgoskits/wt-feat-net-observe/drivers/soc/rockchip/rockchip-soc)
   Compiling crab-usb v0.12.1 (/home/asta/tgoskits/wt-feat-net-observe/drivers/usb/usb-host)
   Compiling somehal v0.11.3 (/home/asta/tgoskits/wt-feat-net-observe/platforms/somehal)
   Compiling ax-driver v0.18.1 (/home/asta/tgoskits/wt-feat-net-observe/drivers/ax-driver)
   Compiling axplat-dyn v0.10.4 (/home/asta/tgoskits/wt-feat-net-observe/platforms/axplat-dyn)
   Compiling ax-crate-interface v0.5.8 (/home/asta/tgoskits/wt-feat-net-observe/components/crate_interface)
   Compiling trait-ffi-macros v0.4.0 (/home/asta/tgoskits/wt-feat-net-observe/components/trait-ffi/trait-ffi-macros)
   Compiling ax-percpu-macros v0.4.12 (/home/asta/tgoskits/wt-feat-net-observe/components/percpu/percpu_macros)
   Compiling rdrive-macros v0.4.3 (/home/asta/tgoskits/wt-feat-net-observe/drivers/rdrive-macros)
   Compiling ax-plat-macros v0.3.10 (/home/asta/tgoskits/wt-feat-net-observe/platforms/ax-plat-macros)
   Compiling someboot v0.7.2 (/home/asta/tgoskits/wt-feat-net-observe/platforms/someboot)
   Compiling somehal-macros v0.1.7 (/home/asta/tgoskits/wt-feat-net-observe/platforms/somehal-macros)
   Compiling scope-local v0.6.5 (/home/asta/tgoskits/wt-feat-net-observe/components/scope-local)
   Compiling ax-ctor-bare-macros v0.4.10 (/home/asta/tgoskits/wt-feat-net-observe/components/ctor_bare/ctor_bare_macros)
   Compiling ax-runtime v0.13.5 (/home/asta/tgoskits/wt-feat-net-observe/os/arceos/modules/axruntime)
   Compiling ax-posix-api v0.6.8 (/home/asta/tgoskits/wt-feat-net-observe/os/arceos/api/arceos_posix_api)
   Compiling starry-signal v0.10.5 (/home/asta/tgoskits/wt-feat-net-observe/os/StarryOS/signal)
   Compiling ax-tracepoint v0.6.1 (/home/asta/tgoskits/wt-feat-net-observe/components/ax-tracepoint)
   Compiling starry-kernel v0.12.1 (/home/asta/tgoskits/wt-feat-net-observe/os/StarryOS/kernel)
    Checking ax-sync v0.6.0 (/home/asta/tgoskits/wt-feat-net-observe/os/arceos/modules/axsync)
    Checking ax-log v0.6.1 (/home/asta/tgoskits/wt-feat-net-observe/os/arceos/modules/axlog)
    Checking ax-ctor-bare v0.4.10 (/home/asta/tgoskits/wt-feat-net-observe/components/ctor_bare/ctor_bare)
    Checking dma-api v0.10.2 (/home/asta/tgoskits/wt-feat-net-observe/memory/dma-api)
    Checking rdrive v0.25.0 (/home/asta/tgoskits/wt-feat-net-observe/drivers/rdrive)
    Checking buddy-slab-allocator v0.6.1 (/home/asta/tgoskits/wt-feat-net-observe/memory/buddy-slab-allocator)
    Checking axpoll-set v0.1.1 (/home/asta/tgoskits/wt-feat-net-observe/components/axpoll-set)
    Checking axfs-ng-vfs v0.8.1 (/home/asta/tgoskits/wt-feat-net-observe/fs/axfs-ng-vfs)
    Checking ax-cgroup v0.3.0 (/home/asta/tgoskits/wt-feat-net-observe/components/ax-cgroup)
    Checking rdif-eth v0.6.0 (/home/asta/tgoskits/wt-feat-net-observe/drivers/interface/rdif-eth)
    Checking rdif-block v0.13.2 (/home/asta/tgoskits/wt-feat-net-observe/drivers/interface/rdif-block)
    Checking rdif-gpu v0.1.0 (/home/asta/tgoskits/wt-feat-net-observe/drivers/interface/rdif-gpu)
    Checking trait-ffi v0.3.1 (/home/asta/tgoskits/wt-feat-net-observe/components/trait-ffi/trait-ffi)
    Checking ax-cpu v0.10.3 (/home/asta/tgoskits/wt-feat-net-observe/components/axcpu)
    Checking ax-task v0.8.4 (/home/asta/tgoskits/wt-feat-net-observe/components/ax-task)
    Checking rdif-display v0.5.0 (/home/asta/tgoskits/wt-feat-net-observe/drivers/interface/rdif-display)
    Checking rd-net v0.3.3 (/home/asta/tgoskits/wt-feat-net-observe/drivers/net/rd-net)
    Checking ax-plat v0.15.0 (/home/asta/tgoskits/wt-feat-net-observe/platforms/ax-plat)
    Checking ax-fs-ng v0.11.2 (/home/asta/tgoskits/wt-feat-net-observe/fs/ax-fs-ng)
    Checking axklib v0.9.1 (/home/asta/tgoskits/wt-feat-net-observe/components/axklib)
    Checking ax-input v0.7.0 (/home/asta/tgoskits/wt-feat-net-observe/os/arceos/modules/axinput)
    Checking ax-hal v0.8.4 (/home/asta/tgoskits/wt-feat-net-observe/os/arceos/modules/axhal)
    Checking ax-ipi v0.6.5 (/home/asta/tgoskits/wt-feat-net-observe/os/arceos/modules/axipi)
    Checking ax-net v0.13.6 (/home/asta/tgoskits/wt-feat-net-observe/net/ax-net)
    Checking ax-mm v0.8.4 (/home/asta/tgoskits/wt-feat-net-observe/os/arceos/modules/axmm)
    Checking ax-gpu v0.1.0 (/home/asta/tgoskits/wt-feat-net-observe/os/arceos/modules/axgpu)
    Checking ax-display v0.7.0 (/home/asta/tgoskits/wt-feat-net-observe/os/arceos/modules/axdisplay)
    Checking ax-api v0.8.6 (/home/asta/tgoskits/wt-feat-net-observe/os/arceos/api/arceos_api)
    Checking ax-std v0.7.5 (/home/asta/tgoskits/wt-feat-net-observe/os/arceos/ulib/axstd)
    Finished `dev` profile [unoptimized + debuginfo] target(s) in 5.14s
ok: starry-kernel (base, target: loongarch64-unknown-none-softfloat)
[22/80] starry-kernel (feature: axtest, target: loongarch64-unknown-none-softfloat)
          cd /home/asta/tgoskits/wt-feat-net-observe && CARGO_UNSTABLE_JSON_TARGET_SPEC=true cargo clippy --no-deps -p starry-kernel --no-default-features --features axtest --target scripts/targets/bare/loongarch64-unknown-none-softfloat.json -Z json-target-spec -Z build-std=core,alloc -- -D warnings
    Checking ax-task v0.8.4 (/home/asta/tgoskits/wt-feat-net-observe/components/ax-task)
   Compiling ax-runtime v0.13.5 (/home/asta/tgoskits/wt-feat-net-observe/os/arceos/modules/axruntime)
   Compiling axtest-macros v0.5.16 (/home/asta/tgoskits/wt-feat-net-observe/components/axtest/axtest_macros)
   Compiling starry-kernel v0.12.1 (/home/asta/tgoskits/wt-feat-net-observe/os/StarryOS/kernel)
    Checking axtest v0.5.16 (/home/asta/tgoskits/wt-feat-net-observe/components/axtest/axtest)
    Checking ax-input v0.7.0 (/home/asta/tgoskits/wt-feat-net-observe/os/arceos/modules/axinput)
    Checking ax-net v0.13.6 (/home/asta/tgoskits/wt-feat-net-observe/net/ax-net)
    Checking ax-gpu v0.1.0 (/home/asta/tgoskits/wt-feat-net-observe/os/arceos/modules/axgpu)
    Checking ax-display v0.7.0 (/home/asta/tgoskits/wt-feat-net-observe/os/arceos/modules/axdisplay)
    Checking ax-api v0.8.6 (/home/asta/tgoskits/wt-feat-net-observe/os/arceos/api/arceos_api)
    Checking starry-signal v0.10.5 (/home/asta/tgoskits/wt-feat-net-observe/os/StarryOS/signal)
    Checking ax-posix-api v0.6.8 (/home/asta/tgoskits/wt-feat-net-observe/os/arceos/api/arceos_posix_api)
    Checking ax-std v0.7.5 (/home/asta/tgoskits/wt-feat-net-observe/os/arceos/ulib/axstd)
warning: unused dependency `axtest`
  --> os/StarryOS/kernel/Cargo.toml:61:1
   |
61 | axtest = { workspace = true, optional = true }
   | ^^^^^^^^^^^^^^^^^^^^^^^^^^^^^^^^^^^^^^^^^^^^^^
   |
   = note: `cargo::unused_dependencies` is set to `warn` by default
help: consider removing the dependency on `axtest`
warning: `starry-kernel` (manifest) generated 1 warning
    Finished `dev` profile [unoptimized + debuginfo] target(s) in 4.37s
ok: starry-kernel (feature: axtest, target: loongarch64-unknown-none-softfloat)
[23/80] starry-kernel (feature: axtest-coverage, target: loongarch64-unknown-none-softfloat)
          cd /home/asta/tgoskits/wt-feat-net-observe && CARGO_UNSTABLE_JSON_TARGET_SPEC=true cargo clippy --no-deps -p starry-kernel --no-default-features --features axtest-coverage --target scripts/targets/bare/loongarch64-unknown-none-softfloat.json -Z json-target-spec -Z build-std=core,alloc -- -D warnings
   Compiling starry-kernel v0.12.1 (/home/asta/tgoskits/wt-feat-net-observe/os/StarryOS/kernel)
    Checking axtest v0.5.16 (/home/asta/tgoskits/wt-feat-net-observe/components/axtest/axtest)
warning: unused dependency `axtest`
  --> os/StarryOS/kernel/Cargo.toml:61:1
   |
61 | axtest = { workspace = true, optional = true }
   | ^^^^^^^^^^^^^^^^^^^^^^^^^^^^^^^^^^^^^^^^^^^^^^
   |
   = note: `cargo::unused_dependencies` is set to `warn` by default
help: consider removing the dependency on `axtest`
warning: `starry-kernel` (manifest) generated 1 warning
    Finished `dev` profile [unoptimized + debuginfo] target(s) in 2.93s
ok: starry-kernel (feature: axtest-coverage, target: loongarch64-unknown-none-softfloat)
[24/80] starry-kernel (feature: dev-log, target: loongarch64-unknown-none-softfloat)
          cd /home/asta/tgoskits/wt-feat-net-observe && CARGO_UNSTABLE_JSON_TARGET_SPEC=true cargo clippy --no-deps -p starry-kernel --no-default-features --features dev-log --target scripts/targets/bare/loongarch64-unknown-none-softfloat.json -Z json-target-spec -Z build-std=core,alloc -- -D warnings
   Compiling starry-kernel v0.12.1 (/home/asta/tgoskits/wt-feat-net-observe/os/StarryOS/kernel)
    Finished `dev` profile [unoptimized + debuginfo] target(s) in 2.92s
ok: starry-kernel (feature: dev-log, target: loongarch64-unknown-none-softfloat)
[25/80] starry-kernel (feature: dynamic_debug, target: loongarch64-unknown-none-softfloat)
          cd /home/asta/tgoskits/wt-feat-net-observe && CARGO_UNSTABLE_JSON_TARGET_SPEC=true cargo clippy --no-deps -p starry-kernel --no-default-features --features dynamic_debug --target scripts/targets/bare/loongarch64-unknown-none-softfloat.json -Z json-target-spec -Z build-std=core,alloc -- -D warnings
   Compiling starry-kernel v0.12.1 (/home/asta/tgoskits/wt-feat-net-observe/os/StarryOS/kernel)
    Finished `dev` profile [unoptimized + debuginfo] target(s) in 2.90s
ok: starry-kernel (feature: dynamic_debug, target: loongarch64-unknown-none-softfloat)
[26/80] starry-kernel (feature: ext4, target: loongarch64-unknown-none-softfloat)
          cd /home/asta/tgoskits/wt-feat-net-observe && CARGO_UNSTABLE_JSON_TARGET_SPEC=true cargo clippy --no-deps -p starry-kernel --no-default-features --features ext4 --target scripts/targets/bare/loongarch64-unknown-none-softfloat.json -Z json-target-spec -Z build-std=core,alloc -- -D warnings
   Compiling starry-kernel v0.12.1 (/home/asta/tgoskits/wt-feat-net-observe/os/StarryOS/kernel)
    Finished `dev` profile [unoptimized + debuginfo] target(s) in 2.95s
ok: starry-kernel (feature: ext4, target: loongarch64-unknown-none-softfloat)
[27/80] starry-kernel (feature: fat, target: loongarch64-unknown-none-softfloat)
          cd /home/asta/tgoskits/wt-feat-net-observe && CARGO_UNSTABLE_JSON_TARGET_SPEC=true cargo clippy --no-deps -p starry-kernel --no-default-features --features fat --target scripts/targets/bare/loongarch64-unknown-none-softfloat.json -Z json-target-spec -Z build-std=core,alloc -- -D warnings
   Compiling starry-kernel v0.12.1 (/home/asta/tgoskits/wt-feat-net-observe/os/StarryOS/kernel)
    Checking ax-fs-ng v0.11.2 (/home/asta/tgoskits/wt-feat-net-observe/fs/ax-fs-ng)
    Checking ax-runtime v0.13.5 (/home/asta/tgoskits/wt-feat-net-observe/os/arceos/modules/axruntime)
    Checking ax-api v0.8.6 (/home/asta/tgoskits/wt-feat-net-observe/os/arceos/api/arceos_api)
    Checking starry-signal v0.10.5 (/home/asta/tgoskits/wt-feat-net-observe/os/StarryOS/signal)
    Checking ax-posix-api v0.6.8 (/home/asta/tgoskits/wt-feat-net-observe/os/arceos/api/arceos_posix_api)
    Checking ax-std v0.7.5 (/home/asta/tgoskits/wt-feat-net-observe/os/arceos/ulib/axstd)
    Finished `dev` profile [unoptimized + debuginfo] target(s) in 3.52s
ok: starry-kernel (feature: fat, target: loongarch64-unknown-none-softfloat)
[28/80] starry-kernel (feature: jpeg, target: loongarch64-unknown-none-softfloat)
          cd /home/asta/tgoskits/wt-feat-net-observe && CARGO_UNSTABLE_JSON_TARGET_SPEC=true cargo clippy --no-deps -p starry-kernel --no-default-features --features jpeg --target scripts/targets/bare/loongarch64-unknown-none-softfloat.json -Z json-target-spec -Z build-std=core,alloc -- -D warnings
   Compiling rockchip-pm v0.4.10 (/home/asta/tgoskits/wt-feat-net-observe/drivers/soc/rockchip/rockchip-pm)
   Compiling ax-driver v0.18.1 (/home/asta/tgoskits/wt-feat-net-observe/drivers/ax-driver)
    Checking rockchip-jpeg v0.2.0 (/home/asta/tgoskits/wt-feat-net-observe/drivers/vpu/rockchip-jpeg)
   Compiling starry-kernel v0.12.1 (/home/asta/tgoskits/wt-feat-net-observe/os/StarryOS/kernel)
    Checking axplat-dyn v0.10.4 (/home/asta/tgoskits/wt-feat-net-observe/platforms/axplat-dyn)
    Checking ax-hal v0.8.4 (/home/asta/tgoskits/wt-feat-net-observe/os/arceos/modules/axhal)
    Checking ax-ipi v0.6.5 (/home/asta/tgoskits/wt-feat-net-observe/os/arceos/modules/axipi)
    Checking ax-net v0.13.6 (/home/asta/tgoskits/wt-feat-net-observe/net/ax-net)
    Checking ax-mm v0.8.4 (/home/asta/tgoskits/wt-feat-net-observe/os/arceos/modules/axmm)
    Checking ax-gpu v0.1.0 (/home/asta/tgoskits/wt-feat-net-observe/os/arceos/modules/axgpu)
    Checking ax-display v0.7.0 (/home/asta/tgoskits/wt-feat-net-observe/os/arceos/modules/axdisplay)
    Checking ax-runtime v0.13.5 (/home/asta/tgoskits/wt-feat-net-observe/os/arceos/modules/axruntime)
    Checking ax-api v0.8.6 (/home/asta/tgoskits/wt-feat-net-observe/os/arceos/api/arceos_api)
    Checking starry-signal v0.10.5 (/home/asta/tgoskits/wt-feat-net-observe/os/StarryOS/signal)
    Checking ax-posix-api v0.6.8 (/home/asta/tgoskits/wt-feat-net-observe/os/arceos/api/arceos_posix_api)
    Checking ax-std v0.7.5 (/home/asta/tgoskits/wt-feat-net-observe/os/arceos/ulib/axstd)
    Finished `dev` profile [unoptimized + debuginfo] target(s) in 4.07s
ok: starry-kernel (feature: jpeg, target: loongarch64-unknown-none-softfloat)
[29/80] starry-kernel (feature: k230-kpu, target: loongarch64-unknown-none-softfloat)
          cd /home/asta/tgoskits/wt-feat-net-observe && CARGO_UNSTABLE_JSON_TARGET_SPEC=true cargo clippy --no-deps -p starry-kernel --no-default-features --features k230-kpu --target scripts/targets/bare/loongarch64-unknown-none-softfloat.json -Z json-target-spec -Z build-std=core,alloc -- -D warnings
    Checking ax-cpu v0.10.3 (/home/asta/tgoskits/wt-feat-net-observe/components/axcpu)
   Compiling starry-kernel v0.12.1 (/home/asta/tgoskits/wt-feat-net-observe/os/StarryOS/kernel)
    Checking cpu-local v0.4.3 (/home/asta/tgoskits/wt-feat-net-observe/components/cpu-local)
    Checking someboot v0.7.2 (/home/asta/tgoskits/wt-feat-net-observe/platforms/someboot)
    Checking ax-percpu v0.4.24 (/home/asta/tgoskits/wt-feat-net-observe/components/percpu/percpu)
    Checking ax-plat v0.15.0 (/home/asta/tgoskits/wt-feat-net-observe/platforms/ax-plat)
    Checking scope-local v0.6.5 (/home/asta/tgoskits/wt-feat-net-observe/components/scope-local)
    Checking somehal v0.11.3 (/home/asta/tgoskits/wt-feat-net-observe/platforms/somehal)
    Checking ax-fs-ng v0.11.2 (/home/asta/tgoskits/wt-feat-net-observe/fs/ax-fs-ng)
    Checking ax-alloc v0.9.2 (/home/asta/tgoskits/wt-feat-net-observe/memory/ax-alloc)
    Checking axklib v0.9.1 (/home/asta/tgoskits/wt-feat-net-observe/components/axklib)
    Checking ax-driver v0.18.1 (/home/asta/tgoskits/wt-feat-net-observe/drivers/ax-driver)
    Checking axplat-dyn v0.10.4 (/home/asta/tgoskits/wt-feat-net-observe/platforms/axplat-dyn)
    Checking ax-hal v0.8.4 (/home/asta/tgoskits/wt-feat-net-observe/os/arceos/modules/axhal)
    Checking ax-net v0.13.6 (/home/asta/tgoskits/wt-feat-net-observe/net/ax-net)
    Checking ax-mm v0.8.4 (/home/asta/tgoskits/wt-feat-net-observe/os/arceos/modules/axmm)
    Checking ax-ipi v0.6.5 (/home/asta/tgoskits/wt-feat-net-observe/os/arceos/modules/axipi)
    Checking ax-gpu v0.1.0 (/home/asta/tgoskits/wt-feat-net-observe/os/arceos/modules/axgpu)
    Checking ax-display v0.7.0 (/home/asta/tgoskits/wt-feat-net-observe/os/arceos/modules/axdisplay)
    Checking ax-runtime v0.13.5 (/home/asta/tgoskits/wt-feat-net-observe/os/arceos/modules/axruntime)
    Checking ax-api v0.8.6 (/home/asta/tgoskits/wt-feat-net-observe/os/arceos/api/arceos_api)
    Checking starry-signal v0.10.5 (/home/asta/tgoskits/wt-feat-net-observe/os/StarryOS/signal)
    Checking ax-posix-api v0.6.8 (/home/asta/tgoskits/wt-feat-net-observe/os/arceos/api/arceos_posix_api)
    Checking ax-std v0.7.5 (/home/asta/tgoskits/wt-feat-net-observe/os/arceos/ulib/axstd)
    Finished `dev` profile [unoptimized + debuginfo] target(s) in 4.23s
ok: starry-kernel (feature: k230-kpu, target: loongarch64-unknown-none-softfloat)
[30/80] starry-kernel (feature: memtrack, target: loongarch64-unknown-none-softfloat)
          cd /home/asta/tgoskits/wt-feat-net-observe && CARGO_UNSTABLE_JSON_TARGET_SPEC=true cargo clippy --no-deps -p starry-kernel --no-default-features --features memtrack --target scripts/targets/bare/loongarch64-unknown-none-softfloat.json -Z json-target-spec -Z build-std=core,alloc -- -D warnings
   Compiling ax-alloc v0.9.2 (/home/asta/tgoskits/wt-feat-net-observe/memory/ax-alloc)
   Compiling starry-kernel v0.12.1 (/home/asta/tgoskits/wt-feat-net-observe/os/StarryOS/kernel)
    Checking axklib v0.9.1 (/home/asta/tgoskits/wt-feat-net-observe/components/axklib)
    Checking ax-driver v0.18.1 (/home/asta/tgoskits/wt-feat-net-observe/drivers/ax-driver)
    Checking axplat-dyn v0.10.4 (/home/asta/tgoskits/wt-feat-net-observe/platforms/axplat-dyn)
    Checking ax-hal v0.8.4 (/home/asta/tgoskits/wt-feat-net-observe/os/arceos/modules/axhal)
    Checking ax-ipi v0.6.5 (/home/asta/tgoskits/wt-feat-net-observe/os/arceos/modules/axipi)
    Checking ax-mm v0.8.4 (/home/asta/tgoskits/wt-feat-net-observe/os/arceos/modules/axmm)
    Checking ax-net v0.13.6 (/home/asta/tgoskits/wt-feat-net-observe/net/ax-net)
    Checking ax-gpu v0.1.0 (/home/asta/tgoskits/wt-feat-net-observe/os/arceos/modules/axgpu)
    Checking ax-display v0.7.0 (/home/asta/tgoskits/wt-feat-net-observe/os/arceos/modules/axdisplay)
    Checking ax-runtime v0.13.5 (/home/asta/tgoskits/wt-feat-net-observe/os/arceos/modules/axruntime)
    Checking ax-api v0.8.6 (/home/asta/tgoskits/wt-feat-net-observe/os/arceos/api/arceos_api)
    Checking starry-signal v0.10.5 (/home/asta/tgoskits/wt-feat-net-observe/os/StarryOS/signal)
    Checking ax-posix-api v0.6.8 (/home/asta/tgoskits/wt-feat-net-observe/os/arceos/api/arceos_posix_api)
    Checking ax-std v0.7.5 (/home/asta/tgoskits/wt-feat-net-observe/os/arceos/ulib/axstd)
    Finished `dev` profile [unoptimized + debuginfo] target(s) in 4.03s
ok: starry-kernel (feature: memtrack, target: loongarch64-unknown-none-softfloat)
[31/80] starry-kernel (feature: qperf-metrics, target: loongarch64-unknown-none-softfloat)
          cd /home/asta/tgoskits/wt-feat-net-observe && CARGO_UNSTABLE_JSON_TARGET_SPEC=true cargo clippy --no-deps -p starry-kernel --no-default-features --features qperf-metrics --target scripts/targets/bare/loongarch64-unknown-none-softfloat.json -Z json-target-spec -Z build-std=core,alloc -- -D warnings
   Compiling ax-runtime v0.13.5 (/home/asta/tgoskits/wt-feat-net-observe/os/arceos/modules/axruntime)
    Checking ax-task v0.8.4 (/home/asta/tgoskits/wt-feat-net-observe/components/ax-task)
   Compiling starry-kernel v0.12.1 (/home/asta/tgoskits/wt-feat-net-observe/os/StarryOS/kernel)
    Checking ax-net v0.13.6 (/home/asta/tgoskits/wt-feat-net-observe/net/ax-net)
    Checking ax-input v0.7.0 (/home/asta/tgoskits/wt-feat-net-observe/os/arceos/modules/axinput)
    Checking ax-gpu v0.1.0 (/home/asta/tgoskits/wt-feat-net-observe/os/arceos/modules/axgpu)
    Checking ax-display v0.7.0 (/home/asta/tgoskits/wt-feat-net-observe/os/arceos/modules/axdisplay)
    Checking ax-api v0.8.6 (/home/asta/tgoskits/wt-feat-net-observe/os/arceos/api/arceos_api)
    Checking starry-signal v0.10.5 (/home/asta/tgoskits/wt-feat-net-observe/os/StarryOS/signal)
    Checking ax-posix-api v0.6.8 (/home/asta/tgoskits/wt-feat-net-observe/os/arceos/api/arceos_posix_api)
    Checking ax-std v0.7.5 (/home/asta/tgoskits/wt-feat-net-observe/os/arceos/ulib/axstd)
    Finished `dev` profile [unoptimized + debuginfo] target(s) in 4.17s
ok: starry-kernel (feature: qperf-metrics, target: loongarch64-unknown-none-softfloat)
[32/80] starry-kernel (feature: rdif-pinctrl, target: loongarch64-unknown-none-softfloat)
          cd /home/asta/tgoskits/wt-feat-net-observe && CARGO_UNSTABLE_JSON_TARGET_SPEC=true cargo clippy --no-deps -p starry-kernel --no-default-features --features rdif-pinctrl --target scripts/targets/bare/loongarch64-unknown-none-softfloat.json -Z json-target-spec -Z build-std=core,alloc -- -D warnings
   Compiling starry-kernel v0.12.1 (/home/asta/tgoskits/wt-feat-net-observe/os/StarryOS/kernel)
    Finished `dev` profile [unoptimized + debuginfo] target(s) in 2.90s
ok: starry-kernel (feature: rdif-pinctrl, target: loongarch64-unknown-none-softfloat)
[33/80] starry-kernel (feature: rga, target: loongarch64-unknown-none-softfloat)
          cd /home/asta/tgoskits/wt-feat-net-observe && CARGO_UNSTABLE_JSON_TARGET_SPEC=true cargo clippy --no-deps -p starry-kernel --no-default-features --features rga --target scripts/targets/bare/loongarch64-unknown-none-softfloat.json -Z json-target-spec -Z build-std=core,alloc -- -D warnings
   Compiling ax-driver v0.18.1 (/home/asta/tgoskits/wt-feat-net-observe/drivers/ax-driver)
    Checking ax-cpu v0.10.3 (/home/asta/tgoskits/wt-feat-net-observe/components/axcpu)
    Checking rockchip-rga v0.3.0 (/home/asta/tgoskits/wt-feat-net-observe/drivers/gpu/rockchip-rga)
   Compiling starry-kernel v0.12.1 (/home/asta/tgoskits/wt-feat-net-observe/os/StarryOS/kernel)
    Checking cpu-local v0.4.3 (/home/asta/tgoskits/wt-feat-net-observe/components/cpu-local)
    Checking someboot v0.7.2 (/home/asta/tgoskits/wt-feat-net-observe/platforms/someboot)
    Checking ax-percpu v0.4.24 (/home/asta/tgoskits/wt-feat-net-observe/components/percpu/percpu)
    Checking ax-plat v0.15.0 (/home/asta/tgoskits/wt-feat-net-observe/platforms/ax-plat)
    Checking scope-local v0.6.5 (/home/asta/tgoskits/wt-feat-net-observe/components/scope-local)
    Checking somehal v0.11.3 (/home/asta/tgoskits/wt-feat-net-observe/platforms/somehal)
    Checking ax-fs-ng v0.11.2 (/home/asta/tgoskits/wt-feat-net-observe/fs/ax-fs-ng)
    Checking ax-alloc v0.9.2 (/home/asta/tgoskits/wt-feat-net-observe/memory/ax-alloc)
    Checking axklib v0.9.1 (/home/asta/tgoskits/wt-feat-net-observe/components/axklib)
    Checking axplat-dyn v0.10.4 (/home/asta/tgoskits/wt-feat-net-observe/platforms/axplat-dyn)
    Checking ax-hal v0.8.4 (/home/asta/tgoskits/wt-feat-net-observe/os/arceos/modules/axhal)
    Checking ax-mm v0.8.4 (/home/asta/tgoskits/wt-feat-net-observe/os/arceos/modules/axmm)
    Checking ax-ipi v0.6.5 (/home/asta/tgoskits/wt-feat-net-observe/os/arceos/modules/axipi)
    Checking ax-net v0.13.6 (/home/asta/tgoskits/wt-feat-net-observe/net/ax-net)
    Checking ax-gpu v0.1.0 (/home/asta/tgoskits/wt-feat-net-observe/os/arceos/modules/axgpu)
    Checking ax-display v0.7.0 (/home/asta/tgoskits/wt-feat-net-observe/os/arceos/modules/axdisplay)
    Checking ax-runtime v0.13.5 (/home/asta/tgoskits/wt-feat-net-observe/os/arceos/modules/axruntime)
    Checking ax-api v0.8.6 (/home/asta/tgoskits/wt-feat-net-observe/os/arceos/api/arceos_api)
    Checking starry-signal v0.10.5 (/home/asta/tgoskits/wt-feat-net-observe/os/StarryOS/signal)
    Checking ax-posix-api v0.6.8 (/home/asta/tgoskits/wt-feat-net-observe/os/arceos/api/arceos_posix_api)
    Checking ax-std v0.7.5 (/home/asta/tgoskits/wt-feat-net-observe/os/arceos/ulib/axstd)
    Finished `dev` profile [unoptimized + debuginfo] target(s) in 4.55s
ok: starry-kernel (feature: rga, target: loongarch64-unknown-none-softfloat)
[34/80] starry-kernel (feature: rknpu, target: loongarch64-unknown-none-softfloat)
          cd /home/asta/tgoskits/wt-feat-net-observe && CARGO_UNSTABLE_JSON_TARGET_SPEC=true cargo clippy --no-deps -p starry-kernel --no-default-features --features rknpu --target scripts/targets/bare/loongarch64-unknown-none-softfloat.json -Z json-target-spec -Z build-std=core,alloc -- -D warnings
   Compiling rockchip-npu v0.7.0 (/home/asta/tgoskits/wt-feat-net-observe/drivers/npu/rockchip-npu)
   Compiling ax-driver v0.18.1 (/home/asta/tgoskits/wt-feat-net-observe/drivers/ax-driver)
   Compiling starry-kernel v0.12.1 (/home/asta/tgoskits/wt-feat-net-observe/os/StarryOS/kernel)
    Checking axplat-dyn v0.10.4 (/home/asta/tgoskits/wt-feat-net-observe/platforms/axplat-dyn)
    Checking ax-hal v0.8.4 (/home/asta/tgoskits/wt-feat-net-observe/os/arceos/modules/axhal)
    Checking ax-ipi v0.6.5 (/home/asta/tgoskits/wt-feat-net-observe/os/arceos/modules/axipi)
    Checking ax-net v0.13.6 (/home/asta/tgoskits/wt-feat-net-observe/net/ax-net)
    Checking ax-mm v0.8.4 (/home/asta/tgoskits/wt-feat-net-observe/os/arceos/modules/axmm)
    Checking ax-gpu v0.1.0 (/home/asta/tgoskits/wt-feat-net-observe/os/arceos/modules/axgpu)
    Checking ax-display v0.7.0 (/home/asta/tgoskits/wt-feat-net-observe/os/arceos/modules/axdisplay)
    Checking ax-runtime v0.13.5 (/home/asta/tgoskits/wt-feat-net-observe/os/arceos/modules/axruntime)
    Checking ax-api v0.8.6 (/home/asta/tgoskits/wt-feat-net-observe/os/arceos/api/arceos_api)
    Checking starry-signal v0.10.5 (/home/asta/tgoskits/wt-feat-net-observe/os/StarryOS/signal)
    Checking ax-posix-api v0.6.8 (/home/asta/tgoskits/wt-feat-net-observe/os/arceos/api/arceos_posix_api)
    Checking ax-std v0.7.5 (/home/asta/tgoskits/wt-feat-net-observe/os/arceos/ulib/axstd)
    Finished `dev` profile [unoptimized + debuginfo] target(s) in 4.41s
ok: starry-kernel (feature: rknpu, target: loongarch64-unknown-none-softfloat)
[35/80] starry-kernel (feature: sg2002, target: loongarch64-unknown-none-softfloat)
          cd /home/asta/tgoskits/wt-feat-net-observe && CARGO_UNSTABLE_JSON_TARGET_SPEC=true cargo clippy --no-deps -p starry-kernel --no-default-features --features sg2002 --target scripts/targets/bare/loongarch64-unknown-none-softfloat.json -Z json-target-spec -Z build-std=core,alloc -- -D warnings
   Compiling starry-kernel v0.12.1 (/home/asta/tgoskits/wt-feat-net-observe/os/StarryOS/kernel)
    Checking ax-driver v0.18.1 (/home/asta/tgoskits/wt-feat-net-observe/drivers/ax-driver)
    Checking sg2002-tpu v0.4.1 (/home/asta/tgoskits/wt-feat-net-observe/drivers/tpu/sg2002-tpu)
    Checking axplat-dyn v0.10.4 (/home/asta/tgoskits/wt-feat-net-observe/platforms/axplat-dyn)
    Checking ax-hal v0.8.4 (/home/asta/tgoskits/wt-feat-net-observe/os/arceos/modules/axhal)
    Checking ax-mm v0.8.4 (/home/asta/tgoskits/wt-feat-net-observe/os/arceos/modules/axmm)
    Checking ax-ipi v0.6.5 (/home/asta/tgoskits/wt-feat-net-observe/os/arceos/modules/axipi)
    Checking ax-net v0.13.6 (/home/asta/tgoskits/wt-feat-net-observe/net/ax-net)
    Checking ax-gpu v0.1.0 (/home/asta/tgoskits/wt-feat-net-observe/os/arceos/modules/axgpu)
    Checking ax-display v0.7.0 (/home/asta/tgoskits/wt-feat-net-observe/os/arceos/modules/axdisplay)
    Checking ax-runtime v0.13.5 (/home/asta/tgoskits/wt-feat-net-observe/os/arceos/modules/axruntime)
    Checking ax-api v0.8.6 (/home/asta/tgoskits/wt-feat-net-observe/os/arceos/api/arceos_api)
    Checking starry-signal v0.10.5 (/home/asta/tgoskits/wt-feat-net-observe/os/StarryOS/signal)
    Checking ax-posix-api v0.6.8 (/home/asta/tgoskits/wt-feat-net-observe/os/arceos/api/arceos_posix_api)
    Checking ax-std v0.7.5 (/home/asta/tgoskits/wt-feat-net-observe/os/arceos/ulib/axstd)
warning: unused dependency `sg200x-bsp`
   --> os/StarryOS/kernel/Cargo.toml:166:1
    |
166 | sg200x-bsp = { workspace = true, optional = true, features = ["c906", "cv182x-host"] }
    | ^^^^^^^^^^^^^^^^^^^^^^^^^^^^^^^^^^^^^^^^^^^^^^^^^^^^^^^^^^^^^^^^^^^^^^^^^^^^^^^^^^^^^^
    |
    = note: `cargo::unused_dependencies` is set to `warn` by default
help: consider removing the dependency on `sg200x-bsp`
warning: `starry-kernel` (manifest) generated 1 warning
    Finished `dev` profile [unoptimized + debuginfo] target(s) in 4.05s
ok: starry-kernel (feature: sg2002, target: loongarch64-unknown-none-softfloat)
[36/80] starry-kernel (feature: sg2002-cvi-usb-camera, target: loongarch64-unknown-none-softfloat)
          cd /home/asta/tgoskits/wt-feat-net-observe && CARGO_UNSTABLE_JSON_TARGET_SPEC=true cargo clippy --no-deps -p starry-kernel --no-default-features --features sg2002-cvi-usb-camera --target scripts/targets/bare/loongarch64-unknown-none-softfloat.json -Z json-target-spec -Z build-std=core,alloc -- -D warnings
   Compiling starry-kernel v0.12.1 (/home/asta/tgoskits/wt-feat-net-observe/os/StarryOS/kernel)
    Checking sg200x-jpu v0.1.6 (/home/asta/tgoskits/wt-feat-net-observe/drivers/vpu/sg200x-jpu)
    Finished `dev` profile [unoptimized + debuginfo] target(s) in 3.01s
ok: starry-kernel (feature: sg2002-cvi-usb-camera, target: loongarch64-unknown-none-softfloat)
[37/80] starry-kernel (feature: stack-guard-page, target: loongarch64-unknown-none-softfloat)
          cd /home/asta/tgoskits/wt-feat-net-observe && CARGO_UNSTABLE_JSON_TARGET_SPEC=true cargo clippy --no-deps -p starry-kernel --no-default-features --features stack-guard-page --target scripts/targets/bare/loongarch64-unknown-none-softfloat.json -Z json-target-spec -Z build-std=core,alloc -- -D warnings
   Compiling ax-runtime v0.13.5 (/home/asta/tgoskits/wt-feat-net-observe/os/arceos/modules/axruntime)
   Compiling starry-kernel v0.12.1 (/home/asta/tgoskits/wt-feat-net-observe/os/StarryOS/kernel)
    Checking ax-api v0.8.6 (/home/asta/tgoskits/wt-feat-net-observe/os/arceos/api/arceos_api)
    Checking starry-signal v0.10.5 (/home/asta/tgoskits/wt-feat-net-observe/os/StarryOS/signal)
    Checking ax-posix-api v0.6.8 (/home/asta/tgoskits/wt-feat-net-observe/os/arceos/api/arceos_posix_api)
    Checking ax-std v0.7.5 (/home/asta/tgoskits/wt-feat-net-observe/os/arceos/ulib/axstd)
    Finished `dev` profile [unoptimized + debuginfo] target(s) in 3.38s
ok: starry-kernel (feature: stack-guard-page, target: loongarch64-unknown-none-softfloat)
[38/80] starry-kernel (feature: stack-protector, target: loongarch64-unknown-none-softfloat)
          cd /home/asta/tgoskits/wt-feat-net-observe && CARGO_UNSTABLE_JSON_TARGET_SPEC=true cargo clippy --no-deps -p starry-kernel --no-default-features --features stack-protector --target scripts/targets/bare/loongarch64-unknown-none-softfloat.json -Z json-target-spec -Z build-std=core,alloc -- -D warnings
   Compiling ax-runtime v0.13.5 (/home/asta/tgoskits/wt-feat-net-observe/os/arceos/modules/axruntime)
   Compiling starry-kernel v0.12.1 (/home/asta/tgoskits/wt-feat-net-observe/os/StarryOS/kernel)
    Checking ax-api v0.8.6 (/home/asta/tgoskits/wt-feat-net-observe/os/arceos/api/arceos_api)
    Checking starry-signal v0.10.5 (/home/asta/tgoskits/wt-feat-net-observe/os/StarryOS/signal)
    Checking ax-posix-api v0.6.8 (/home/asta/tgoskits/wt-feat-net-observe/os/arceos/api/arceos_posix_api)
    Checking ax-std v0.7.5 (/home/asta/tgoskits/wt-feat-net-observe/os/arceos/ulib/axstd)
    Finished `dev` profile [unoptimized + debuginfo] target(s) in 3.35s
ok: starry-kernel (feature: stack-protector, target: loongarch64-unknown-none-softfloat)
[39/80] starry-kernel (feature: uaccess-lock-regression, target: loongarch64-unknown-none-softfloat)
          cd /home/asta/tgoskits/wt-feat-net-observe && CARGO_UNSTABLE_JSON_TARGET_SPEC=true cargo clippy --no-deps -p starry-kernel --no-default-features --features uaccess-lock-regression --target scripts/targets/bare/loongarch64-unknown-none-softfloat.json -Z json-target-spec -Z build-std=core,alloc -- -D warnings
   Compiling starry-kernel v0.12.1 (/home/asta/tgoskits/wt-feat-net-observe/os/StarryOS/kernel)
    Finished `dev` profile [unoptimized + debuginfo] target(s) in 2.88s
ok: starry-kernel (feature: uaccess-lock-regression, target: loongarch64-unknown-none-softfloat)
[40/80] starry-kernel (feature: uvc, target: loongarch64-unknown-none-softfloat)
          cd /home/asta/tgoskits/wt-feat-net-observe && CARGO_UNSTABLE_JSON_TARGET_SPEC=true cargo clippy --no-deps -p starry-kernel --no-default-features --features uvc --target scripts/targets/bare/loongarch64-unknown-none-softfloat.json -Z json-target-spec -Z build-std=core,alloc -- -D warnings
    Checking ax-media v0.1.0 (/home/asta/tgoskits/wt-feat-net-observe/drivers/media/ax-media)
   Compiling starry-kernel v0.12.1 (/home/asta/tgoskits/wt-feat-net-observe/os/StarryOS/kernel)
    Checking media-uvc v0.1.0 (/home/asta/tgoskits/wt-feat-net-observe/drivers/media/uvc)
    Finished `dev` profile [unoptimized + debuginfo] target(s) in 3.29s
ok: starry-kernel (feature: uvc, target: loongarch64-unknown-none-softfloat)
[41/80] starry-kernel (base, target: riscv64gc-unknown-none-elf)
          cd /home/asta/tgoskits/wt-feat-net-observe && CARGO_UNSTABLE_JSON_TARGET_SPEC=true cargo clippy --no-deps -p starry-kernel --target scripts/targets/bare/riscv64gc-unknown-none-elf.json -Z json-target-spec -Z build-std=core,alloc -- -D warnings
   Compiling cpu-local v0.4.3 (/home/asta/tgoskits/wt-feat-net-observe/components/cpu-local)
   Compiling ax-percpu v0.4.24 (/home/asta/tgoskits/wt-feat-net-observe/components/percpu/percpu)
   Compiling ax-alloc v0.9.2 (/home/asta/tgoskits/wt-feat-net-observe/memory/ax-alloc)
   Compiling rockchip-soc v0.4.8 (/home/asta/tgoskits/wt-feat-net-observe/drivers/soc/rockchip/rockchip-soc)
   Compiling crab-usb v0.12.1 (/home/asta/tgoskits/wt-feat-net-observe/drivers/usb/usb-host)
   Compiling somehal v0.11.3 (/home/asta/tgoskits/wt-feat-net-observe/platforms/somehal)
   Compiling ax-driver v0.18.1 (/home/asta/tgoskits/wt-feat-net-observe/drivers/ax-driver)
   Compiling axplat-dyn v0.10.4 (/home/asta/tgoskits/wt-feat-net-observe/platforms/axplat-dyn)
    Checking ax-sync v0.6.0 (/home/asta/tgoskits/wt-feat-net-observe/os/arceos/modules/axsync)
    Checking trait-ffi v0.3.1 (/home/asta/tgoskits/wt-feat-net-observe/components/trait-ffi/trait-ffi)
   Compiling someboot v0.7.2 (/home/asta/tgoskits/wt-feat-net-observe/platforms/someboot)
   Compiling scope-local v0.6.5 (/home/asta/tgoskits/wt-feat-net-observe/components/scope-local)
   Compiling ax-runtime v0.13.5 (/home/asta/tgoskits/wt-feat-net-observe/os/arceos/modules/axruntime)
    Checking ax-ctor-bare v0.4.10 (/home/asta/tgoskits/wt-feat-net-observe/components/ctor_bare/ctor_bare)
    Checking ax-log v0.6.1 (/home/asta/tgoskits/wt-feat-net-observe/os/arceos/modules/axlog)
   Compiling ax-posix-api v0.6.8 (/home/asta/tgoskits/wt-feat-net-observe/os/arceos/api/arceos_posix_api)
   Compiling starry-signal v0.10.5 (/home/asta/tgoskits/wt-feat-net-observe/os/StarryOS/signal)
   Compiling ax-tracepoint v0.6.1 (/home/asta/tgoskits/wt-feat-net-observe/components/ax-tracepoint)
   Compiling starry-kernel v0.12.1 (/home/asta/tgoskits/wt-feat-net-observe/os/StarryOS/kernel)
    Checking ax-cpu v0.10.3 (/home/asta/tgoskits/wt-feat-net-observe/components/axcpu)
    Checking ax-task v0.8.4 (/home/asta/tgoskits/wt-feat-net-observe/components/ax-task)
    Checking dma-api v0.10.2 (/home/asta/tgoskits/wt-feat-net-observe/memory/dma-api)
    Checking rdrive v0.25.0 (/home/asta/tgoskits/wt-feat-net-observe/drivers/rdrive)
    Checking buddy-slab-allocator v0.6.1 (/home/asta/tgoskits/wt-feat-net-observe/memory/buddy-slab-allocator)
    Checking axpoll-set v0.1.1 (/home/asta/tgoskits/wt-feat-net-observe/components/axpoll-set)
    Checking axfs-ng-vfs v0.8.1 (/home/asta/tgoskits/wt-feat-net-observe/fs/axfs-ng-vfs)
    Checking ax-cgroup v0.3.0 (/home/asta/tgoskits/wt-feat-net-observe/components/ax-cgroup)
    Checking rdif-block v0.13.2 (/home/asta/tgoskits/wt-feat-net-observe/drivers/interface/rdif-block)
    Checking rdif-eth v0.6.0 (/home/asta/tgoskits/wt-feat-net-observe/drivers/interface/rdif-eth)
    Checking rdif-gpu v0.1.0 (/home/asta/tgoskits/wt-feat-net-observe/drivers/interface/rdif-gpu)
    Checking rd-net v0.3.3 (/home/asta/tgoskits/wt-feat-net-observe/drivers/net/rd-net)
    Checking rdif-display v0.5.0 (/home/asta/tgoskits/wt-feat-net-observe/drivers/interface/rdif-display)
    Checking ax-plat v0.15.0 (/home/asta/tgoskits/wt-feat-net-observe/platforms/ax-plat)
    Checking ax-fs-ng v0.11.2 (/home/asta/tgoskits/wt-feat-net-observe/fs/ax-fs-ng)
    Checking axklib v0.9.1 (/home/asta/tgoskits/wt-feat-net-observe/components/axklib)
    Checking ax-input v0.7.0 (/home/asta/tgoskits/wt-feat-net-observe/os/arceos/modules/axinput)
    Checking ax-hal v0.8.4 (/home/asta/tgoskits/wt-feat-net-observe/os/arceos/modules/axhal)
    Checking ax-mm v0.8.4 (/home/asta/tgoskits/wt-feat-net-observe/os/arceos/modules/axmm)
    Checking ax-ipi v0.6.5 (/home/asta/tgoskits/wt-feat-net-observe/os/arceos/modules/axipi)
    Checking ax-net v0.13.6 (/home/asta/tgoskits/wt-feat-net-observe/net/ax-net)
    Checking ax-gpu v0.1.0 (/home/asta/tgoskits/wt-feat-net-observe/os/arceos/modules/axgpu)
    Checking ax-display v0.7.0 (/home/asta/tgoskits/wt-feat-net-observe/os/arceos/modules/axdisplay)
    Checking ax-api v0.8.6 (/home/asta/tgoskits/wt-feat-net-observe/os/arceos/api/arceos_api)
    Checking ax-std v0.7.5 (/home/asta/tgoskits/wt-feat-net-observe/os/arceos/ulib/axstd)
    Finished `dev` profile [unoptimized + debuginfo] target(s) in 4.71s
ok: starry-kernel (base, target: riscv64gc-unknown-none-elf)
[42/80] starry-kernel (feature: axtest, target: riscv64gc-unknown-none-elf)
          cd /home/asta/tgoskits/wt-feat-net-observe && CARGO_UNSTABLE_JSON_TARGET_SPEC=true cargo clippy --no-deps -p starry-kernel --no-default-features --features axtest --target scripts/targets/bare/riscv64gc-unknown-none-elf.json -Z json-target-spec -Z build-std=core,alloc -- -D warnings
    Checking ax-task v0.8.4 (/home/asta/tgoskits/wt-feat-net-observe/components/ax-task)
   Compiling ax-runtime v0.13.5 (/home/asta/tgoskits/wt-feat-net-observe/os/arceos/modules/axruntime)
   Compiling starry-kernel v0.12.1 (/home/asta/tgoskits/wt-feat-net-observe/os/StarryOS/kernel)
    Checking axtest v0.5.16 (/home/asta/tgoskits/wt-feat-net-observe/components/axtest/axtest)
    Checking ax-input v0.7.0 (/home/asta/tgoskits/wt-feat-net-observe/os/arceos/modules/axinput)
    Checking ax-net v0.13.6 (/home/asta/tgoskits/wt-feat-net-observe/net/ax-net)
    Checking ax-gpu v0.1.0 (/home/asta/tgoskits/wt-feat-net-observe/os/arceos/modules/axgpu)
    Checking ax-display v0.7.0 (/home/asta/tgoskits/wt-feat-net-observe/os/arceos/modules/axdisplay)
    Checking ax-api v0.8.6 (/home/asta/tgoskits/wt-feat-net-observe/os/arceos/api/arceos_api)
    Checking starry-signal v0.10.5 (/home/asta/tgoskits/wt-feat-net-observe/os/StarryOS/signal)
    Checking ax-posix-api v0.6.8 (/home/asta/tgoskits/wt-feat-net-observe/os/arceos/api/arceos_posix_api)
    Checking ax-std v0.7.5 (/home/asta/tgoskits/wt-feat-net-observe/os/arceos/ulib/axstd)
warning: unused dependency `axtest`
  --> os/StarryOS/kernel/Cargo.toml:61:1
   |
61 | axtest = { workspace = true, optional = true }
   | ^^^^^^^^^^^^^^^^^^^^^^^^^^^^^^^^^^^^^^^^^^^^^^
   |
   = note: `cargo::unused_dependencies` is set to `warn` by default
help: consider removing the dependency on `axtest`
warning: `starry-kernel` (manifest) generated 1 warning
    Finished `dev` profile [unoptimized + debuginfo] target(s) in 4.22s
ok: starry-kernel (feature: axtest, target: riscv64gc-unknown-none-elf)
[43/80] starry-kernel (feature: axtest-coverage, target: riscv64gc-unknown-none-elf)
          cd /home/asta/tgoskits/wt-feat-net-observe && CARGO_UNSTABLE_JSON_TARGET_SPEC=true cargo clippy --no-deps -p starry-kernel --no-default-features --features axtest-coverage --target scripts/targets/bare/riscv64gc-unknown-none-elf.json -Z json-target-spec -Z build-std=core,alloc -- -D warnings
    Checking axtest v0.5.16 (/home/asta/tgoskits/wt-feat-net-observe/components/axtest/axtest)
   Compiling starry-kernel v0.12.1 (/home/asta/tgoskits/wt-feat-net-observe/os/StarryOS/kernel)
warning: unused dependency `axtest`
  --> os/StarryOS/kernel/Cargo.toml:61:1
   |
61 | axtest = { workspace = true, optional = true }
   | ^^^^^^^^^^^^^^^^^^^^^^^^^^^^^^^^^^^^^^^^^^^^^^
   |
   = note: `cargo::unused_dependencies` is set to `warn` by default
help: consider removing the dependency on `axtest`
warning: `starry-kernel` (manifest) generated 1 warning
    Finished `dev` profile [unoptimized + debuginfo] target(s) in 2.75s
ok: starry-kernel (feature: axtest-coverage, target: riscv64gc-unknown-none-elf)
[44/80] starry-kernel (feature: dev-log, target: riscv64gc-unknown-none-elf)
          cd /home/asta/tgoskits/wt-feat-net-observe && CARGO_UNSTABLE_JSON_TARGET_SPEC=true cargo clippy --no-deps -p starry-kernel --no-default-features --features dev-log --target scripts/targets/bare/riscv64gc-unknown-none-elf.json -Z json-target-spec -Z build-std=core,alloc -- -D warnings
   Compiling starry-kernel v0.12.1 (/home/asta/tgoskits/wt-feat-net-observe/os/StarryOS/kernel)
    Checking ax-api v0.8.6 (/home/asta/tgoskits/wt-feat-net-observe/os/arceos/api/arceos_api)
    Checking starry-signal v0.10.5 (/home/asta/tgoskits/wt-feat-net-observe/os/StarryOS/signal)
    Checking ax-posix-api v0.6.8 (/home/asta/tgoskits/wt-feat-net-observe/os/arceos/api/arceos_posix_api)
    Checking ax-std v0.7.5 (/home/asta/tgoskits/wt-feat-net-observe/os/arceos/ulib/axstd)
    Finished `dev` profile [unoptimized + debuginfo] target(s) in 2.95s
ok: starry-kernel (feature: dev-log, target: riscv64gc-unknown-none-elf)
[45/80] starry-kernel (feature: dynamic_debug, target: riscv64gc-unknown-none-elf)
          cd /home/asta/tgoskits/wt-feat-net-observe && CARGO_UNSTABLE_JSON_TARGET_SPEC=true cargo clippy --no-deps -p starry-kernel --no-default-features --features dynamic_debug --target scripts/targets/bare/riscv64gc-unknown-none-elf.json -Z json-target-spec -Z build-std=core,alloc -- -D warnings
   Compiling starry-kernel v0.12.1 (/home/asta/tgoskits/wt-feat-net-observe/os/StarryOS/kernel)
    Finished `dev` profile [unoptimized + debuginfo] target(s) in 2.82s
ok: starry-kernel (feature: dynamic_debug, target: riscv64gc-unknown-none-elf)
[46/80] starry-kernel (feature: ext4, target: riscv64gc-unknown-none-elf)
          cd /home/asta/tgoskits/wt-feat-net-observe && CARGO_UNSTABLE_JSON_TARGET_SPEC=true cargo clippy --no-deps -p starry-kernel --no-default-features --features ext4 --target scripts/targets/bare/riscv64gc-unknown-none-elf.json -Z json-target-spec -Z build-std=core,alloc -- -D warnings
   Compiling starry-kernel v0.12.1 (/home/asta/tgoskits/wt-feat-net-observe/os/StarryOS/kernel)
    Finished `dev` profile [unoptimized + debuginfo] target(s) in 2.74s
ok: starry-kernel (feature: ext4, target: riscv64gc-unknown-none-elf)
[47/80] starry-kernel (feature: fat, target: riscv64gc-unknown-none-elf)
          cd /home/asta/tgoskits/wt-feat-net-observe && CARGO_UNSTABLE_JSON_TARGET_SPEC=true cargo clippy --no-deps -p starry-kernel --no-default-features --features fat --target scripts/targets/bare/riscv64gc-unknown-none-elf.json -Z json-target-spec -Z build-std=core,alloc -- -D warnings
   Compiling starry-kernel v0.12.1 (/home/asta/tgoskits/wt-feat-net-observe/os/StarryOS/kernel)
    Checking ax-fs-ng v0.11.2 (/home/asta/tgoskits/wt-feat-net-observe/fs/ax-fs-ng)
    Checking ax-runtime v0.13.5 (/home/asta/tgoskits/wt-feat-net-observe/os/arceos/modules/axruntime)
    Checking ax-api v0.8.6 (/home/asta/tgoskits/wt-feat-net-observe/os/arceos/api/arceos_api)
    Checking starry-signal v0.10.5 (/home/asta/tgoskits/wt-feat-net-observe/os/StarryOS/signal)
    Checking ax-posix-api v0.6.8 (/home/asta/tgoskits/wt-feat-net-observe/os/arceos/api/arceos_posix_api)
    Checking ax-std v0.7.5 (/home/asta/tgoskits/wt-feat-net-observe/os/arceos/ulib/axstd)
    Finished `dev` profile [unoptimized + debuginfo] target(s) in 3.48s
ok: starry-kernel (feature: fat, target: riscv64gc-unknown-none-elf)
[48/80] starry-kernel (feature: jpeg, target: riscv64gc-unknown-none-elf)
          cd /home/asta/tgoskits/wt-feat-net-observe && CARGO_UNSTABLE_JSON_TARGET_SPEC=true cargo clippy --no-deps -p starry-kernel --no-default-features --features jpeg --target scripts/targets/bare/riscv64gc-unknown-none-elf.json -Z json-target-spec -Z build-std=core,alloc -- -D warnings
   Compiling rockchip-pm v0.4.10 (/home/asta/tgoskits/wt-feat-net-observe/drivers/soc/rockchip/rockchip-pm)
   Compiling ax-driver v0.18.1 (/home/asta/tgoskits/wt-feat-net-observe/drivers/ax-driver)
    Checking rockchip-jpeg v0.2.0 (/home/asta/tgoskits/wt-feat-net-observe/drivers/vpu/rockchip-jpeg)
   Compiling starry-kernel v0.12.1 (/home/asta/tgoskits/wt-feat-net-observe/os/StarryOS/kernel)
    Checking axplat-dyn v0.10.4 (/home/asta/tgoskits/wt-feat-net-observe/platforms/axplat-dyn)
    Checking ax-hal v0.8.4 (/home/asta/tgoskits/wt-feat-net-observe/os/arceos/modules/axhal)
    Checking ax-net v0.13.6 (/home/asta/tgoskits/wt-feat-net-observe/net/ax-net)
    Checking ax-mm v0.8.4 (/home/asta/tgoskits/wt-feat-net-observe/os/arceos/modules/axmm)
    Checking ax-ipi v0.6.5 (/home/asta/tgoskits/wt-feat-net-observe/os/arceos/modules/axipi)
    Checking ax-gpu v0.1.0 (/home/asta/tgoskits/wt-feat-net-observe/os/arceos/modules/axgpu)
    Checking ax-display v0.7.0 (/home/asta/tgoskits/wt-feat-net-observe/os/arceos/modules/axdisplay)
    Checking ax-runtime v0.13.5 (/home/asta/tgoskits/wt-feat-net-observe/os/arceos/modules/axruntime)
    Checking ax-api v0.8.6 (/home/asta/tgoskits/wt-feat-net-observe/os/arceos/api/arceos_api)
    Checking starry-signal v0.10.5 (/home/asta/tgoskits/wt-feat-net-observe/os/StarryOS/signal)
    Checking ax-posix-api v0.6.8 (/home/asta/tgoskits/wt-feat-net-observe/os/arceos/api/arceos_posix_api)
    Checking ax-std v0.7.5 (/home/asta/tgoskits/wt-feat-net-observe/os/arceos/ulib/axstd)
    Finished `dev` profile [unoptimized + debuginfo] target(s) in 3.89s
ok: starry-kernel (feature: jpeg, target: riscv64gc-unknown-none-elf)
[49/80] starry-kernel (feature: k230-kpu, target: riscv64gc-unknown-none-elf)
          cd /home/asta/tgoskits/wt-feat-net-observe && CARGO_UNSTABLE_JSON_TARGET_SPEC=true cargo clippy --no-deps -p starry-kernel --no-default-features --features k230-kpu --target scripts/targets/bare/riscv64gc-unknown-none-elf.json -Z json-target-spec -Z build-std=core,alloc -- -D warnings
    Checking ax-cpu v0.10.3 (/home/asta/tgoskits/wt-feat-net-observe/components/axcpu)
   Compiling starry-kernel v0.12.1 (/home/asta/tgoskits/wt-feat-net-observe/os/StarryOS/kernel)
    Checking cpu-local v0.4.3 (/home/asta/tgoskits/wt-feat-net-observe/components/cpu-local)
    Checking someboot v0.7.2 (/home/asta/tgoskits/wt-feat-net-observe/platforms/someboot)
    Checking ax-percpu v0.4.24 (/home/asta/tgoskits/wt-feat-net-observe/components/percpu/percpu)
    Checking ax-plat v0.15.0 (/home/asta/tgoskits/wt-feat-net-observe/platforms/ax-plat)
    Checking scope-local v0.6.5 (/home/asta/tgoskits/wt-feat-net-observe/components/scope-local)
    Checking somehal v0.11.3 (/home/asta/tgoskits/wt-feat-net-observe/platforms/somehal)
    Checking ax-fs-ng v0.11.2 (/home/asta/tgoskits/wt-feat-net-observe/fs/ax-fs-ng)
    Checking ax-alloc v0.9.2 (/home/asta/tgoskits/wt-feat-net-observe/memory/ax-alloc)
    Checking axklib v0.9.1 (/home/asta/tgoskits/wt-feat-net-observe/components/axklib)
    Checking ax-driver v0.18.1 (/home/asta/tgoskits/wt-feat-net-observe/drivers/ax-driver)
    Checking axplat-dyn v0.10.4 (/home/asta/tgoskits/wt-feat-net-observe/platforms/axplat-dyn)
    Checking ax-hal v0.8.4 (/home/asta/tgoskits/wt-feat-net-observe/os/arceos/modules/axhal)
    Checking ax-net v0.13.6 (/home/asta/tgoskits/wt-feat-net-observe/net/ax-net)
    Checking ax-ipi v0.6.5 (/home/asta/tgoskits/wt-feat-net-observe/os/arceos/modules/axipi)
    Checking ax-mm v0.8.4 (/home/asta/tgoskits/wt-feat-net-observe/os/arceos/modules/axmm)
    Checking ax-gpu v0.1.0 (/home/asta/tgoskits/wt-feat-net-observe/os/arceos/modules/axgpu)
    Checking ax-display v0.7.0 (/home/asta/tgoskits/wt-feat-net-observe/os/arceos/modules/axdisplay)
    Checking ax-runtime v0.13.5 (/home/asta/tgoskits/wt-feat-net-observe/os/arceos/modules/axruntime)
    Checking ax-api v0.8.6 (/home/asta/tgoskits/wt-feat-net-observe/os/arceos/api/arceos_api)
    Checking starry-signal v0.10.5 (/home/asta/tgoskits/wt-feat-net-observe/os/StarryOS/signal)
    Checking ax-posix-api v0.6.8 (/home/asta/tgoskits/wt-feat-net-observe/os/arceos/api/arceos_posix_api)
    Checking ax-std v0.7.5 (/home/asta/tgoskits/wt-feat-net-observe/os/arceos/ulib/axstd)
    Finished `dev` profile [unoptimized + debuginfo] target(s) in 4.22s
ok: starry-kernel (feature: k230-kpu, target: riscv64gc-unknown-none-elf)
[50/80] starry-kernel (feature: memtrack, target: riscv64gc-unknown-none-elf)
          cd /home/asta/tgoskits/wt-feat-net-observe && CARGO_UNSTABLE_JSON_TARGET_SPEC=true cargo clippy --no-deps -p starry-kernel --no-default-features --features memtrack --target scripts/targets/bare/riscv64gc-unknown-none-elf.json -Z json-target-spec -Z build-std=core,alloc -- -D warnings
   Compiling ax-alloc v0.9.2 (/home/asta/tgoskits/wt-feat-net-observe/memory/ax-alloc)
   Compiling starry-kernel v0.12.1 (/home/asta/tgoskits/wt-feat-net-observe/os/StarryOS/kernel)
    Checking axklib v0.9.1 (/home/asta/tgoskits/wt-feat-net-observe/components/axklib)
    Checking ax-driver v0.18.1 (/home/asta/tgoskits/wt-feat-net-observe/drivers/ax-driver)
    Checking axplat-dyn v0.10.4 (/home/asta/tgoskits/wt-feat-net-observe/platforms/axplat-dyn)
    Checking ax-hal v0.8.4 (/home/asta/tgoskits/wt-feat-net-observe/os/arceos/modules/axhal)
    Checking ax-net v0.13.6 (/home/asta/tgoskits/wt-feat-net-observe/net/ax-net)
    Checking ax-mm v0.8.4 (/home/asta/tgoskits/wt-feat-net-observe/os/arceos/modules/axmm)
    Checking ax-ipi v0.6.5 (/home/asta/tgoskits/wt-feat-net-observe/os/arceos/modules/axipi)
    Checking ax-gpu v0.1.0 (/home/asta/tgoskits/wt-feat-net-observe/os/arceos/modules/axgpu)
    Checking ax-display v0.7.0 (/home/asta/tgoskits/wt-feat-net-observe/os/arceos/modules/axdisplay)
    Checking ax-runtime v0.13.5 (/home/asta/tgoskits/wt-feat-net-observe/os/arceos/modules/axruntime)
    Checking ax-api v0.8.6 (/home/asta/tgoskits/wt-feat-net-observe/os/arceos/api/arceos_api)
    Checking starry-signal v0.10.5 (/home/asta/tgoskits/wt-feat-net-observe/os/StarryOS/signal)
    Checking ax-posix-api v0.6.8 (/home/asta/tgoskits/wt-feat-net-observe/os/arceos/api/arceos_posix_api)
    Checking ax-std v0.7.5 (/home/asta/tgoskits/wt-feat-net-observe/os/arceos/ulib/axstd)
    Finished `dev` profile [unoptimized + debuginfo] target(s) in 3.87s
ok: starry-kernel (feature: memtrack, target: riscv64gc-unknown-none-elf)
[51/80] starry-kernel (feature: qperf-metrics, target: riscv64gc-unknown-none-elf)
          cd /home/asta/tgoskits/wt-feat-net-observe && CARGO_UNSTABLE_JSON_TARGET_SPEC=true cargo clippy --no-deps -p starry-kernel --no-default-features --features qperf-metrics --target scripts/targets/bare/riscv64gc-unknown-none-elf.json -Z json-target-spec -Z build-std=core,alloc -- -D warnings
    Checking ax-task v0.8.4 (/home/asta/tgoskits/wt-feat-net-observe/components/ax-task)
   Compiling ax-runtime v0.13.5 (/home/asta/tgoskits/wt-feat-net-observe/os/arceos/modules/axruntime)
   Compiling starry-kernel v0.12.1 (/home/asta/tgoskits/wt-feat-net-observe/os/StarryOS/kernel)
    Checking ax-input v0.7.0 (/home/asta/tgoskits/wt-feat-net-observe/os/arceos/modules/axinput)
    Checking ax-net v0.13.6 (/home/asta/tgoskits/wt-feat-net-observe/net/ax-net)
    Checking ax-gpu v0.1.0 (/home/asta/tgoskits/wt-feat-net-observe/os/arceos/modules/axgpu)
    Checking ax-display v0.7.0 (/home/asta/tgoskits/wt-feat-net-observe/os/arceos/modules/axdisplay)
    Checking ax-api v0.8.6 (/home/asta/tgoskits/wt-feat-net-observe/os/arceos/api/arceos_api)
    Checking starry-signal v0.10.5 (/home/asta/tgoskits/wt-feat-net-observe/os/StarryOS/signal)
    Checking ax-posix-api v0.6.8 (/home/asta/tgoskits/wt-feat-net-observe/os/arceos/api/arceos_posix_api)
    Checking ax-std v0.7.5 (/home/asta/tgoskits/wt-feat-net-observe/os/arceos/ulib/axstd)
    Finished `dev` profile [unoptimized + debuginfo] target(s) in 4.20s
ok: starry-kernel (feature: qperf-metrics, target: riscv64gc-unknown-none-elf)
[52/80] starry-kernel (feature: rdif-pinctrl, target: riscv64gc-unknown-none-elf)
          cd /home/asta/tgoskits/wt-feat-net-observe && CARGO_UNSTABLE_JSON_TARGET_SPEC=true cargo clippy --no-deps -p starry-kernel --no-default-features --features rdif-pinctrl --target scripts/targets/bare/riscv64gc-unknown-none-elf.json -Z json-target-spec -Z build-std=core,alloc -- -D warnings
   Compiling starry-kernel v0.12.1 (/home/asta/tgoskits/wt-feat-net-observe/os/StarryOS/kernel)
    Finished `dev` profile [unoptimized + debuginfo] target(s) in 2.84s
ok: starry-kernel (feature: rdif-pinctrl, target: riscv64gc-unknown-none-elf)
[53/80] starry-kernel (feature: rga, target: riscv64gc-unknown-none-elf)
          cd /home/asta/tgoskits/wt-feat-net-observe && CARGO_UNSTABLE_JSON_TARGET_SPEC=true cargo clippy --no-deps -p starry-kernel --no-default-features --features rga --target scripts/targets/bare/riscv64gc-unknown-none-elf.json -Z json-target-spec -Z build-std=core,alloc -- -D warnings
   Compiling ax-driver v0.18.1 (/home/asta/tgoskits/wt-feat-net-observe/drivers/ax-driver)
    Checking ax-cpu v0.10.3 (/home/asta/tgoskits/wt-feat-net-observe/components/axcpu)
    Checking rockchip-rga v0.3.0 (/home/asta/tgoskits/wt-feat-net-observe/drivers/gpu/rockchip-rga)
   Compiling starry-kernel v0.12.1 (/home/asta/tgoskits/wt-feat-net-observe/os/StarryOS/kernel)
    Checking cpu-local v0.4.3 (/home/asta/tgoskits/wt-feat-net-observe/components/cpu-local)
    Checking someboot v0.7.2 (/home/asta/tgoskits/wt-feat-net-observe/platforms/someboot)
    Checking ax-percpu v0.4.24 (/home/asta/tgoskits/wt-feat-net-observe/components/percpu/percpu)
    Checking ax-plat v0.15.0 (/home/asta/tgoskits/wt-feat-net-observe/platforms/ax-plat)
    Checking scope-local v0.6.5 (/home/asta/tgoskits/wt-feat-net-observe/components/scope-local)
    Checking somehal v0.11.3 (/home/asta/tgoskits/wt-feat-net-observe/platforms/somehal)
    Checking ax-fs-ng v0.11.2 (/home/asta/tgoskits/wt-feat-net-observe/fs/ax-fs-ng)
    Checking ax-alloc v0.9.2 (/home/asta/tgoskits/wt-feat-net-observe/memory/ax-alloc)
    Checking axklib v0.9.1 (/home/asta/tgoskits/wt-feat-net-observe/components/axklib)
    Checking axplat-dyn v0.10.4 (/home/asta/tgoskits/wt-feat-net-observe/platforms/axplat-dyn)
    Checking ax-hal v0.8.4 (/home/asta/tgoskits/wt-feat-net-observe/os/arceos/modules/axhal)
    Checking ax-mm v0.8.4 (/home/asta/tgoskits/wt-feat-net-observe/os/arceos/modules/axmm)
    Checking ax-net v0.13.6 (/home/asta/tgoskits/wt-feat-net-observe/net/ax-net)
    Checking ax-ipi v0.6.5 (/home/asta/tgoskits/wt-feat-net-observe/os/arceos/modules/axipi)
    Checking ax-gpu v0.1.0 (/home/asta/tgoskits/wt-feat-net-observe/os/arceos/modules/axgpu)
    Checking ax-display v0.7.0 (/home/asta/tgoskits/wt-feat-net-observe/os/arceos/modules/axdisplay)
    Checking ax-runtime v0.13.5 (/home/asta/tgoskits/wt-feat-net-observe/os/arceos/modules/axruntime)
    Checking ax-api v0.8.6 (/home/asta/tgoskits/wt-feat-net-observe/os/arceos/api/arceos_api)
    Checking starry-signal v0.10.5 (/home/asta/tgoskits/wt-feat-net-observe/os/StarryOS/signal)
    Checking ax-posix-api v0.6.8 (/home/asta/tgoskits/wt-feat-net-observe/os/arceos/api/arceos_posix_api)
    Checking ax-std v0.7.5 (/home/asta/tgoskits/wt-feat-net-observe/os/arceos/ulib/axstd)
    Finished `dev` profile [unoptimized + debuginfo] target(s) in 4.17s
ok: starry-kernel (feature: rga, target: riscv64gc-unknown-none-elf)
[54/80] starry-kernel (feature: rknpu, target: riscv64gc-unknown-none-elf)
          cd /home/asta/tgoskits/wt-feat-net-observe && CARGO_UNSTABLE_JSON_TARGET_SPEC=true cargo clippy --no-deps -p starry-kernel --no-default-features --features rknpu --target scripts/targets/bare/riscv64gc-unknown-none-elf.json -Z json-target-spec -Z build-std=core,alloc -- -D warnings
   Compiling rockchip-npu v0.7.0 (/home/asta/tgoskits/wt-feat-net-observe/drivers/npu/rockchip-npu)
   Compiling ax-driver v0.18.1 (/home/asta/tgoskits/wt-feat-net-observe/drivers/ax-driver)
   Compiling starry-kernel v0.12.1 (/home/asta/tgoskits/wt-feat-net-observe/os/StarryOS/kernel)
    Checking axplat-dyn v0.10.4 (/home/asta/tgoskits/wt-feat-net-observe/platforms/axplat-dyn)
    Checking ax-hal v0.8.4 (/home/asta/tgoskits/wt-feat-net-observe/os/arceos/modules/axhal)
    Checking ax-net v0.13.6 (/home/asta/tgoskits/wt-feat-net-observe/net/ax-net)
    Checking ax-mm v0.8.4 (/home/asta/tgoskits/wt-feat-net-observe/os/arceos/modules/axmm)
    Checking ax-ipi v0.6.5 (/home/asta/tgoskits/wt-feat-net-observe/os/arceos/modules/axipi)
    Checking ax-gpu v0.1.0 (/home/asta/tgoskits/wt-feat-net-observe/os/arceos/modules/axgpu)
    Checking ax-display v0.7.0 (/home/asta/tgoskits/wt-feat-net-observe/os/arceos/modules/axdisplay)
    Checking ax-runtime v0.13.5 (/home/asta/tgoskits/wt-feat-net-observe/os/arceos/modules/axruntime)
    Checking ax-api v0.8.6 (/home/asta/tgoskits/wt-feat-net-observe/os/arceos/api/arceos_api)
    Checking starry-signal v0.10.5 (/home/asta/tgoskits/wt-feat-net-observe/os/StarryOS/signal)
    Checking ax-posix-api v0.6.8 (/home/asta/tgoskits/wt-feat-net-observe/os/arceos/api/arceos_posix_api)
    Checking ax-std v0.7.5 (/home/asta/tgoskits/wt-feat-net-observe/os/arceos/ulib/axstd)
    Finished `dev` profile [unoptimized + debuginfo] target(s) in 4.28s
ok: starry-kernel (feature: rknpu, target: riscv64gc-unknown-none-elf)
[55/80] starry-kernel (feature: sg2002, target: riscv64gc-unknown-none-elf)
          cd /home/asta/tgoskits/wt-feat-net-observe && CARGO_UNSTABLE_JSON_TARGET_SPEC=true cargo clippy --no-deps -p starry-kernel --no-default-features --features sg2002 --target scripts/targets/bare/riscv64gc-unknown-none-elf.json -Z json-target-spec -Z build-std=core,alloc -- -D warnings
   Compiling starry-kernel v0.12.1 (/home/asta/tgoskits/wt-feat-net-observe/os/StarryOS/kernel)
    Checking ax-driver v0.18.1 (/home/asta/tgoskits/wt-feat-net-observe/drivers/ax-driver)
    Checking sg2002-tpu v0.4.1 (/home/asta/tgoskits/wt-feat-net-observe/drivers/tpu/sg2002-tpu)
    Checking axplat-dyn v0.10.4 (/home/asta/tgoskits/wt-feat-net-observe/platforms/axplat-dyn)
    Checking ax-hal v0.8.4 (/home/asta/tgoskits/wt-feat-net-observe/os/arceos/modules/axhal)
    Checking ax-mm v0.8.4 (/home/asta/tgoskits/wt-feat-net-observe/os/arceos/modules/axmm)
    Checking ax-ipi v0.6.5 (/home/asta/tgoskits/wt-feat-net-observe/os/arceos/modules/axipi)
    Checking ax-net v0.13.6 (/home/asta/tgoskits/wt-feat-net-observe/net/ax-net)
    Checking ax-gpu v0.1.0 (/home/asta/tgoskits/wt-feat-net-observe/os/arceos/modules/axgpu)
    Checking ax-display v0.7.0 (/home/asta/tgoskits/wt-feat-net-observe/os/arceos/modules/axdisplay)
    Checking ax-runtime v0.13.5 (/home/asta/tgoskits/wt-feat-net-observe/os/arceos/modules/axruntime)
    Checking ax-api v0.8.6 (/home/asta/tgoskits/wt-feat-net-observe/os/arceos/api/arceos_api)
    Checking starry-signal v0.10.5 (/home/asta/tgoskits/wt-feat-net-observe/os/StarryOS/signal)
    Checking ax-posix-api v0.6.8 (/home/asta/tgoskits/wt-feat-net-observe/os/arceos/api/arceos_posix_api)
    Checking ax-std v0.7.5 (/home/asta/tgoskits/wt-feat-net-observe/os/arceos/ulib/axstd)
warning: unused dependency `sg200x-bsp`
   --> os/StarryOS/kernel/Cargo.toml:166:1
    |
166 | sg200x-bsp = { workspace = true, optional = true, features = ["c906", "cv182x-host"] }
    | ^^^^^^^^^^^^^^^^^^^^^^^^^^^^^^^^^^^^^^^^^^^^^^^^^^^^^^^^^^^^^^^^^^^^^^^^^^^^^^^^^^^^^^
    |
    = note: `cargo::unused_dependencies` is set to `warn` by default
help: consider removing the dependency on `sg200x-bsp`
warning: `starry-kernel` (manifest) generated 1 warning
    Finished `dev` profile [unoptimized + debuginfo] target(s) in 3.96s
ok: starry-kernel (feature: sg2002, target: riscv64gc-unknown-none-elf)
[56/80] starry-kernel (feature: sg2002-cvi-usb-camera, target: riscv64gc-unknown-none-elf)
          cd /home/asta/tgoskits/wt-feat-net-observe && CARGO_UNSTABLE_JSON_TARGET_SPEC=true cargo clippy --no-deps -p starry-kernel --no-default-features --features sg2002-cvi-usb-camera --target scripts/targets/bare/riscv64gc-unknown-none-elf.json -Z json-target-spec -Z build-std=core,alloc -- -D warnings
    Checking sg200x-jpu v0.1.6 (/home/asta/tgoskits/wt-feat-net-observe/drivers/vpu/sg200x-jpu)
   Compiling starry-kernel v0.12.1 (/home/asta/tgoskits/wt-feat-net-observe/os/StarryOS/kernel)
    Finished `dev` profile [unoptimized + debuginfo] target(s) in 3.00s
ok: starry-kernel (feature: sg2002-cvi-usb-camera, target: riscv64gc-unknown-none-elf)
[57/80] starry-kernel (feature: stack-guard-page, target: riscv64gc-unknown-none-elf)
          cd /home/asta/tgoskits/wt-feat-net-observe && CARGO_UNSTABLE_JSON_TARGET_SPEC=true cargo clippy --no-deps -p starry-kernel --no-default-features --features stack-guard-page --target scripts/targets/bare/riscv64gc-unknown-none-elf.json -Z json-target-spec -Z build-std=core,alloc -- -D warnings
   Compiling ax-runtime v0.13.5 (/home/asta/tgoskits/wt-feat-net-observe/os/arceos/modules/axruntime)
   Compiling starry-kernel v0.12.1 (/home/asta/tgoskits/wt-feat-net-observe/os/StarryOS/kernel)
    Checking ax-api v0.8.6 (/home/asta/tgoskits/wt-feat-net-observe/os/arceos/api/arceos_api)
    Checking starry-signal v0.10.5 (/home/asta/tgoskits/wt-feat-net-observe/os/StarryOS/signal)
    Checking ax-posix-api v0.6.8 (/home/asta/tgoskits/wt-feat-net-observe/os/arceos/api/arceos_posix_api)
    Checking ax-std v0.7.5 (/home/asta/tgoskits/wt-feat-net-observe/os/arceos/ulib/axstd)
    Finished `dev` profile [unoptimized + debuginfo] target(s) in 3.31s
ok: starry-kernel (feature: stack-guard-page, target: riscv64gc-unknown-none-elf)
[58/80] starry-kernel (feature: stack-protector, target: riscv64gc-unknown-none-elf)
          cd /home/asta/tgoskits/wt-feat-net-observe && CARGO_UNSTABLE_JSON_TARGET_SPEC=true cargo clippy --no-deps -p starry-kernel --no-default-features --features stack-protector --target scripts/targets/bare/riscv64gc-unknown-none-elf.json -Z json-target-spec -Z build-std=core,alloc -- -D warnings
   Compiling ax-runtime v0.13.5 (/home/asta/tgoskits/wt-feat-net-observe/os/arceos/modules/axruntime)
   Compiling starry-kernel v0.12.1 (/home/asta/tgoskits/wt-feat-net-observe/os/StarryOS/kernel)
    Checking ax-api v0.8.6 (/home/asta/tgoskits/wt-feat-net-observe/os/arceos/api/arceos_api)
    Checking starry-signal v0.10.5 (/home/asta/tgoskits/wt-feat-net-observe/os/StarryOS/signal)
    Checking ax-posix-api v0.6.8 (/home/asta/tgoskits/wt-feat-net-observe/os/arceos/api/arceos_posix_api)
    Checking ax-std v0.7.5 (/home/asta/tgoskits/wt-feat-net-observe/os/arceos/ulib/axstd)
    Finished `dev` profile [unoptimized + debuginfo] target(s) in 3.32s
ok: starry-kernel (feature: stack-protector, target: riscv64gc-unknown-none-elf)
[59/80] starry-kernel (feature: uaccess-lock-regression, target: riscv64gc-unknown-none-elf)
          cd /home/asta/tgoskits/wt-feat-net-observe && CARGO_UNSTABLE_JSON_TARGET_SPEC=true cargo clippy --no-deps -p starry-kernel --no-default-features --features uaccess-lock-regression --target scripts/targets/bare/riscv64gc-unknown-none-elf.json -Z json-target-spec -Z build-std=core,alloc -- -D warnings
   Compiling starry-kernel v0.12.1 (/home/asta/tgoskits/wt-feat-net-observe/os/StarryOS/kernel)
    Finished `dev` profile [unoptimized + debuginfo] target(s) in 2.79s
ok: starry-kernel (feature: uaccess-lock-regression, target: riscv64gc-unknown-none-elf)
[60/80] starry-kernel (feature: uvc, target: riscv64gc-unknown-none-elf)
          cd /home/asta/tgoskits/wt-feat-net-observe && CARGO_UNSTABLE_JSON_TARGET_SPEC=true cargo clippy --no-deps -p starry-kernel --no-default-features --features uvc --target scripts/targets/bare/riscv64gc-unknown-none-elf.json -Z json-target-spec -Z build-std=core,alloc -- -D warnings
    Checking ax-media v0.1.0 (/home/asta/tgoskits/wt-feat-net-observe/drivers/media/ax-media)
   Compiling starry-kernel v0.12.1 (/home/asta/tgoskits/wt-feat-net-observe/os/StarryOS/kernel)
    Checking media-uvc v0.1.0 (/home/asta/tgoskits/wt-feat-net-observe/drivers/media/uvc)
    Finished `dev` profile [unoptimized + debuginfo] target(s) in 3.32s
ok: starry-kernel (feature: uvc, target: riscv64gc-unknown-none-elf)
[61/80] starry-kernel (base, target: x86_64-unknown-none)
          cd /home/asta/tgoskits/wt-feat-net-observe && CARGO_UNSTABLE_JSON_TARGET_SPEC=true cargo clippy --no-deps -p starry-kernel --target scripts/targets/bare/x86_64-unknown-none.json -Z json-target-spec -Z build-std=core,alloc -- -D warnings
   Compiling cpu-local v0.4.3 (/home/asta/tgoskits/wt-feat-net-observe/components/cpu-local)
   Compiling ax-percpu v0.4.24 (/home/asta/tgoskits/wt-feat-net-observe/components/percpu/percpu)
   Compiling ax-alloc v0.9.2 (/home/asta/tgoskits/wt-feat-net-observe/memory/ax-alloc)
   Compiling crab-usb v0.12.1 (/home/asta/tgoskits/wt-feat-net-observe/drivers/usb/usb-host)
   Compiling rockchip-soc v0.4.8 (/home/asta/tgoskits/wt-feat-net-observe/drivers/soc/rockchip/rockchip-soc)
   Compiling somehal v0.11.3 (/home/asta/tgoskits/wt-feat-net-observe/platforms/somehal)
   Compiling ax-driver v0.18.1 (/home/asta/tgoskits/wt-feat-net-observe/drivers/ax-driver)
   Compiling axplat-dyn v0.10.4 (/home/asta/tgoskits/wt-feat-net-observe/platforms/axplat-dyn)
    Checking ax-sync v0.6.0 (/home/asta/tgoskits/wt-feat-net-observe/os/arceos/modules/axsync)
    Checking trait-ffi v0.3.1 (/home/asta/tgoskits/wt-feat-net-observe/components/trait-ffi/trait-ffi)
   Compiling scope-local v0.6.5 (/home/asta/tgoskits/wt-feat-net-observe/components/scope-local)
   Compiling someboot v0.7.2 (/home/asta/tgoskits/wt-feat-net-observe/platforms/someboot)
    Checking ax-ctor-bare v0.4.10 (/home/asta/tgoskits/wt-feat-net-observe/components/ctor_bare/ctor_bare)
   Compiling ax-runtime v0.13.5 (/home/asta/tgoskits/wt-feat-net-observe/os/arceos/modules/axruntime)
    Checking ax-log v0.6.1 (/home/asta/tgoskits/wt-feat-net-observe/os/arceos/modules/axlog)
   Compiling ax-posix-api v0.6.8 (/home/asta/tgoskits/wt-feat-net-observe/os/arceos/api/arceos_posix_api)
   Compiling starry-signal v0.10.5 (/home/asta/tgoskits/wt-feat-net-observe/os/StarryOS/signal)
   Compiling ax-tracepoint v0.6.1 (/home/asta/tgoskits/wt-feat-net-observe/components/ax-tracepoint)
   Compiling starry-kernel v0.12.1 (/home/asta/tgoskits/wt-feat-net-observe/os/StarryOS/kernel)
    Checking ax-cpu v0.10.3 (/home/asta/tgoskits/wt-feat-net-observe/components/axcpu)
    Checking ax-task v0.8.4 (/home/asta/tgoskits/wt-feat-net-observe/components/ax-task)
    Checking dma-api v0.10.2 (/home/asta/tgoskits/wt-feat-net-observe/memory/dma-api)
    Checking rdrive v0.25.0 (/home/asta/tgoskits/wt-feat-net-observe/drivers/rdrive)
    Checking buddy-slab-allocator v0.6.1 (/home/asta/tgoskits/wt-feat-net-observe/memory/buddy-slab-allocator)
    Checking axpoll-set v0.1.1 (/home/asta/tgoskits/wt-feat-net-observe/components/axpoll-set)
    Checking axfs-ng-vfs v0.8.1 (/home/asta/tgoskits/wt-feat-net-observe/fs/axfs-ng-vfs)
    Checking ax-cgroup v0.3.0 (/home/asta/tgoskits/wt-feat-net-observe/components/ax-cgroup)
    Checking rdif-block v0.13.2 (/home/asta/tgoskits/wt-feat-net-observe/drivers/interface/rdif-block)
    Checking rdif-eth v0.6.0 (/home/asta/tgoskits/wt-feat-net-observe/drivers/interface/rdif-eth)
    Checking rdif-gpu v0.1.0 (/home/asta/tgoskits/wt-feat-net-observe/drivers/interface/rdif-gpu)
    Checking rdif-display v0.5.0 (/home/asta/tgoskits/wt-feat-net-observe/drivers/interface/rdif-display)
    Checking rd-net v0.3.3 (/home/asta/tgoskits/wt-feat-net-observe/drivers/net/rd-net)
    Checking ax-plat v0.15.0 (/home/asta/tgoskits/wt-feat-net-observe/platforms/ax-plat)
    Checking ax-fs-ng v0.11.2 (/home/asta/tgoskits/wt-feat-net-observe/fs/ax-fs-ng)
    Checking axklib v0.9.1 (/home/asta/tgoskits/wt-feat-net-observe/components/axklib)
    Checking ax-input v0.7.0 (/home/asta/tgoskits/wt-feat-net-observe/os/arceos/modules/axinput)
    Checking ax-hal v0.8.4 (/home/asta/tgoskits/wt-feat-net-observe/os/arceos/modules/axhal)
    Checking ax-mm v0.8.4 (/home/asta/tgoskits/wt-feat-net-observe/os/arceos/modules/axmm)
    Checking ax-ipi v0.6.5 (/home/asta/tgoskits/wt-feat-net-observe/os/arceos/modules/axipi)
    Checking ax-net v0.13.6 (/home/asta/tgoskits/wt-feat-net-observe/net/ax-net)
    Checking ax-gpu v0.1.0 (/home/asta/tgoskits/wt-feat-net-observe/os/arceos/modules/axgpu)
    Checking ax-display v0.7.0 (/home/asta/tgoskits/wt-feat-net-observe/os/arceos/modules/axdisplay)
    Checking ax-api v0.8.6 (/home/asta/tgoskits/wt-feat-net-observe/os/arceos/api/arceos_api)
    Checking ax-std v0.7.5 (/home/asta/tgoskits/wt-feat-net-observe/os/arceos/ulib/axstd)
    Finished `dev` profile [unoptimized + debuginfo] target(s) in 4.81s
warning: the following packages contain code that will be rejected by a future version of Rust: bitmaps v3.2.1, chacha20 v0.10.2, core v0.0.0 (/opt/rustup/toolchains/nightly-2026-09-04-x86_64-unknown-linux-gnu/lib/rustlib/src/rust/library/core), memchr v2.8.3
note: to see what the problems were, use the option `--future-incompat-report`, or run `cargo report future-incompatibilities --id 1`
ok: starry-kernel (base, target: x86_64-unknown-none)
[62/80] starry-kernel (feature: axtest, target: x86_64-unknown-none)
          cd /home/asta/tgoskits/wt-feat-net-observe && CARGO_UNSTABLE_JSON_TARGET_SPEC=true cargo clippy --no-deps -p starry-kernel --no-default-features --features axtest --target scripts/targets/bare/x86_64-unknown-none.json -Z json-target-spec -Z build-std=core,alloc -- -D warnings
    Checking ax-task v0.8.4 (/home/asta/tgoskits/wt-feat-net-observe/components/ax-task)
   Compiling ax-runtime v0.13.5 (/home/asta/tgoskits/wt-feat-net-observe/os/arceos/modules/axruntime)
    Checking axtest v0.5.16 (/home/asta/tgoskits/wt-feat-net-observe/components/axtest/axtest)
   Compiling starry-kernel v0.12.1 (/home/asta/tgoskits/wt-feat-net-observe/os/StarryOS/kernel)
    Checking ax-input v0.7.0 (/home/asta/tgoskits/wt-feat-net-observe/os/arceos/modules/axinput)
    Checking ax-net v0.13.6 (/home/asta/tgoskits/wt-feat-net-observe/net/ax-net)
    Checking ax-gpu v0.1.0 (/home/asta/tgoskits/wt-feat-net-observe/os/arceos/modules/axgpu)
    Checking ax-display v0.7.0 (/home/asta/tgoskits/wt-feat-net-observe/os/arceos/modules/axdisplay)
    Checking ax-api v0.8.6 (/home/asta/tgoskits/wt-feat-net-observe/os/arceos/api/arceos_api)
    Checking starry-signal v0.10.5 (/home/asta/tgoskits/wt-feat-net-observe/os/StarryOS/signal)
    Checking ax-posix-api v0.6.8 (/home/asta/tgoskits/wt-feat-net-observe/os/arceos/api/arceos_posix_api)
    Checking ax-std v0.7.5 (/home/asta/tgoskits/wt-feat-net-observe/os/arceos/ulib/axstd)
warning: unused dependency `axtest`
  --> os/StarryOS/kernel/Cargo.toml:61:1
   |
61 | axtest = { workspace = true, optional = true }
   | ^^^^^^^^^^^^^^^^^^^^^^^^^^^^^^^^^^^^^^^^^^^^^^
   |
   = note: `cargo::unused_dependencies` is set to `warn` by default
help: consider removing the dependency on `axtest`
warning: `starry-kernel` (manifest) generated 1 warning
    Finished `dev` profile [unoptimized + debuginfo] target(s) in 4.23s
warning: the following packages contain code that will be rejected by a future version of Rust: bitmaps v3.2.1, chacha20 v0.10.2, core v0.0.0 (/opt/rustup/toolchains/nightly-2026-09-04-x86_64-unknown-linux-gnu/lib/rustlib/src/rust/library/core), memchr v2.8.3
note: to see what the problems were, use the option `--future-incompat-report`, or run `cargo report future-incompatibilities --id 1`
ok: starry-kernel (feature: axtest, target: x86_64-unknown-none)
[63/80] starry-kernel (feature: axtest-coverage, target: x86_64-unknown-none)
          cd /home/asta/tgoskits/wt-feat-net-observe && CARGO_UNSTABLE_JSON_TARGET_SPEC=true cargo clippy --no-deps -p starry-kernel --no-default-features --features axtest-coverage --target scripts/targets/bare/x86_64-unknown-none.json -Z json-target-spec -Z build-std=core,alloc -- -D warnings
    Checking axtest v0.5.16 (/home/asta/tgoskits/wt-feat-net-observe/components/axtest/axtest)
   Compiling starry-kernel v0.12.1 (/home/asta/tgoskits/wt-feat-net-observe/os/StarryOS/kernel)
warning: unused dependency `axtest`
  --> os/StarryOS/kernel/Cargo.toml:61:1
   |
61 | axtest = { workspace = true, optional = true }
   | ^^^^^^^^^^^^^^^^^^^^^^^^^^^^^^^^^^^^^^^^^^^^^^
   |
   = note: `cargo::unused_dependencies` is set to `warn` by default
help: consider removing the dependency on `axtest`
warning: `starry-kernel` (manifest) generated 1 warning
    Finished `dev` profile [unoptimized + debuginfo] target(s) in 2.79s
warning: the following packages contain code that will be rejected by a future version of Rust: bitmaps v3.2.1, chacha20 v0.10.2, core v0.0.0 (/opt/rustup/toolchains/nightly-2026-09-04-x86_64-unknown-linux-gnu/lib/rustlib/src/rust/library/core), memchr v2.8.3
note: to see what the problems were, use the option `--future-incompat-report`, or run `cargo report future-incompatibilities --id 1`
ok: starry-kernel (feature: axtest-coverage, target: x86_64-unknown-none)
[64/80] starry-kernel (feature: dev-log, target: x86_64-unknown-none)
          cd /home/asta/tgoskits/wt-feat-net-observe && CARGO_UNSTABLE_JSON_TARGET_SPEC=true cargo clippy --no-deps -p starry-kernel --no-default-features --features dev-log --target scripts/targets/bare/x86_64-unknown-none.json -Z json-target-spec -Z build-std=core,alloc -- -D warnings
   Compiling starry-kernel v0.12.1 (/home/asta/tgoskits/wt-feat-net-observe/os/StarryOS/kernel)
    Finished `dev` profile [unoptimized + debuginfo] target(s) in 2.79s
warning: the following packages contain code that will be rejected by a future version of Rust: bitmaps v3.2.1, chacha20 v0.10.2, core v0.0.0 (/opt/rustup/toolchains/nightly-2026-09-04-x86_64-unknown-linux-gnu/lib/rustlib/src/rust/library/core), memchr v2.8.3
note: to see what the problems were, use the option `--future-incompat-report`, or run `cargo report future-incompatibilities --id 1`
ok: starry-kernel (feature: dev-log, target: x86_64-unknown-none)
[65/80] starry-kernel (feature: dynamic_debug, target: x86_64-unknown-none)
          cd /home/asta/tgoskits/wt-feat-net-observe && CARGO_UNSTABLE_JSON_TARGET_SPEC=true cargo clippy --no-deps -p starry-kernel --no-default-features --features dynamic_debug --target scripts/targets/bare/x86_64-unknown-none.json -Z json-target-spec -Z build-std=core,alloc -- -D warnings
   Compiling starry-kernel v0.12.1 (/home/asta/tgoskits/wt-feat-net-observe/os/StarryOS/kernel)
    Finished `dev` profile [unoptimized + debuginfo] target(s) in 2.87s
warning: the following packages contain code that will be rejected by a future version of Rust: bitmaps v3.2.1, chacha20 v0.10.2, core v0.0.0 (/opt/rustup/toolchains/nightly-2026-09-04-x86_64-unknown-linux-gnu/lib/rustlib/src/rust/library/core), memchr v2.8.3
note: to see what the problems were, use the option `--future-incompat-report`, or run `cargo report future-incompatibilities --id 1`
ok: starry-kernel (feature: dynamic_debug, target: x86_64-unknown-none)
[66/80] starry-kernel (feature: ext4, target: x86_64-unknown-none)
          cd /home/asta/tgoskits/wt-feat-net-observe && CARGO_UNSTABLE_JSON_TARGET_SPEC=true cargo clippy --no-deps -p starry-kernel --no-default-features --features ext4 --target scripts/targets/bare/x86_64-unknown-none.json -Z json-target-spec -Z build-std=core,alloc -- -D warnings
   Compiling starry-kernel v0.12.1 (/home/asta/tgoskits/wt-feat-net-observe/os/StarryOS/kernel)
    Finished `dev` profile [unoptimized + debuginfo] target(s) in 2.87s
warning: the following packages contain code that will be rejected by a future version of Rust: bitmaps v3.2.1, chacha20 v0.10.2, core v0.0.0 (/opt/rustup/toolchains/nightly-2026-09-04-x86_64-unknown-linux-gnu/lib/rustlib/src/rust/library/core), memchr v2.8.3
note: to see what the problems were, use the option `--future-incompat-report`, or run `cargo report future-incompatibilities --id 1`
ok: starry-kernel (feature: ext4, target: x86_64-unknown-none)
[67/80] starry-kernel (feature: fat, target: x86_64-unknown-none)
          cd /home/asta/tgoskits/wt-feat-net-observe && CARGO_UNSTABLE_JSON_TARGET_SPEC=true cargo clippy --no-deps -p starry-kernel --no-default-features --features fat --target scripts/targets/bare/x86_64-unknown-none.json -Z json-target-spec -Z build-std=core,alloc -- -D warnings
   Compiling starry-kernel v0.12.1 (/home/asta/tgoskits/wt-feat-net-observe/os/StarryOS/kernel)
    Checking ax-fs-ng v0.11.2 (/home/asta/tgoskits/wt-feat-net-observe/fs/ax-fs-ng)
    Checking ax-runtime v0.13.5 (/home/asta/tgoskits/wt-feat-net-observe/os/arceos/modules/axruntime)
    Checking ax-api v0.8.6 (/home/asta/tgoskits/wt-feat-net-observe/os/arceos/api/arceos_api)
    Checking starry-signal v0.10.5 (/home/asta/tgoskits/wt-feat-net-observe/os/StarryOS/signal)
    Checking ax-posix-api v0.6.8 (/home/asta/tgoskits/wt-feat-net-observe/os/arceos/api/arceos_posix_api)
    Checking ax-std v0.7.5 (/home/asta/tgoskits/wt-feat-net-observe/os/arceos/ulib/axstd)
    Finished `dev` profile [unoptimized + debuginfo] target(s) in 3.68s
warning: the following packages contain code that will be rejected by a future version of Rust: bitmaps v3.2.1, chacha20 v0.10.2, core v0.0.0 (/opt/rustup/toolchains/nightly-2026-09-04-x86_64-unknown-linux-gnu/lib/rustlib/src/rust/library/core), memchr v2.8.3
note: to see what the problems were, use the option `--future-incompat-report`, or run `cargo report future-incompatibilities --id 1`
ok: starry-kernel (feature: fat, target: x86_64-unknown-none)
[68/80] starry-kernel (feature: jpeg, target: x86_64-unknown-none)
          cd /home/asta/tgoskits/wt-feat-net-observe && CARGO_UNSTABLE_JSON_TARGET_SPEC=true cargo clippy --no-deps -p starry-kernel --no-default-features --features jpeg --target scripts/targets/bare/x86_64-unknown-none.json -Z json-target-spec -Z build-std=core,alloc -- -D warnings
   Compiling rockchip-pm v0.4.10 (/home/asta/tgoskits/wt-feat-net-observe/drivers/soc/rockchip/rockchip-pm)
   Compiling ax-driver v0.18.1 (/home/asta/tgoskits/wt-feat-net-observe/drivers/ax-driver)
    Checking rockchip-jpeg v0.2.0 (/home/asta/tgoskits/wt-feat-net-observe/drivers/vpu/rockchip-jpeg)
   Compiling starry-kernel v0.12.1 (/home/asta/tgoskits/wt-feat-net-observe/os/StarryOS/kernel)
    Checking axplat-dyn v0.10.4 (/home/asta/tgoskits/wt-feat-net-observe/platforms/axplat-dyn)
    Checking ax-hal v0.8.4 (/home/asta/tgoskits/wt-feat-net-observe/os/arceos/modules/axhal)
    Checking ax-ipi v0.6.5 (/home/asta/tgoskits/wt-feat-net-observe/os/arceos/modules/axipi)
    Checking ax-net v0.13.6 (/home/asta/tgoskits/wt-feat-net-observe/net/ax-net)
    Checking ax-mm v0.8.4 (/home/asta/tgoskits/wt-feat-net-observe/os/arceos/modules/axmm)
    Checking ax-gpu v0.1.0 (/home/asta/tgoskits/wt-feat-net-observe/os/arceos/modules/axgpu)
    Checking ax-display v0.7.0 (/home/asta/tgoskits/wt-feat-net-observe/os/arceos/modules/axdisplay)
    Checking ax-runtime v0.13.5 (/home/asta/tgoskits/wt-feat-net-observe/os/arceos/modules/axruntime)
    Checking ax-api v0.8.6 (/home/asta/tgoskits/wt-feat-net-observe/os/arceos/api/arceos_api)
    Checking starry-signal v0.10.5 (/home/asta/tgoskits/wt-feat-net-observe/os/StarryOS/signal)
    Checking ax-posix-api v0.6.8 (/home/asta/tgoskits/wt-feat-net-observe/os/arceos/api/arceos_posix_api)
    Checking ax-std v0.7.5 (/home/asta/tgoskits/wt-feat-net-observe/os/arceos/ulib/axstd)
    Finished `dev` profile [unoptimized + debuginfo] target(s) in 4.09s
warning: the following packages contain code that will be rejected by a future version of Rust: bitmaps v3.2.1, chacha20 v0.10.2, core v0.0.0 (/opt/rustup/toolchains/nightly-2026-09-04-x86_64-unknown-linux-gnu/lib/rustlib/src/rust/library/core), memchr v2.8.3
note: to see what the problems were, use the option `--future-incompat-report`, or run `cargo report future-incompatibilities --id 1`
ok: starry-kernel (feature: jpeg, target: x86_64-unknown-none)
[69/80] starry-kernel (feature: k230-kpu, target: x86_64-unknown-none)
          cd /home/asta/tgoskits/wt-feat-net-observe && CARGO_UNSTABLE_JSON_TARGET_SPEC=true cargo clippy --no-deps -p starry-kernel --no-default-features --features k230-kpu --target scripts/targets/bare/x86_64-unknown-none.json -Z json-target-spec -Z build-std=core,alloc -- -D warnings
    Checking ax-cpu v0.10.3 (/home/asta/tgoskits/wt-feat-net-observe/components/axcpu)
   Compiling starry-kernel v0.12.1 (/home/asta/tgoskits/wt-feat-net-observe/os/StarryOS/kernel)
    Checking cpu-local v0.4.3 (/home/asta/tgoskits/wt-feat-net-observe/components/cpu-local)
    Checking someboot v0.7.2 (/home/asta/tgoskits/wt-feat-net-observe/platforms/someboot)
    Checking ax-percpu v0.4.24 (/home/asta/tgoskits/wt-feat-net-observe/components/percpu/percpu)
    Checking ax-plat v0.15.0 (/home/asta/tgoskits/wt-feat-net-observe/platforms/ax-plat)
    Checking scope-local v0.6.5 (/home/asta/tgoskits/wt-feat-net-observe/components/scope-local)
    Checking somehal v0.11.3 (/home/asta/tgoskits/wt-feat-net-observe/platforms/somehal)
    Checking ax-fs-ng v0.11.2 (/home/asta/tgoskits/wt-feat-net-observe/fs/ax-fs-ng)
    Checking ax-alloc v0.9.2 (/home/asta/tgoskits/wt-feat-net-observe/memory/ax-alloc)
    Checking axklib v0.9.1 (/home/asta/tgoskits/wt-feat-net-observe/components/axklib)
    Checking ax-driver v0.18.1 (/home/asta/tgoskits/wt-feat-net-observe/drivers/ax-driver)
    Checking axplat-dyn v0.10.4 (/home/asta/tgoskits/wt-feat-net-observe/platforms/axplat-dyn)
    Checking ax-hal v0.8.4 (/home/asta/tgoskits/wt-feat-net-observe/os/arceos/modules/axhal)
    Checking ax-ipi v0.6.5 (/home/asta/tgoskits/wt-feat-net-observe/os/arceos/modules/axipi)
    Checking ax-net v0.13.6 (/home/asta/tgoskits/wt-feat-net-observe/net/ax-net)
    Checking ax-mm v0.8.4 (/home/asta/tgoskits/wt-feat-net-observe/os/arceos/modules/axmm)
    Checking ax-gpu v0.1.0 (/home/asta/tgoskits/wt-feat-net-observe/os/arceos/modules/axgpu)
    Checking ax-display v0.7.0 (/home/asta/tgoskits/wt-feat-net-observe/os/arceos/modules/axdisplay)
    Checking ax-runtime v0.13.5 (/home/asta/tgoskits/wt-feat-net-observe/os/arceos/modules/axruntime)
    Checking ax-api v0.8.6 (/home/asta/tgoskits/wt-feat-net-observe/os/arceos/api/arceos_api)
    Checking starry-signal v0.10.5 (/home/asta/tgoskits/wt-feat-net-observe/os/StarryOS/signal)
    Checking ax-posix-api v0.6.8 (/home/asta/tgoskits/wt-feat-net-observe/os/arceos/api/arceos_posix_api)
    Checking ax-std v0.7.5 (/home/asta/tgoskits/wt-feat-net-observe/os/arceos/ulib/axstd)
    Finished `dev` profile [unoptimized + debuginfo] target(s) in 4.44s
warning: the following packages contain code that will be rejected by a future version of Rust: bitmaps v3.2.1, chacha20 v0.10.2, core v0.0.0 (/opt/rustup/toolchains/nightly-2026-09-04-x86_64-unknown-linux-gnu/lib/rustlib/src/rust/library/core), memchr v2.8.3
note: to see what the problems were, use the option `--future-incompat-report`, or run `cargo report future-incompatibilities --id 1`
ok: starry-kernel (feature: k230-kpu, target: x86_64-unknown-none)
[70/80] starry-kernel (feature: memtrack, target: x86_64-unknown-none)
          cd /home/asta/tgoskits/wt-feat-net-observe && CARGO_UNSTABLE_JSON_TARGET_SPEC=true cargo clippy --no-deps -p starry-kernel --no-default-features --features memtrack --target scripts/targets/bare/x86_64-unknown-none.json -Z json-target-spec -Z build-std=core,alloc -- -D warnings
   Compiling ax-alloc v0.9.2 (/home/asta/tgoskits/wt-feat-net-observe/memory/ax-alloc)
   Compiling starry-kernel v0.12.1 (/home/asta/tgoskits/wt-feat-net-observe/os/StarryOS/kernel)
    Checking axklib v0.9.1 (/home/asta/tgoskits/wt-feat-net-observe/components/axklib)
    Checking ax-driver v0.18.1 (/home/asta/tgoskits/wt-feat-net-observe/drivers/ax-driver)
    Checking axplat-dyn v0.10.4 (/home/asta/tgoskits/wt-feat-net-observe/platforms/axplat-dyn)
    Checking ax-hal v0.8.4 (/home/asta/tgoskits/wt-feat-net-observe/os/arceos/modules/axhal)
    Checking ax-mm v0.8.4 (/home/asta/tgoskits/wt-feat-net-observe/os/arceos/modules/axmm)
    Checking ax-net v0.13.6 (/home/asta/tgoskits/wt-feat-net-observe/net/ax-net)
    Checking ax-ipi v0.6.5 (/home/asta/tgoskits/wt-feat-net-observe/os/arceos/modules/axipi)
    Checking ax-gpu v0.1.0 (/home/asta/tgoskits/wt-feat-net-observe/os/arceos/modules/axgpu)
    Checking ax-display v0.7.0 (/home/asta/tgoskits/wt-feat-net-observe/os/arceos/modules/axdisplay)
    Checking ax-runtime v0.13.5 (/home/asta/tgoskits/wt-feat-net-observe/os/arceos/modules/axruntime)
    Checking ax-api v0.8.6 (/home/asta/tgoskits/wt-feat-net-observe/os/arceos/api/arceos_api)
    Checking starry-signal v0.10.5 (/home/asta/tgoskits/wt-feat-net-observe/os/StarryOS/signal)
    Checking ax-posix-api v0.6.8 (/home/asta/tgoskits/wt-feat-net-observe/os/arceos/api/arceos_posix_api)
    Checking ax-std v0.7.5 (/home/asta/tgoskits/wt-feat-net-observe/os/arceos/ulib/axstd)
    Finished `dev` profile [unoptimized + debuginfo] target(s) in 4.09s
warning: the following packages contain code that will be rejected by a future version of Rust: bitmaps v3.2.1, chacha20 v0.10.2, core v0.0.0 (/opt/rustup/toolchains/nightly-2026-09-04-x86_64-unknown-linux-gnu/lib/rustlib/src/rust/library/core), memchr v2.8.3
note: to see what the problems were, use the option `--future-incompat-report`, or run `cargo report future-incompatibilities --id 1`
ok: starry-kernel (feature: memtrack, target: x86_64-unknown-none)
[71/80] starry-kernel (feature: qperf-metrics, target: x86_64-unknown-none)
          cd /home/asta/tgoskits/wt-feat-net-observe && CARGO_UNSTABLE_JSON_TARGET_SPEC=true cargo clippy --no-deps -p starry-kernel --no-default-features --features qperf-metrics --target scripts/targets/bare/x86_64-unknown-none.json -Z json-target-spec -Z build-std=core,alloc -- -D warnings
    Checking ax-task v0.8.4 (/home/asta/tgoskits/wt-feat-net-observe/components/ax-task)
   Compiling ax-runtime v0.13.5 (/home/asta/tgoskits/wt-feat-net-observe/os/arceos/modules/axruntime)
   Compiling starry-kernel v0.12.1 (/home/asta/tgoskits/wt-feat-net-observe/os/StarryOS/kernel)
    Checking ax-net v0.13.6 (/home/asta/tgoskits/wt-feat-net-observe/net/ax-net)
    Checking ax-input v0.7.0 (/home/asta/tgoskits/wt-feat-net-observe/os/arceos/modules/axinput)
    Checking ax-gpu v0.1.0 (/home/asta/tgoskits/wt-feat-net-observe/os/arceos/modules/axgpu)
    Checking ax-display v0.7.0 (/home/asta/tgoskits/wt-feat-net-observe/os/arceos/modules/axdisplay)
    Checking ax-api v0.8.6 (/home/asta/tgoskits/wt-feat-net-observe/os/arceos/api/arceos_api)
    Checking starry-signal v0.10.5 (/home/asta/tgoskits/wt-feat-net-observe/os/StarryOS/signal)
    Checking ax-posix-api v0.6.8 (/home/asta/tgoskits/wt-feat-net-observe/os/arceos/api/arceos_posix_api)
    Checking ax-std v0.7.5 (/home/asta/tgoskits/wt-feat-net-observe/os/arceos/ulib/axstd)
    Finished `dev` profile [unoptimized + debuginfo] target(s) in 4.38s
warning: the following packages contain code that will be rejected by a future version of Rust: bitmaps v3.2.1, chacha20 v0.10.2, core v0.0.0 (/opt/rustup/toolchains/nightly-2026-09-04-x86_64-unknown-linux-gnu/lib/rustlib/src/rust/library/core), memchr v2.8.3
note: to see what the problems were, use the option `--future-incompat-report`, or run `cargo report future-incompatibilities --id 1`
ok: starry-kernel (feature: qperf-metrics, target: x86_64-unknown-none)
[72/80] starry-kernel (feature: rdif-pinctrl, target: x86_64-unknown-none)
          cd /home/asta/tgoskits/wt-feat-net-observe && CARGO_UNSTABLE_JSON_TARGET_SPEC=true cargo clippy --no-deps -p starry-kernel --no-default-features --features rdif-pinctrl --target scripts/targets/bare/x86_64-unknown-none.json -Z json-target-spec -Z build-std=core,alloc -- -D warnings
   Compiling starry-kernel v0.12.1 (/home/asta/tgoskits/wt-feat-net-observe/os/StarryOS/kernel)
    Finished `dev` profile [unoptimized + debuginfo] target(s) in 2.90s
warning: the following packages contain code that will be rejected by a future version of Rust: bitmaps v3.2.1, chacha20 v0.10.2, core v0.0.0 (/opt/rustup/toolchains/nightly-2026-09-04-x86_64-unknown-linux-gnu/lib/rustlib/src/rust/library/core), memchr v2.8.3
note: to see what the problems were, use the option `--future-incompat-report`, or run `cargo report future-incompatibilities --id 1`
ok: starry-kernel (feature: rdif-pinctrl, target: x86_64-unknown-none)
[73/80] starry-kernel (feature: rga, target: x86_64-unknown-none)
          cd /home/asta/tgoskits/wt-feat-net-observe && CARGO_UNSTABLE_JSON_TARGET_SPEC=true cargo clippy --no-deps -p starry-kernel --no-default-features --features rga --target scripts/targets/bare/x86_64-unknown-none.json -Z json-target-spec -Z build-std=core,alloc -- -D warnings
   Compiling ax-driver v0.18.1 (/home/asta/tgoskits/wt-feat-net-observe/drivers/ax-driver)
    Checking ax-cpu v0.10.3 (/home/asta/tgoskits/wt-feat-net-observe/components/axcpu)
    Checking rockchip-rga v0.3.0 (/home/asta/tgoskits/wt-feat-net-observe/drivers/gpu/rockchip-rga)
   Compiling starry-kernel v0.12.1 (/home/asta/tgoskits/wt-feat-net-observe/os/StarryOS/kernel)
    Checking cpu-local v0.4.3 (/home/asta/tgoskits/wt-feat-net-observe/components/cpu-local)
    Checking someboot v0.7.2 (/home/asta/tgoskits/wt-feat-net-observe/platforms/someboot)
    Checking ax-percpu v0.4.24 (/home/asta/tgoskits/wt-feat-net-observe/components/percpu/percpu)
    Checking ax-plat v0.15.0 (/home/asta/tgoskits/wt-feat-net-observe/platforms/ax-plat)
    Checking scope-local v0.6.5 (/home/asta/tgoskits/wt-feat-net-observe/components/scope-local)
    Checking somehal v0.11.3 (/home/asta/tgoskits/wt-feat-net-observe/platforms/somehal)
    Checking ax-fs-ng v0.11.2 (/home/asta/tgoskits/wt-feat-net-observe/fs/ax-fs-ng)
    Checking ax-alloc v0.9.2 (/home/asta/tgoskits/wt-feat-net-observe/memory/ax-alloc)
    Checking axklib v0.9.1 (/home/asta/tgoskits/wt-feat-net-observe/components/axklib)
    Checking axplat-dyn v0.10.4 (/home/asta/tgoskits/wt-feat-net-observe/platforms/axplat-dyn)
    Checking ax-hal v0.8.4 (/home/asta/tgoskits/wt-feat-net-observe/os/arceos/modules/axhal)
    Checking ax-net v0.13.6 (/home/asta/tgoskits/wt-feat-net-observe/net/ax-net)
    Checking ax-mm v0.8.4 (/home/asta/tgoskits/wt-feat-net-observe/os/arceos/modules/axmm)
    Checking ax-ipi v0.6.5 (/home/asta/tgoskits/wt-feat-net-observe/os/arceos/modules/axipi)
    Checking ax-gpu v0.1.0 (/home/asta/tgoskits/wt-feat-net-observe/os/arceos/modules/axgpu)
    Checking ax-display v0.7.0 (/home/asta/tgoskits/wt-feat-net-observe/os/arceos/modules/axdisplay)
    Checking ax-runtime v0.13.5 (/home/asta/tgoskits/wt-feat-net-observe/os/arceos/modules/axruntime)
    Checking ax-api v0.8.6 (/home/asta/tgoskits/wt-feat-net-observe/os/arceos/api/arceos_api)
    Checking starry-signal v0.10.5 (/home/asta/tgoskits/wt-feat-net-observe/os/StarryOS/signal)
    Checking ax-posix-api v0.6.8 (/home/asta/tgoskits/wt-feat-net-observe/os/arceos/api/arceos_posix_api)
    Checking ax-std v0.7.5 (/home/asta/tgoskits/wt-feat-net-observe/os/arceos/ulib/axstd)
    Finished `dev` profile [unoptimized + debuginfo] target(s) in 4.47s
warning: the following packages contain code that will be rejected by a future version of Rust: bitmaps v3.2.1, chacha20 v0.10.2, core v0.0.0 (/opt/rustup/toolchains/nightly-2026-09-04-x86_64-unknown-linux-gnu/lib/rustlib/src/rust/library/core), memchr v2.8.3
note: to see what the problems were, use the option `--future-incompat-report`, or run `cargo report future-incompatibilities --id 1`
ok: starry-kernel (feature: rga, target: x86_64-unknown-none)
[74/80] starry-kernel (feature: rknpu, target: x86_64-unknown-none)
          cd /home/asta/tgoskits/wt-feat-net-observe && CARGO_UNSTABLE_JSON_TARGET_SPEC=true cargo clippy --no-deps -p starry-kernel --no-default-features --features rknpu --target scripts/targets/bare/x86_64-unknown-none.json -Z json-target-spec -Z build-std=core,alloc -- -D warnings
   Compiling rockchip-npu v0.7.0 (/home/asta/tgoskits/wt-feat-net-observe/drivers/npu/rockchip-npu)
   Compiling ax-driver v0.18.1 (/home/asta/tgoskits/wt-feat-net-observe/drivers/ax-driver)
   Compiling starry-kernel v0.12.1 (/home/asta/tgoskits/wt-feat-net-observe/os/StarryOS/kernel)
    Checking axplat-dyn v0.10.4 (/home/asta/tgoskits/wt-feat-net-observe/platforms/axplat-dyn)
    Checking ax-hal v0.8.4 (/home/asta/tgoskits/wt-feat-net-observe/os/arceos/modules/axhal)
    Checking ax-mm v0.8.4 (/home/asta/tgoskits/wt-feat-net-observe/os/arceos/modules/axmm)
    Checking ax-ipi v0.6.5 (/home/asta/tgoskits/wt-feat-net-observe/os/arceos/modules/axipi)
    Checking ax-net v0.13.6 (/home/asta/tgoskits/wt-feat-net-observe/net/ax-net)
    Checking ax-gpu v0.1.0 (/home/asta/tgoskits/wt-feat-net-observe/os/arceos/modules/axgpu)
    Checking ax-display v0.7.0 (/home/asta/tgoskits/wt-feat-net-observe/os/arceos/modules/axdisplay)
    Checking ax-runtime v0.13.5 (/home/asta/tgoskits/wt-feat-net-observe/os/arceos/modules/axruntime)
    Checking ax-api v0.8.6 (/home/asta/tgoskits/wt-feat-net-observe/os/arceos/api/arceos_api)
    Checking starry-signal v0.10.5 (/home/asta/tgoskits/wt-feat-net-observe/os/StarryOS/signal)
    Checking ax-posix-api v0.6.8 (/home/asta/tgoskits/wt-feat-net-observe/os/arceos/api/arceos_posix_api)
    Checking ax-std v0.7.5 (/home/asta/tgoskits/wt-feat-net-observe/os/arceos/ulib/axstd)
    Finished `dev` profile [unoptimized + debuginfo] target(s) in 4.27s
warning: the following packages contain code that will be rejected by a future version of Rust: bitmaps v3.2.1, chacha20 v0.10.2, core v0.0.0 (/opt/rustup/toolchains/nightly-2026-09-04-x86_64-unknown-linux-gnu/lib/rustlib/src/rust/library/core), memchr v2.8.3
note: to see what the problems were, use the option `--future-incompat-report`, or run `cargo report future-incompatibilities --id 1`
ok: starry-kernel (feature: rknpu, target: x86_64-unknown-none)
[75/80] starry-kernel (feature: sg2002, target: x86_64-unknown-none)
          cd /home/asta/tgoskits/wt-feat-net-observe && CARGO_UNSTABLE_JSON_TARGET_SPEC=true cargo clippy --no-deps -p starry-kernel --no-default-features --features sg2002 --target scripts/targets/bare/x86_64-unknown-none.json -Z json-target-spec -Z build-std=core,alloc -- -D warnings
   Compiling starry-kernel v0.12.1 (/home/asta/tgoskits/wt-feat-net-observe/os/StarryOS/kernel)
    Checking ax-driver v0.18.1 (/home/asta/tgoskits/wt-feat-net-observe/drivers/ax-driver)
    Checking sg2002-tpu v0.4.1 (/home/asta/tgoskits/wt-feat-net-observe/drivers/tpu/sg2002-tpu)
    Checking axplat-dyn v0.10.4 (/home/asta/tgoskits/wt-feat-net-observe/platforms/axplat-dyn)
    Checking ax-hal v0.8.4 (/home/asta/tgoskits/wt-feat-net-observe/os/arceos/modules/axhal)
    Checking ax-net v0.13.6 (/home/asta/tgoskits/wt-feat-net-observe/net/ax-net)
    Checking ax-mm v0.8.4 (/home/asta/tgoskits/wt-feat-net-observe/os/arceos/modules/axmm)
    Checking ax-ipi v0.6.5 (/home/asta/tgoskits/wt-feat-net-observe/os/arceos/modules/axipi)
    Checking ax-gpu v0.1.0 (/home/asta/tgoskits/wt-feat-net-observe/os/arceos/modules/axgpu)
    Checking ax-display v0.7.0 (/home/asta/tgoskits/wt-feat-net-observe/os/arceos/modules/axdisplay)
    Checking ax-runtime v0.13.5 (/home/asta/tgoskits/wt-feat-net-observe/os/arceos/modules/axruntime)
    Checking ax-api v0.8.6 (/home/asta/tgoskits/wt-feat-net-observe/os/arceos/api/arceos_api)
    Checking starry-signal v0.10.5 (/home/asta/tgoskits/wt-feat-net-observe/os/StarryOS/signal)
    Checking ax-posix-api v0.6.8 (/home/asta/tgoskits/wt-feat-net-observe/os/arceos/api/arceos_posix_api)
    Checking ax-std v0.7.5 (/home/asta/tgoskits/wt-feat-net-observe/os/arceos/ulib/axstd)
warning: unused dependency `sg200x-bsp`
   --> os/StarryOS/kernel/Cargo.toml:166:1
    |
166 | sg200x-bsp = { workspace = true, optional = true, features = ["c906", "cv182x-host"] }
    | ^^^^^^^^^^^^^^^^^^^^^^^^^^^^^^^^^^^^^^^^^^^^^^^^^^^^^^^^^^^^^^^^^^^^^^^^^^^^^^^^^^^^^^
    |
    = note: `cargo::unused_dependencies` is set to `warn` by default
help: consider removing the dependency on `sg200x-bsp`
warning: `starry-kernel` (manifest) generated 1 warning
    Finished `dev` profile [unoptimized + debuginfo] target(s) in 4.07s
warning: the following packages contain code that will be rejected by a future version of Rust: bitmaps v3.2.1, chacha20 v0.10.2, core v0.0.0 (/opt/rustup/toolchains/nightly-2026-09-04-x86_64-unknown-linux-gnu/lib/rustlib/src/rust/library/core), memchr v2.8.3
note: to see what the problems were, use the option `--future-incompat-report`, or run `cargo report future-incompatibilities --id 1`
ok: starry-kernel (feature: sg2002, target: x86_64-unknown-none)
[76/80] starry-kernel (feature: sg2002-cvi-usb-camera, target: x86_64-unknown-none)
          cd /home/asta/tgoskits/wt-feat-net-observe && CARGO_UNSTABLE_JSON_TARGET_SPEC=true cargo clippy --no-deps -p starry-kernel --no-default-features --features sg2002-cvi-usb-camera --target scripts/targets/bare/x86_64-unknown-none.json -Z json-target-spec -Z build-std=core,alloc -- -D warnings
   Compiling starry-kernel v0.12.1 (/home/asta/tgoskits/wt-feat-net-observe/os/StarryOS/kernel)
    Checking sg200x-jpu v0.1.6 (/home/asta/tgoskits/wt-feat-net-observe/drivers/vpu/sg200x-jpu)
    Finished `dev` profile [unoptimized + debuginfo] target(s) in 3.10s
warning: the following packages contain code that will be rejected by a future version of Rust: bitmaps v3.2.1, chacha20 v0.10.2, core v0.0.0 (/opt/rustup/toolchains/nightly-2026-09-04-x86_64-unknown-linux-gnu/lib/rustlib/src/rust/library/core), memchr v2.8.3
note: to see what the problems were, use the option `--future-incompat-report`, or run `cargo report future-incompatibilities --id 1`
ok: starry-kernel (feature: sg2002-cvi-usb-camera, target: x86_64-unknown-none)
[77/80] starry-kernel (feature: stack-guard-page, target: x86_64-unknown-none)
          cd /home/asta/tgoskits/wt-feat-net-observe && CARGO_UNSTABLE_JSON_TARGET_SPEC=true cargo clippy --no-deps -p starry-kernel --no-default-features --features stack-guard-page --target scripts/targets/bare/x86_64-unknown-none.json -Z json-target-spec -Z build-std=core,alloc -- -D warnings
   Compiling ax-runtime v0.13.5 (/home/asta/tgoskits/wt-feat-net-observe/os/arceos/modules/axruntime)
   Compiling starry-kernel v0.12.1 (/home/asta/tgoskits/wt-feat-net-observe/os/StarryOS/kernel)
    Checking ax-api v0.8.6 (/home/asta/tgoskits/wt-feat-net-observe/os/arceos/api/arceos_api)
    Checking starry-signal v0.10.5 (/home/asta/tgoskits/wt-feat-net-observe/os/StarryOS/signal)
    Checking ax-posix-api v0.6.8 (/home/asta/tgoskits/wt-feat-net-observe/os/arceos/api/arceos_posix_api)
    Checking ax-std v0.7.5 (/home/asta/tgoskits/wt-feat-net-observe/os/arceos/ulib/axstd)
    Finished `dev` profile [unoptimized + debuginfo] target(s) in 3.31s
warning: the following packages contain code that will be rejected by a future version of Rust: bitmaps v3.2.1, chacha20 v0.10.2, core v0.0.0 (/opt/rustup/toolchains/nightly-2026-09-04-x86_64-unknown-linux-gnu/lib/rustlib/src/rust/library/core), memchr v2.8.3
note: to see what the problems were, use the option `--future-incompat-report`, or run `cargo report future-incompatibilities --id 1`
ok: starry-kernel (feature: stack-guard-page, target: x86_64-unknown-none)
[78/80] starry-kernel (feature: stack-protector, target: x86_64-unknown-none)
          cd /home/asta/tgoskits/wt-feat-net-observe && CARGO_UNSTABLE_JSON_TARGET_SPEC=true cargo clippy --no-deps -p starry-kernel --no-default-features --features stack-protector --target scripts/targets/bare/x86_64-unknown-none.json -Z json-target-spec -Z build-std=core,alloc -- -D warnings
   Compiling ax-runtime v0.13.5 (/home/asta/tgoskits/wt-feat-net-observe/os/arceos/modules/axruntime)
   Compiling starry-kernel v0.12.1 (/home/asta/tgoskits/wt-feat-net-observe/os/StarryOS/kernel)
    Checking ax-api v0.8.6 (/home/asta/tgoskits/wt-feat-net-observe/os/arceos/api/arceos_api)
    Checking starry-signal v0.10.5 (/home/asta/tgoskits/wt-feat-net-observe/os/StarryOS/signal)
    Checking ax-posix-api v0.6.8 (/home/asta/tgoskits/wt-feat-net-observe/os/arceos/api/arceos_posix_api)
    Checking ax-std v0.7.5 (/home/asta/tgoskits/wt-feat-net-observe/os/arceos/ulib/axstd)
    Finished `dev` profile [unoptimized + debuginfo] target(s) in 3.26s
warning: the following packages contain code that will be rejected by a future version of Rust: bitmaps v3.2.1, chacha20 v0.10.2, core v0.0.0 (/opt/rustup/toolchains/nightly-2026-09-04-x86_64-unknown-linux-gnu/lib/rustlib/src/rust/library/core), memchr v2.8.3
note: to see what the problems were, use the option `--future-incompat-report`, or run `cargo report future-incompatibilities --id 1`
ok: starry-kernel (feature: stack-protector, target: x86_64-unknown-none)
[79/80] starry-kernel (feature: uaccess-lock-regression, target: x86_64-unknown-none)
          cd /home/asta/tgoskits/wt-feat-net-observe && CARGO_UNSTABLE_JSON_TARGET_SPEC=true cargo clippy --no-deps -p starry-kernel --no-default-features --features uaccess-lock-regression --target scripts/targets/bare/x86_64-unknown-none.json -Z json-target-spec -Z build-std=core,alloc -- -D warnings
   Compiling starry-kernel v0.12.1 (/home/asta/tgoskits/wt-feat-net-observe/os/StarryOS/kernel)
    Finished `dev` profile [unoptimized + debuginfo] target(s) in 2.90s
warning: the following packages contain code that will be rejected by a future version of Rust: bitmaps v3.2.1, chacha20 v0.10.2, core v0.0.0 (/opt/rustup/toolchains/nightly-2026-09-04-x86_64-unknown-linux-gnu/lib/rustlib/src/rust/library/core), memchr v2.8.3
note: to see what the problems were, use the option `--future-incompat-report`, or run `cargo report future-incompatibilities --id 1`
ok: starry-kernel (feature: uaccess-lock-regression, target: x86_64-unknown-none)
[80/80] starry-kernel (feature: uvc, target: x86_64-unknown-none)
          cd /home/asta/tgoskits/wt-feat-net-observe && CARGO_UNSTABLE_JSON_TARGET_SPEC=true cargo clippy --no-deps -p starry-kernel --no-default-features --features uvc --target scripts/targets/bare/x86_64-unknown-none.json -Z json-target-spec -Z build-std=core,alloc -- -D warnings
    Checking ax-media v0.1.0 (/home/asta/tgoskits/wt-feat-net-observe/drivers/media/ax-media)
   Compiling starry-kernel v0.12.1 (/home/asta/tgoskits/wt-feat-net-observe/os/StarryOS/kernel)
    Checking media-uvc v0.1.0 (/home/asta/tgoskits/wt-feat-net-observe/drivers/media/uvc)
    Finished `dev` profile [unoptimized + debuginfo] target(s) in 3.57s
warning: the following packages contain code that will be rejected by a future version of Rust: bitmaps v3.2.1, chacha20 v0.10.2, core v0.0.0 (/opt/rustup/toolchains/nightly-2026-09-04-x86_64-unknown-linux-gnu/lib/rustlib/src/rust/library/core), memchr v2.8.3
note: to see what the problems were, use the option `--future-incompat-report`, or run `cargo report future-incompatibilities --id 1`
ok: starry-kernel (feature: uvc, target: x86_64-unknown-none)
clippy summary: 1 package(s), 80 check(s), 1 package(s) passed, 0 package(s) failed, 0 package(s) skipped
passed checks: 80, failed checks: 0, skipped checks: 0
clippy finished at: 2026-10-02 08:20:15 +0000
clippy elapsed: 5m 16s
all clippy checks passed
CLIPPY_EXIT=0
