    Finished `dev` profile [unoptimized + debuginfo] target(s) in 0.28s
     Running `target/debug/tg-xtask clippy --since dev`
clippy started at: 2026-10-02 07:04:15 +0000
using input ref `dev` (`d93f125cc5a97588ae3f83396e622be7c69e268d`) as incremental diff base
incremental clippy since `dev` selected 3 changed package(s) and 2 affected OS root package(s)
running clippy for 5 package(s) with 140 check(s) from /home/asta/tgoskits/wt-feat-net-observe
[1/140] ax-net (base, target: aarch64-unknown-none-softfloat)
          cd /home/asta/tgoskits/wt-feat-net-observe && CARGO_UNSTABLE_JSON_TARGET_SPEC=true cargo clippy --no-deps -p ax-net --target scripts/targets/bare/aarch64-unknown-none-softfloat.json -Z json-target-spec -Z build-std=core,alloc -- -Cllvm-args=--max-store-memcpy=16 -D warnings
   Compiling ax-cpu v0.10.3 (/home/asta/tgoskits/wt-feat-net-observe/components/axcpu)
   Compiling cpu-local v0.4.3 (/home/asta/tgoskits/wt-feat-net-observe/components/cpu-local)
   Compiling somehal v0.11.3 (/home/asta/tgoskits/wt-feat-net-observe/platforms/somehal)
   Compiling ax-driver v0.18.1 (/home/asta/tgoskits/wt-feat-net-observe/drivers/ax-driver)
   Compiling axplat-dyn v0.10.4 (/home/asta/tgoskits/wt-feat-net-observe/platforms/axplat-dyn)
   Compiling ax-hal v0.8.4 (/home/asta/tgoskits/wt-feat-net-observe/os/arceos/modules/axhal)
   Compiling ax-crate-interface v0.5.8 (/home/asta/tgoskits/wt-feat-net-observe/components/crate_interface)
   Compiling trait-ffi-macros v0.4.0 (/home/asta/tgoskits/wt-feat-net-observe/components/trait-ffi/trait-ffi-macros)
   Compiling rdrive-macros v0.4.3 (/home/asta/tgoskits/wt-feat-net-observe/drivers/rdrive-macros)
   Compiling ax-percpu-macros v0.4.12 (/home/asta/tgoskits/wt-feat-net-observe/components/percpu/percpu_macros)
   Compiling ax-plat-macros v0.3.10 (/home/asta/tgoskits/wt-feat-net-observe/platforms/ax-plat-macros)
   Compiling someboot v0.7.2 (/home/asta/tgoskits/wt-feat-net-observe/platforms/someboot)
   Compiling somehal-macros v0.1.7 (/home/asta/tgoskits/wt-feat-net-observe/platforms/somehal-macros)
    Checking ax-sync v0.6.0 (/home/asta/tgoskits/wt-feat-net-observe/os/arceos/modules/axsync)
    Checking trait-ffi v0.3.1 (/home/asta/tgoskits/wt-feat-net-observe/components/trait-ffi/trait-ffi)
    Checking ax-task v0.8.4 (/home/asta/tgoskits/wt-feat-net-observe/components/ax-task)
    Checking rdrive v0.25.0 (/home/asta/tgoskits/wt-feat-net-observe/drivers/rdrive)
    Checking dma-api v0.10.2 (/home/asta/tgoskits/wt-feat-net-observe/memory/dma-api)
    Checking buddy-slab-allocator v0.6.1 (/home/asta/tgoskits/wt-feat-net-observe/memory/buddy-slab-allocator)
    Checking axpoll-set v0.1.1 (/home/asta/tgoskits/wt-feat-net-observe/components/axpoll-set)
    Checking rdif-eth v0.6.0 (/home/asta/tgoskits/wt-feat-net-observe/drivers/interface/rdif-eth)
    Checking rd-net v0.3.3 (/home/asta/tgoskits/wt-feat-net-observe/drivers/net/rd-net)
    Checking ax-percpu v0.4.24 (/home/asta/tgoskits/wt-feat-net-observe/components/percpu/percpu)
    Checking ax-plat v0.15.0 (/home/asta/tgoskits/wt-feat-net-observe/platforms/ax-plat)
    Checking ax-alloc v0.9.2 (/home/asta/tgoskits/wt-feat-net-observe/memory/ax-alloc)
    Checking axklib v0.9.1 (/home/asta/tgoskits/wt-feat-net-observe/components/axklib)
    Checking ax-net v0.13.6 (/home/asta/tgoskits/wt-feat-net-observe/net/ax-net)
    Finished `dev` profile [unoptimized + debuginfo] target(s) in 8.18s
warning: the following packages contain code that will be rejected by a future version of Rust: core v0.0.0 (/opt/rustup/toolchains/nightly-2026-09-04-x86_64-unknown-linux-gnu/lib/rustlib/src/rust/library/core), memchr v2.8.3
note: to see what the problems were, use the option `--future-incompat-report`, or run `cargo report future-incompatibilities --id 1`
[axbuild] accepted known upstream Rust #134375 future-incompatibility for core@0.0.0, memchr@2.8.3
ok: ax-net (base, target: aarch64-unknown-none-softfloat)
[2/140] ax-net (feature: vsock, target: aarch64-unknown-none-softfloat)
          cd /home/asta/tgoskits/wt-feat-net-observe && CARGO_UNSTABLE_JSON_TARGET_SPEC=true cargo clippy --no-deps -p ax-net --no-default-features --features vsock --target scripts/targets/bare/aarch64-unknown-none-softfloat.json -Z json-target-spec -Z build-std=core,alloc -- -Cllvm-args=--max-store-memcpy=16 -D warnings
    Checking ax-net v0.13.6 (/home/asta/tgoskits/wt-feat-net-observe/net/ax-net)
    Finished `dev` profile [unoptimized + debuginfo] target(s) in 0.57s
warning: the following packages contain code that will be rejected by a future version of Rust: core v0.0.0 (/opt/rustup/toolchains/nightly-2026-09-04-x86_64-unknown-linux-gnu/lib/rustlib/src/rust/library/core), memchr v2.8.3
note: to see what the problems were, use the option `--future-incompat-report`, or run `cargo report future-incompatibilities --id 1`
[axbuild] accepted known upstream Rust #134375 future-incompatibility for core@0.0.0, memchr@2.8.3
ok: ax-net (feature: vsock, target: aarch64-unknown-none-softfloat)
[3/140] ax-net (base, target: loongarch64-unknown-none-softfloat)
          cd /home/asta/tgoskits/wt-feat-net-observe && CARGO_UNSTABLE_JSON_TARGET_SPEC=true cargo clippy --no-deps -p ax-net --target scripts/targets/bare/loongarch64-unknown-none-softfloat.json -Z json-target-spec -Z build-std=core,alloc -- -D warnings
   Compiling ax-cpu v0.10.3 (/home/asta/tgoskits/wt-feat-net-observe/components/axcpu)
   Compiling cpu-local v0.4.3 (/home/asta/tgoskits/wt-feat-net-observe/components/cpu-local)
   Compiling ax-percpu v0.4.24 (/home/asta/tgoskits/wt-feat-net-observe/components/percpu/percpu)
   Compiling ax-alloc v0.9.2 (/home/asta/tgoskits/wt-feat-net-observe/memory/ax-alloc)
   Compiling somehal v0.11.3 (/home/asta/tgoskits/wt-feat-net-observe/platforms/somehal)
   Compiling ax-driver v0.18.1 (/home/asta/tgoskits/wt-feat-net-observe/drivers/ax-driver)
   Compiling axplat-dyn v0.10.4 (/home/asta/tgoskits/wt-feat-net-observe/platforms/axplat-dyn)
   Compiling ax-hal v0.8.4 (/home/asta/tgoskits/wt-feat-net-observe/os/arceos/modules/axhal)
   Compiling ax-crate-interface v0.5.8 (/home/asta/tgoskits/wt-feat-net-observe/components/crate_interface)
   Compiling trait-ffi-macros v0.4.0 (/home/asta/tgoskits/wt-feat-net-observe/components/trait-ffi/trait-ffi-macros)
   Compiling ax-percpu-macros v0.4.12 (/home/asta/tgoskits/wt-feat-net-observe/components/percpu/percpu_macros)
   Compiling rdrive-macros v0.4.3 (/home/asta/tgoskits/wt-feat-net-observe/drivers/rdrive-macros)
   Compiling ax-plat-macros v0.3.10 (/home/asta/tgoskits/wt-feat-net-observe/platforms/ax-plat-macros)
   Compiling someboot v0.7.2 (/home/asta/tgoskits/wt-feat-net-observe/platforms/someboot)
   Compiling somehal-macros v0.1.7 (/home/asta/tgoskits/wt-feat-net-observe/platforms/somehal-macros)
    Checking ax-sync v0.6.0 (/home/asta/tgoskits/wt-feat-net-observe/os/arceos/modules/axsync)
    Checking rdrive v0.25.0 (/home/asta/tgoskits/wt-feat-net-observe/drivers/rdrive)
    Checking dma-api v0.10.2 (/home/asta/tgoskits/wt-feat-net-observe/memory/dma-api)
    Checking buddy-slab-allocator v0.6.1 (/home/asta/tgoskits/wt-feat-net-observe/memory/buddy-slab-allocator)
    Checking axpoll-set v0.1.1 (/home/asta/tgoskits/wt-feat-net-observe/components/axpoll-set)
    Checking trait-ffi v0.3.1 (/home/asta/tgoskits/wt-feat-net-observe/components/trait-ffi/trait-ffi)
    Checking rdif-eth v0.6.0 (/home/asta/tgoskits/wt-feat-net-observe/drivers/interface/rdif-eth)
    Checking ax-task v0.8.4 (/home/asta/tgoskits/wt-feat-net-observe/components/ax-task)
    Checking rd-net v0.3.3 (/home/asta/tgoskits/wt-feat-net-observe/drivers/net/rd-net)
    Checking ax-plat v0.15.0 (/home/asta/tgoskits/wt-feat-net-observe/platforms/ax-plat)
    Checking axklib v0.9.1 (/home/asta/tgoskits/wt-feat-net-observe/components/axklib)
    Checking ax-net v0.13.6 (/home/asta/tgoskits/wt-feat-net-observe/net/ax-net)
    Finished `dev` profile [unoptimized + debuginfo] target(s) in 1.54s
ok: ax-net (base, target: loongarch64-unknown-none-softfloat)
[4/140] ax-net (feature: vsock, target: loongarch64-unknown-none-softfloat)
          cd /home/asta/tgoskits/wt-feat-net-observe && CARGO_UNSTABLE_JSON_TARGET_SPEC=true cargo clippy --no-deps -p ax-net --no-default-features --features vsock --target scripts/targets/bare/loongarch64-unknown-none-softfloat.json -Z json-target-spec -Z build-std=core,alloc -- -D warnings
    Checking ax-net v0.13.6 (/home/asta/tgoskits/wt-feat-net-observe/net/ax-net)
    Finished `dev` profile [unoptimized + debuginfo] target(s) in 0.50s
ok: ax-net (feature: vsock, target: loongarch64-unknown-none-softfloat)
[5/140] ax-net (base, target: riscv64gc-unknown-none-elf)
          cd /home/asta/tgoskits/wt-feat-net-observe && CARGO_UNSTABLE_JSON_TARGET_SPEC=true cargo clippy --no-deps -p ax-net --target scripts/targets/bare/riscv64gc-unknown-none-elf.json -Z json-target-spec -Z build-std=core,alloc -- -D warnings
   Compiling ax-cpu v0.10.3 (/home/asta/tgoskits/wt-feat-net-observe/components/axcpu)
   Compiling cpu-local v0.4.3 (/home/asta/tgoskits/wt-feat-net-observe/components/cpu-local)
   Compiling ax-percpu v0.4.24 (/home/asta/tgoskits/wt-feat-net-observe/components/percpu/percpu)
   Compiling ax-alloc v0.9.2 (/home/asta/tgoskits/wt-feat-net-observe/memory/ax-alloc)
   Compiling somehal v0.11.3 (/home/asta/tgoskits/wt-feat-net-observe/platforms/somehal)
   Compiling ax-driver v0.18.1 (/home/asta/tgoskits/wt-feat-net-observe/drivers/ax-driver)
   Compiling axplat-dyn v0.10.4 (/home/asta/tgoskits/wt-feat-net-observe/platforms/axplat-dyn)
   Compiling ax-hal v0.8.4 (/home/asta/tgoskits/wt-feat-net-observe/os/arceos/modules/axhal)
    Checking ax-sync v0.6.0 (/home/asta/tgoskits/wt-feat-net-observe/os/arceos/modules/axsync)
    Checking trait-ffi v0.3.1 (/home/asta/tgoskits/wt-feat-net-observe/components/trait-ffi/trait-ffi)
   Compiling someboot v0.7.2 (/home/asta/tgoskits/wt-feat-net-observe/platforms/someboot)
    Checking ax-task v0.8.4 (/home/asta/tgoskits/wt-feat-net-observe/components/ax-task)
    Checking rdrive v0.25.0 (/home/asta/tgoskits/wt-feat-net-observe/drivers/rdrive)
    Checking dma-api v0.10.2 (/home/asta/tgoskits/wt-feat-net-observe/memory/dma-api)
    Checking buddy-slab-allocator v0.6.1 (/home/asta/tgoskits/wt-feat-net-observe/memory/buddy-slab-allocator)
    Checking axpoll-set v0.1.1 (/home/asta/tgoskits/wt-feat-net-observe/components/axpoll-set)
    Checking rdif-eth v0.6.0 (/home/asta/tgoskits/wt-feat-net-observe/drivers/interface/rdif-eth)
    Checking rd-net v0.3.3 (/home/asta/tgoskits/wt-feat-net-observe/drivers/net/rd-net)
    Checking ax-plat v0.15.0 (/home/asta/tgoskits/wt-feat-net-observe/platforms/ax-plat)
    Checking axklib v0.9.1 (/home/asta/tgoskits/wt-feat-net-observe/components/axklib)
    Checking ax-net v0.13.6 (/home/asta/tgoskits/wt-feat-net-observe/net/ax-net)
    Finished `dev` profile [unoptimized + debuginfo] target(s) in 1.31s
ok: ax-net (base, target: riscv64gc-unknown-none-elf)
[6/140] ax-net (feature: vsock, target: riscv64gc-unknown-none-elf)
          cd /home/asta/tgoskits/wt-feat-net-observe && CARGO_UNSTABLE_JSON_TARGET_SPEC=true cargo clippy --no-deps -p ax-net --no-default-features --features vsock --target scripts/targets/bare/riscv64gc-unknown-none-elf.json -Z json-target-spec -Z build-std=core,alloc -- -D warnings
    Checking ax-net v0.13.6 (/home/asta/tgoskits/wt-feat-net-observe/net/ax-net)
    Finished `dev` profile [unoptimized + debuginfo] target(s) in 0.54s
ok: ax-net (feature: vsock, target: riscv64gc-unknown-none-elf)
[7/140] ax-net (base, target: x86_64-unknown-none)
          cd /home/asta/tgoskits/wt-feat-net-observe && CARGO_UNSTABLE_JSON_TARGET_SPEC=true cargo clippy --no-deps -p ax-net --target scripts/targets/bare/x86_64-unknown-none.json -Z json-target-spec -Z build-std=core,alloc -- -D warnings
   Compiling ax-cpu v0.10.3 (/home/asta/tgoskits/wt-feat-net-observe/components/axcpu)
   Compiling cpu-local v0.4.3 (/home/asta/tgoskits/wt-feat-net-observe/components/cpu-local)
   Compiling ax-percpu v0.4.24 (/home/asta/tgoskits/wt-feat-net-observe/components/percpu/percpu)
   Compiling ax-alloc v0.9.2 (/home/asta/tgoskits/wt-feat-net-observe/memory/ax-alloc)
   Compiling ax-driver v0.18.1 (/home/asta/tgoskits/wt-feat-net-observe/drivers/ax-driver)
   Compiling somehal v0.11.3 (/home/asta/tgoskits/wt-feat-net-observe/platforms/somehal)
   Compiling axplat-dyn v0.10.4 (/home/asta/tgoskits/wt-feat-net-observe/platforms/axplat-dyn)
   Compiling ax-hal v0.8.4 (/home/asta/tgoskits/wt-feat-net-observe/os/arceos/modules/axhal)
    Checking ax-sync v0.6.0 (/home/asta/tgoskits/wt-feat-net-observe/os/arceos/modules/axsync)
    Checking trait-ffi v0.3.1 (/home/asta/tgoskits/wt-feat-net-observe/components/trait-ffi/trait-ffi)
   Compiling someboot v0.7.2 (/home/asta/tgoskits/wt-feat-net-observe/platforms/someboot)
    Checking ax-task v0.8.4 (/home/asta/tgoskits/wt-feat-net-observe/components/ax-task)
    Checking rdrive v0.25.0 (/home/asta/tgoskits/wt-feat-net-observe/drivers/rdrive)
    Checking dma-api v0.10.2 (/home/asta/tgoskits/wt-feat-net-observe/memory/dma-api)
    Checking buddy-slab-allocator v0.6.1 (/home/asta/tgoskits/wt-feat-net-observe/memory/buddy-slab-allocator)
    Checking axpoll-set v0.1.1 (/home/asta/tgoskits/wt-feat-net-observe/components/axpoll-set)
    Checking rdif-eth v0.6.0 (/home/asta/tgoskits/wt-feat-net-observe/drivers/interface/rdif-eth)
    Checking rd-net v0.3.3 (/home/asta/tgoskits/wt-feat-net-observe/drivers/net/rd-net)
    Checking ax-plat v0.15.0 (/home/asta/tgoskits/wt-feat-net-observe/platforms/ax-plat)
    Checking axklib v0.9.1 (/home/asta/tgoskits/wt-feat-net-observe/components/axklib)
    Checking ax-net v0.13.6 (/home/asta/tgoskits/wt-feat-net-observe/net/ax-net)
    Finished `dev` profile [unoptimized + debuginfo] target(s) in 1.45s
warning: the following packages contain code that will be rejected by a future version of Rust: core v0.0.0 (/opt/rustup/toolchains/nightly-2026-09-04-x86_64-unknown-linux-gnu/lib/rustlib/src/rust/library/core), memchr v2.8.3
note: to see what the problems were, use the option `--future-incompat-report`, or run `cargo report future-incompatibilities --id 2`
ok: ax-net (base, target: x86_64-unknown-none)
[8/140] ax-net (feature: vsock, target: x86_64-unknown-none)
          cd /home/asta/tgoskits/wt-feat-net-observe && CARGO_UNSTABLE_JSON_TARGET_SPEC=true cargo clippy --no-deps -p ax-net --no-default-features --features vsock --target scripts/targets/bare/x86_64-unknown-none.json -Z json-target-spec -Z build-std=core,alloc -- -D warnings
    Checking ax-net v0.13.6 (/home/asta/tgoskits/wt-feat-net-observe/net/ax-net)
    Finished `dev` profile [unoptimized + debuginfo] target(s) in 0.58s
warning: the following packages contain code that will be rejected by a future version of Rust: core v0.0.0 (/opt/rustup/toolchains/nightly-2026-09-04-x86_64-unknown-linux-gnu/lib/rustlib/src/rust/library/core), memchr v2.8.3
note: to see what the problems were, use the option `--future-incompat-report`, or run `cargo report future-incompatibilities --id 2`
ok: ax-net (feature: vsock, target: x86_64-unknown-none)
[9/140] ax-net (feature: host-test)
          cd /home/asta/tgoskits/wt-feat-net-observe && cargo clippy --no-deps -p ax-net --tests --no-default-features --features host-test -- -D warnings
    Checking ax-net v0.13.6 (/home/asta/tgoskits/wt-feat-net-observe/net/ax-net)
    Finished `dev` profile [unoptimized + debuginfo] target(s) in 0.49s
ok: ax-net (feature: host-test)
[10/140] ax-tracepoint (base)
          cd /home/asta/tgoskits/wt-feat-net-observe && cargo clippy --no-deps -p ax-tracepoint -- -D warnings
    Finished `dev` profile [unoptimized + debuginfo] target(s) in 0.12s
ok: ax-tracepoint (base)
[11/140] starry-kernel (base, target: aarch64-unknown-none-softfloat)
          cd /home/asta/tgoskits/wt-feat-net-observe && CARGO_UNSTABLE_JSON_TARGET_SPEC=true cargo clippy --no-deps -p starry-kernel --target scripts/targets/bare/aarch64-unknown-none-softfloat.json -Z json-target-spec -Z build-std=core,alloc -- -Cllvm-args=--max-store-memcpy=16 -D warnings
   Compiling ax-percpu v0.4.24 (/home/asta/tgoskits/wt-feat-net-observe/components/percpu/percpu)
   Compiling ax-alloc v0.9.2 (/home/asta/tgoskits/wt-feat-net-observe/memory/ax-alloc)
    Checking ax-plat v0.15.0 (/home/asta/tgoskits/wt-feat-net-observe/platforms/ax-plat)
    Checking somehal v0.11.3 (/home/asta/tgoskits/wt-feat-net-observe/platforms/somehal)
    Checking scope-local v0.6.5 (/home/asta/tgoskits/wt-feat-net-observe/components/scope-local)
    Checking ax-fs-ng v0.11.2 (/home/asta/tgoskits/wt-feat-net-observe/fs/ax-fs-ng)
    Checking axklib v0.9.1 (/home/asta/tgoskits/wt-feat-net-observe/components/axklib)
    Checking ax-driver v0.18.1 (/home/asta/tgoskits/wt-feat-net-observe/drivers/ax-driver)
    Checking axplat-dyn v0.10.4 (/home/asta/tgoskits/wt-feat-net-observe/platforms/axplat-dyn)
    Checking ax-hal v0.8.4 (/home/asta/tgoskits/wt-feat-net-observe/os/arceos/modules/axhal)
    Checking ax-mm v0.8.4 (/home/asta/tgoskits/wt-feat-net-observe/os/arceos/modules/axmm)
    Checking ax-ipi v0.6.5 (/home/asta/tgoskits/wt-feat-net-observe/os/arceos/modules/axipi)
    Checking ax-net v0.13.6 (/home/asta/tgoskits/wt-feat-net-observe/net/ax-net)
    Checking ax-gpu v0.1.0 (/home/asta/tgoskits/wt-feat-net-observe/os/arceos/modules/axgpu)
    Checking ax-display v0.7.0 (/home/asta/tgoskits/wt-feat-net-observe/os/arceos/modules/axdisplay)
    Checking ax-runtime v0.13.5 (/home/asta/tgoskits/wt-feat-net-observe/os/arceos/modules/axruntime)
    Checking ax-api v0.8.6 (/home/asta/tgoskits/wt-feat-net-observe/os/arceos/api/arceos_api)
    Checking starry-signal v0.10.5 (/home/asta/tgoskits/wt-feat-net-observe/os/StarryOS/signal)
    Checking ax-posix-api v0.6.8 (/home/asta/tgoskits/wt-feat-net-observe/os/arceos/api/arceos_posix_api)
    Checking ax-std v0.7.5 (/home/asta/tgoskits/wt-feat-net-observe/os/arceos/ulib/axstd)
    Checking starry-kernel v0.12.1 (/home/asta/tgoskits/wt-feat-net-observe/os/StarryOS/kernel)
    Finished `dev` profile [unoptimized + debuginfo] target(s) in 8.75s
warning: the following packages contain code that will be rejected by a future version of Rust: core v0.0.0 (/opt/rustup/toolchains/nightly-2026-09-04-x86_64-unknown-linux-gnu/lib/rustlib/src/rust/library/core), memchr v2.8.3
note: to see what the problems were, use the option `--future-incompat-report`, or run `cargo report future-incompatibilities --id 1`
[axbuild] accepted known upstream Rust #134375 future-incompatibility for core@0.0.0, memchr@2.8.3
ok: starry-kernel (base, target: aarch64-unknown-none-softfloat)
[12/140] starry-kernel (feature: axtest, target: aarch64-unknown-none-softfloat)
          cd /home/asta/tgoskits/wt-feat-net-observe && CARGO_UNSTABLE_JSON_TARGET_SPEC=true cargo clippy --no-deps -p starry-kernel --no-default-features --features axtest --target scripts/targets/bare/aarch64-unknown-none-softfloat.json -Z json-target-spec -Z build-std=core,alloc -- -Cllvm-args=--max-store-memcpy=16 -D warnings
    Checking ax-task v0.8.4 (/home/asta/tgoskits/wt-feat-net-observe/components/ax-task)
   Compiling ax-runtime v0.13.5 (/home/asta/tgoskits/wt-feat-net-observe/os/arceos/modules/axruntime)
   Compiling axtest-macros v0.5.16 (/home/asta/tgoskits/wt-feat-net-observe/components/axtest/axtest_macros)
   Compiling starry-kernel v0.12.1 (/home/asta/tgoskits/wt-feat-net-observe/os/StarryOS/kernel)
    Checking axtest v0.5.16 (/home/asta/tgoskits/wt-feat-net-observe/components/axtest/axtest)
    Checking ax-net v0.13.6 (/home/asta/tgoskits/wt-feat-net-observe/net/ax-net)
    Checking ax-input v0.7.0 (/home/asta/tgoskits/wt-feat-net-observe/os/arceos/modules/axinput)
    Checking ax-gpu v0.1.0 (/home/asta/tgoskits/wt-feat-net-observe/os/arceos/modules/axgpu)
    Checking ax-display v0.7.0 (/home/asta/tgoskits/wt-feat-net-observe/os/arceos/modules/axdisplay)
    Checking ax-api v0.8.6 (/home/asta/tgoskits/wt-feat-net-observe/os/arceos/api/arceos_api)
    Checking starry-signal v0.10.5 (/home/asta/tgoskits/wt-feat-net-observe/os/StarryOS/signal)
    Checking ax-posix-api v0.6.8 (/home/asta/tgoskits/wt-feat-net-observe/os/arceos/api/arceos_posix_api)
    Checking ax-std v0.7.5 (/home/asta/tgoskits/wt-feat-net-observe/os/arceos/ulib/axstd)
warning: unused dependency `axtest`
  --> os/StarryOS/kernel/Cargo.toml:61:1
   |
61 | axtest = { workspace = true, optional = true }
   | ^^^^^^^^^^^^^^^^^^^^^^^^^^^^^^^^^^^^^^^^^^^^^^
   |
   = note: `cargo::unused_dependencies` is set to `warn` by default
help: consider removing the dependency on `axtest`
warning: `starry-kernel` (manifest) generated 1 warning
    Finished `dev` profile [unoptimized + debuginfo] target(s) in 9.29s
warning: the following packages contain code that will be rejected by a future version of Rust: core v0.0.0 (/opt/rustup/toolchains/nightly-2026-09-04-x86_64-unknown-linux-gnu/lib/rustlib/src/rust/library/core), memchr v2.8.3
note: to see what the problems were, use the option `--future-incompat-report`, or run `cargo report future-incompatibilities --id 1`
[axbuild] accepted known upstream Rust #134375 future-incompatibility for core@0.0.0, memchr@2.8.3
ok: starry-kernel (feature: axtest, target: aarch64-unknown-none-softfloat)
[13/140] starry-kernel (feature: axtest-coverage, target: aarch64-unknown-none-softfloat)
          cd /home/asta/tgoskits/wt-feat-net-observe && CARGO_UNSTABLE_JSON_TARGET_SPEC=true cargo clippy --no-deps -p starry-kernel --no-default-features --features axtest-coverage --target scripts/targets/bare/aarch64-unknown-none-softfloat.json -Z json-target-spec -Z build-std=core,alloc -- -Cllvm-args=--max-store-memcpy=16 -D warnings
   Compiling starry-kernel v0.12.1 (/home/asta/tgoskits/wt-feat-net-observe/os/StarryOS/kernel)
    Checking axtest v0.5.16 (/home/asta/tgoskits/wt-feat-net-observe/components/axtest/axtest)
warning: unused dependency `axtest`
  --> os/StarryOS/kernel/Cargo.toml:61:1
   |
61 | axtest = { workspace = true, optional = true }
   | ^^^^^^^^^^^^^^^^^^^^^^^^^^^^^^^^^^^^^^^^^^^^^^
   |
   = note: `cargo::unused_dependencies` is set to `warn` by default
help: consider removing the dependency on `axtest`
warning: `starry-kernel` (manifest) generated 1 warning
    Finished `dev` profile [unoptimized + debuginfo] target(s) in 6.59s
warning: the following packages contain code that will be rejected by a future version of Rust: core v0.0.0 (/opt/rustup/toolchains/nightly-2026-09-04-x86_64-unknown-linux-gnu/lib/rustlib/src/rust/library/core), memchr v2.8.3
note: to see what the problems were, use the option `--future-incompat-report`, or run `cargo report future-incompatibilities --id 1`
[axbuild] accepted known upstream Rust #134375 future-incompatibility for core@0.0.0, memchr@2.8.3
ok: starry-kernel (feature: axtest-coverage, target: aarch64-unknown-none-softfloat)
[14/140] starry-kernel (feature: dev-log, target: aarch64-unknown-none-softfloat)
          cd /home/asta/tgoskits/wt-feat-net-observe && CARGO_UNSTABLE_JSON_TARGET_SPEC=true cargo clippy --no-deps -p starry-kernel --no-default-features --features dev-log --target scripts/targets/bare/aarch64-unknown-none-softfloat.json -Z json-target-spec -Z build-std=core,alloc -- -Cllvm-args=--max-store-memcpy=16 -D warnings
   Compiling starry-kernel v0.12.1 (/home/asta/tgoskits/wt-feat-net-observe/os/StarryOS/kernel)
    Finished `dev` profile [unoptimized + debuginfo] target(s) in 6.59s
warning: the following packages contain code that will be rejected by a future version of Rust: core v0.0.0 (/opt/rustup/toolchains/nightly-2026-09-04-x86_64-unknown-linux-gnu/lib/rustlib/src/rust/library/core), memchr v2.8.3
note: to see what the problems were, use the option `--future-incompat-report`, or run `cargo report future-incompatibilities --id 1`
[axbuild] accepted known upstream Rust #134375 future-incompatibility for core@0.0.0, memchr@2.8.3
ok: starry-kernel (feature: dev-log, target: aarch64-unknown-none-softfloat)
[15/140] starry-kernel (feature: dynamic_debug, target: aarch64-unknown-none-softfloat)
          cd /home/asta/tgoskits/wt-feat-net-observe && CARGO_UNSTABLE_JSON_TARGET_SPEC=true cargo clippy --no-deps -p starry-kernel --no-default-features --features dynamic_debug --target scripts/targets/bare/aarch64-unknown-none-softfloat.json -Z json-target-spec -Z build-std=core,alloc -- -Cllvm-args=--max-store-memcpy=16 -D warnings
   Compiling starry-kernel v0.12.1 (/home/asta/tgoskits/wt-feat-net-observe/os/StarryOS/kernel)
    Finished `dev` profile [unoptimized + debuginfo] target(s) in 6.63s
warning: the following packages contain code that will be rejected by a future version of Rust: core v0.0.0 (/opt/rustup/toolchains/nightly-2026-09-04-x86_64-unknown-linux-gnu/lib/rustlib/src/rust/library/core), memchr v2.8.3
note: to see what the problems were, use the option `--future-incompat-report`, or run `cargo report future-incompatibilities --id 1`
[axbuild] accepted known upstream Rust #134375 future-incompatibility for core@0.0.0, memchr@2.8.3
ok: starry-kernel (feature: dynamic_debug, target: aarch64-unknown-none-softfloat)
[16/140] starry-kernel (feature: ext4, target: aarch64-unknown-none-softfloat)
          cd /home/asta/tgoskits/wt-feat-net-observe && CARGO_UNSTABLE_JSON_TARGET_SPEC=true cargo clippy --no-deps -p starry-kernel --no-default-features --features ext4 --target scripts/targets/bare/aarch64-unknown-none-softfloat.json -Z json-target-spec -Z build-std=core,alloc -- -Cllvm-args=--max-store-memcpy=16 -D warnings
   Compiling starry-kernel v0.12.1 (/home/asta/tgoskits/wt-feat-net-observe/os/StarryOS/kernel)
    Finished `dev` profile [unoptimized + debuginfo] target(s) in 6.52s
warning: the following packages contain code that will be rejected by a future version of Rust: core v0.0.0 (/opt/rustup/toolchains/nightly-2026-09-04-x86_64-unknown-linux-gnu/lib/rustlib/src/rust/library/core), memchr v2.8.3
note: to see what the problems were, use the option `--future-incompat-report`, or run `cargo report future-incompatibilities --id 1`
[axbuild] accepted known upstream Rust #134375 future-incompatibility for core@0.0.0, memchr@2.8.3
ok: starry-kernel (feature: ext4, target: aarch64-unknown-none-softfloat)
[17/140] starry-kernel (feature: fat, target: aarch64-unknown-none-softfloat)
          cd /home/asta/tgoskits/wt-feat-net-observe && CARGO_UNSTABLE_JSON_TARGET_SPEC=true cargo clippy --no-deps -p starry-kernel --no-default-features --features fat --target scripts/targets/bare/aarch64-unknown-none-softfloat.json -Z json-target-spec -Z build-std=core,alloc -- -Cllvm-args=--max-store-memcpy=16 -D warnings
   Compiling starry-kernel v0.12.1 (/home/asta/tgoskits/wt-feat-net-observe/os/StarryOS/kernel)
    Checking ax-fs-ng v0.11.2 (/home/asta/tgoskits/wt-feat-net-observe/fs/ax-fs-ng)
    Checking ax-runtime v0.13.5 (/home/asta/tgoskits/wt-feat-net-observe/os/arceos/modules/axruntime)
    Checking ax-api v0.8.6 (/home/asta/tgoskits/wt-feat-net-observe/os/arceos/api/arceos_api)
    Checking starry-signal v0.10.5 (/home/asta/tgoskits/wt-feat-net-observe/os/StarryOS/signal)
    Checking ax-posix-api v0.6.8 (/home/asta/tgoskits/wt-feat-net-observe/os/arceos/api/arceos_posix_api)
    Checking ax-std v0.7.5 (/home/asta/tgoskits/wt-feat-net-observe/os/arceos/ulib/axstd)
    Finished `dev` profile [unoptimized + debuginfo] target(s) in 7.49s
warning: the following packages contain code that will be rejected by a future version of Rust: core v0.0.0 (/opt/rustup/toolchains/nightly-2026-09-04-x86_64-unknown-linux-gnu/lib/rustlib/src/rust/library/core), memchr v2.8.3
note: to see what the problems were, use the option `--future-incompat-report`, or run `cargo report future-incompatibilities --id 1`
[axbuild] accepted known upstream Rust #134375 future-incompatibility for core@0.0.0, memchr@2.8.3
ok: starry-kernel (feature: fat, target: aarch64-unknown-none-softfloat)
[18/140] starry-kernel (feature: jpeg, target: aarch64-unknown-none-softfloat)
          cd /home/asta/tgoskits/wt-feat-net-observe && CARGO_UNSTABLE_JSON_TARGET_SPEC=true cargo clippy --no-deps -p starry-kernel --no-default-features --features jpeg --target scripts/targets/bare/aarch64-unknown-none-softfloat.json -Z json-target-spec -Z build-std=core,alloc -- -Cllvm-args=--max-store-memcpy=16 -D warnings
   Compiling rockchip-pm v0.4.10 (/home/asta/tgoskits/wt-feat-net-observe/drivers/soc/rockchip/rockchip-pm)
   Compiling ax-driver v0.18.1 (/home/asta/tgoskits/wt-feat-net-observe/drivers/ax-driver)
    Checking rockchip-jpeg v0.2.0 (/home/asta/tgoskits/wt-feat-net-observe/drivers/vpu/rockchip-jpeg)
   Compiling starry-kernel v0.12.1 (/home/asta/tgoskits/wt-feat-net-observe/os/StarryOS/kernel)
    Checking axplat-dyn v0.10.4 (/home/asta/tgoskits/wt-feat-net-observe/platforms/axplat-dyn)
    Checking ax-hal v0.8.4 (/home/asta/tgoskits/wt-feat-net-observe/os/arceos/modules/axhal)
    Checking ax-ipi v0.6.5 (/home/asta/tgoskits/wt-feat-net-observe/os/arceos/modules/axipi)
    Checking ax-net v0.13.6 (/home/asta/tgoskits/wt-feat-net-observe/net/ax-net)
    Checking ax-mm v0.8.4 (/home/asta/tgoskits/wt-feat-net-observe/os/arceos/modules/axmm)
    Checking ax-gpu v0.1.0 (/home/asta/tgoskits/wt-feat-net-observe/os/arceos/modules/axgpu)
    Checking ax-display v0.7.0 (/home/asta/tgoskits/wt-feat-net-observe/os/arceos/modules/axdisplay)
    Checking ax-runtime v0.13.5 (/home/asta/tgoskits/wt-feat-net-observe/os/arceos/modules/axruntime)
    Checking ax-api v0.8.6 (/home/asta/tgoskits/wt-feat-net-observe/os/arceos/api/arceos_api)
    Checking starry-signal v0.10.5 (/home/asta/tgoskits/wt-feat-net-observe/os/StarryOS/signal)
    Checking ax-posix-api v0.6.8 (/home/asta/tgoskits/wt-feat-net-observe/os/arceos/api/arceos_posix_api)
    Checking ax-std v0.7.5 (/home/asta/tgoskits/wt-feat-net-observe/os/arceos/ulib/axstd)
    Finished `dev` profile [unoptimized + debuginfo] target(s) in 8.64s
warning: the following packages contain code that will be rejected by a future version of Rust: core v0.0.0 (/opt/rustup/toolchains/nightly-2026-09-04-x86_64-unknown-linux-gnu/lib/rustlib/src/rust/library/core), memchr v2.8.3
note: to see what the problems were, use the option `--future-incompat-report`, or run `cargo report future-incompatibilities --id 1`
[axbuild] accepted known upstream Rust #134375 future-incompatibility for core@0.0.0, memchr@2.8.3
ok: starry-kernel (feature: jpeg, target: aarch64-unknown-none-softfloat)
[19/140] starry-kernel (feature: k230-kpu, target: aarch64-unknown-none-softfloat)
          cd /home/asta/tgoskits/wt-feat-net-observe && CARGO_UNSTABLE_JSON_TARGET_SPEC=true cargo clippy --no-deps -p starry-kernel --no-default-features --features k230-kpu --target scripts/targets/bare/aarch64-unknown-none-softfloat.json -Z json-target-spec -Z build-std=core,alloc -- -Cllvm-args=--max-store-memcpy=16 -D warnings
    Checking ax-cpu v0.10.3 (/home/asta/tgoskits/wt-feat-net-observe/components/axcpu)
   Compiling starry-kernel v0.12.1 (/home/asta/tgoskits/wt-feat-net-observe/os/StarryOS/kernel)
    Checking cpu-local v0.4.3 (/home/asta/tgoskits/wt-feat-net-observe/components/cpu-local)
    Checking someboot v0.7.2 (/home/asta/tgoskits/wt-feat-net-observe/platforms/someboot)
    Checking ax-percpu v0.4.24 (/home/asta/tgoskits/wt-feat-net-observe/components/percpu/percpu)
    Checking ax-plat v0.15.0 (/home/asta/tgoskits/wt-feat-net-observe/platforms/ax-plat)
    Checking scope-local v0.6.5 (/home/asta/tgoskits/wt-feat-net-observe/components/scope-local)
    Checking somehal v0.11.3 (/home/asta/tgoskits/wt-feat-net-observe/platforms/somehal)
    Checking ax-fs-ng v0.11.2 (/home/asta/tgoskits/wt-feat-net-observe/fs/ax-fs-ng)
    Checking ax-alloc v0.9.2 (/home/asta/tgoskits/wt-feat-net-observe/memory/ax-alloc)
    Checking axklib v0.9.1 (/home/asta/tgoskits/wt-feat-net-observe/components/axklib)
    Checking ax-driver v0.18.1 (/home/asta/tgoskits/wt-feat-net-observe/drivers/ax-driver)
    Checking axplat-dyn v0.10.4 (/home/asta/tgoskits/wt-feat-net-observe/platforms/axplat-dyn)
    Checking ax-hal v0.8.4 (/home/asta/tgoskits/wt-feat-net-observe/os/arceos/modules/axhal)
    Checking ax-net v0.13.6 (/home/asta/tgoskits/wt-feat-net-observe/net/ax-net)
    Checking ax-mm v0.8.4 (/home/asta/tgoskits/wt-feat-net-observe/os/arceos/modules/axmm)
    Checking ax-ipi v0.6.5 (/home/asta/tgoskits/wt-feat-net-observe/os/arceos/modules/axipi)
    Checking ax-gpu v0.1.0 (/home/asta/tgoskits/wt-feat-net-observe/os/arceos/modules/axgpu)
    Checking ax-display v0.7.0 (/home/asta/tgoskits/wt-feat-net-observe/os/arceos/modules/axdisplay)
    Checking ax-runtime v0.13.5 (/home/asta/tgoskits/wt-feat-net-observe/os/arceos/modules/axruntime)
    Checking ax-api v0.8.6 (/home/asta/tgoskits/wt-feat-net-observe/os/arceos/api/arceos_api)
    Checking starry-signal v0.10.5 (/home/asta/tgoskits/wt-feat-net-observe/os/StarryOS/signal)
    Checking ax-posix-api v0.6.8 (/home/asta/tgoskits/wt-feat-net-observe/os/arceos/api/arceos_posix_api)
    Checking ax-std v0.7.5 (/home/asta/tgoskits/wt-feat-net-observe/os/arceos/ulib/axstd)
    Finished `dev` profile [unoptimized + debuginfo] target(s) in 8.89s
warning: the following packages contain code that will be rejected by a future version of Rust: core v0.0.0 (/opt/rustup/toolchains/nightly-2026-09-04-x86_64-unknown-linux-gnu/lib/rustlib/src/rust/library/core), memchr v2.8.3
note: to see what the problems were, use the option `--future-incompat-report`, or run `cargo report future-incompatibilities --id 1`
[axbuild] accepted known upstream Rust #134375 future-incompatibility for core@0.0.0, memchr@2.8.3
ok: starry-kernel (feature: k230-kpu, target: aarch64-unknown-none-softfloat)
[20/140] starry-kernel (feature: memtrack, target: aarch64-unknown-none-softfloat)
          cd /home/asta/tgoskits/wt-feat-net-observe && CARGO_UNSTABLE_JSON_TARGET_SPEC=true cargo clippy --no-deps -p starry-kernel --no-default-features --features memtrack --target scripts/targets/bare/aarch64-unknown-none-softfloat.json -Z json-target-spec -Z build-std=core,alloc -- -Cllvm-args=--max-store-memcpy=16 -D warnings
   Compiling ax-alloc v0.9.2 (/home/asta/tgoskits/wt-feat-net-observe/memory/ax-alloc)
   Compiling starry-kernel v0.12.1 (/home/asta/tgoskits/wt-feat-net-observe/os/StarryOS/kernel)
    Checking axklib v0.9.1 (/home/asta/tgoskits/wt-feat-net-observe/components/axklib)
    Checking ax-driver v0.18.1 (/home/asta/tgoskits/wt-feat-net-observe/drivers/ax-driver)
    Checking axplat-dyn v0.10.4 (/home/asta/tgoskits/wt-feat-net-observe/platforms/axplat-dyn)
    Checking ax-hal v0.8.4 (/home/asta/tgoskits/wt-feat-net-observe/os/arceos/modules/axhal)
    Checking ax-net v0.13.6 (/home/asta/tgoskits/wt-feat-net-observe/net/ax-net)
    Checking ax-mm v0.8.4 (/home/asta/tgoskits/wt-feat-net-observe/os/arceos/modules/axmm)
    Checking ax-ipi v0.6.5 (/home/asta/tgoskits/wt-feat-net-observe/os/arceos/modules/axipi)
    Checking ax-gpu v0.1.0 (/home/asta/tgoskits/wt-feat-net-observe/os/arceos/modules/axgpu)
    Checking ax-display v0.7.0 (/home/asta/tgoskits/wt-feat-net-observe/os/arceos/modules/axdisplay)
    Checking ax-runtime v0.13.5 (/home/asta/tgoskits/wt-feat-net-observe/os/arceos/modules/axruntime)
    Checking ax-api v0.8.6 (/home/asta/tgoskits/wt-feat-net-observe/os/arceos/api/arceos_api)
    Checking starry-signal v0.10.5 (/home/asta/tgoskits/wt-feat-net-observe/os/StarryOS/signal)
    Checking ax-posix-api v0.6.8 (/home/asta/tgoskits/wt-feat-net-observe/os/arceos/api/arceos_posix_api)
    Checking ax-std v0.7.5 (/home/asta/tgoskits/wt-feat-net-observe/os/arceos/ulib/axstd)
    Finished `dev` profile [unoptimized + debuginfo] target(s) in 8.69s
warning: the following packages contain code that will be rejected by a future version of Rust: core v0.0.0 (/opt/rustup/toolchains/nightly-2026-09-04-x86_64-unknown-linux-gnu/lib/rustlib/src/rust/library/core), memchr v2.8.3
note: to see what the problems were, use the option `--future-incompat-report`, or run `cargo report future-incompatibilities --id 1`
[axbuild] accepted known upstream Rust #134375 future-incompatibility for core@0.0.0, memchr@2.8.3
ok: starry-kernel (feature: memtrack, target: aarch64-unknown-none-softfloat)
[21/140] starry-kernel (feature: qperf-metrics, target: aarch64-unknown-none-softfloat)
          cd /home/asta/tgoskits/wt-feat-net-observe && CARGO_UNSTABLE_JSON_TARGET_SPEC=true cargo clippy --no-deps -p starry-kernel --no-default-features --features qperf-metrics --target scripts/targets/bare/aarch64-unknown-none-softfloat.json -Z json-target-spec -Z build-std=core,alloc -- -Cllvm-args=--max-store-memcpy=16 -D warnings
    Checking ax-task v0.8.4 (/home/asta/tgoskits/wt-feat-net-observe/components/ax-task)
   Compiling ax-runtime v0.13.5 (/home/asta/tgoskits/wt-feat-net-observe/os/arceos/modules/axruntime)
   Compiling starry-kernel v0.12.1 (/home/asta/tgoskits/wt-feat-net-observe/os/StarryOS/kernel)
    Checking ax-net v0.13.6 (/home/asta/tgoskits/wt-feat-net-observe/net/ax-net)
    Checking ax-input v0.7.0 (/home/asta/tgoskits/wt-feat-net-observe/os/arceos/modules/axinput)
    Checking ax-gpu v0.1.0 (/home/asta/tgoskits/wt-feat-net-observe/os/arceos/modules/axgpu)
    Checking ax-display v0.7.0 (/home/asta/tgoskits/wt-feat-net-observe/os/arceos/modules/axdisplay)
    Checking ax-api v0.8.6 (/home/asta/tgoskits/wt-feat-net-observe/os/arceos/api/arceos_api)
    Checking starry-signal v0.10.5 (/home/asta/tgoskits/wt-feat-net-observe/os/StarryOS/signal)
    Checking ax-posix-api v0.6.8 (/home/asta/tgoskits/wt-feat-net-observe/os/arceos/api/arceos_posix_api)
    Checking ax-std v0.7.5 (/home/asta/tgoskits/wt-feat-net-observe/os/arceos/ulib/axstd)
    Finished `dev` profile [unoptimized + debuginfo] target(s) in 8.76s
warning: the following packages contain code that will be rejected by a future version of Rust: core v0.0.0 (/opt/rustup/toolchains/nightly-2026-09-04-x86_64-unknown-linux-gnu/lib/rustlib/src/rust/library/core), memchr v2.8.3
note: to see what the problems were, use the option `--future-incompat-report`, or run `cargo report future-incompatibilities --id 1`
[axbuild] accepted known upstream Rust #134375 future-incompatibility for core@0.0.0, memchr@2.8.3
ok: starry-kernel (feature: qperf-metrics, target: aarch64-unknown-none-softfloat)
[22/140] starry-kernel (feature: rdif-pinctrl, target: aarch64-unknown-none-softfloat)
          cd /home/asta/tgoskits/wt-feat-net-observe && CARGO_UNSTABLE_JSON_TARGET_SPEC=true cargo clippy --no-deps -p starry-kernel --no-default-features --features rdif-pinctrl --target scripts/targets/bare/aarch64-unknown-none-softfloat.json -Z json-target-spec -Z build-std=core,alloc -- -Cllvm-args=--max-store-memcpy=16 -D warnings
   Compiling starry-kernel v0.12.1 (/home/asta/tgoskits/wt-feat-net-observe/os/StarryOS/kernel)
    Finished `dev` profile [unoptimized + debuginfo] target(s) in 6.56s
warning: the following packages contain code that will be rejected by a future version of Rust: core v0.0.0 (/opt/rustup/toolchains/nightly-2026-09-04-x86_64-unknown-linux-gnu/lib/rustlib/src/rust/library/core), memchr v2.8.3
note: to see what the problems were, use the option `--future-incompat-report`, or run `cargo report future-incompatibilities --id 1`
[axbuild] accepted known upstream Rust #134375 future-incompatibility for core@0.0.0, memchr@2.8.3
ok: starry-kernel (feature: rdif-pinctrl, target: aarch64-unknown-none-softfloat)
[23/140] starry-kernel (feature: rga, target: aarch64-unknown-none-softfloat)
          cd /home/asta/tgoskits/wt-feat-net-observe && CARGO_UNSTABLE_JSON_TARGET_SPEC=true cargo clippy --no-deps -p starry-kernel --no-default-features --features rga --target scripts/targets/bare/aarch64-unknown-none-softfloat.json -Z json-target-spec -Z build-std=core,alloc -- -Cllvm-args=--max-store-memcpy=16 -D warnings
   Compiling ax-driver v0.18.1 (/home/asta/tgoskits/wt-feat-net-observe/drivers/ax-driver)
    Checking ax-cpu v0.10.3 (/home/asta/tgoskits/wt-feat-net-observe/components/axcpu)
    Checking rockchip-rga v0.3.0 (/home/asta/tgoskits/wt-feat-net-observe/drivers/gpu/rockchip-rga)
   Compiling starry-kernel v0.12.1 (/home/asta/tgoskits/wt-feat-net-observe/os/StarryOS/kernel)
    Checking cpu-local v0.4.3 (/home/asta/tgoskits/wt-feat-net-observe/components/cpu-local)
    Checking someboot v0.7.2 (/home/asta/tgoskits/wt-feat-net-observe/platforms/someboot)
    Checking ax-percpu v0.4.24 (/home/asta/tgoskits/wt-feat-net-observe/components/percpu/percpu)
    Checking ax-plat v0.15.0 (/home/asta/tgoskits/wt-feat-net-observe/platforms/ax-plat)
    Checking scope-local v0.6.5 (/home/asta/tgoskits/wt-feat-net-observe/components/scope-local)
    Checking somehal v0.11.3 (/home/asta/tgoskits/wt-feat-net-observe/platforms/somehal)
    Checking ax-fs-ng v0.11.2 (/home/asta/tgoskits/wt-feat-net-observe/fs/ax-fs-ng)
    Checking ax-alloc v0.9.2 (/home/asta/tgoskits/wt-feat-net-observe/memory/ax-alloc)
    Checking axklib v0.9.1 (/home/asta/tgoskits/wt-feat-net-observe/components/axklib)
    Checking axplat-dyn v0.10.4 (/home/asta/tgoskits/wt-feat-net-observe/platforms/axplat-dyn)
    Checking ax-hal v0.8.4 (/home/asta/tgoskits/wt-feat-net-observe/os/arceos/modules/axhal)
    Checking ax-net v0.13.6 (/home/asta/tgoskits/wt-feat-net-observe/net/ax-net)
    Checking ax-mm v0.8.4 (/home/asta/tgoskits/wt-feat-net-observe/os/arceos/modules/axmm)
    Checking ax-ipi v0.6.5 (/home/asta/tgoskits/wt-feat-net-observe/os/arceos/modules/axipi)
    Checking ax-gpu v0.1.0 (/home/asta/tgoskits/wt-feat-net-observe/os/arceos/modules/axgpu)
    Checking ax-display v0.7.0 (/home/asta/tgoskits/wt-feat-net-observe/os/arceos/modules/axdisplay)
    Checking ax-runtime v0.13.5 (/home/asta/tgoskits/wt-feat-net-observe/os/arceos/modules/axruntime)
    Checking ax-api v0.8.6 (/home/asta/tgoskits/wt-feat-net-observe/os/arceos/api/arceos_api)
    Checking starry-signal v0.10.5 (/home/asta/tgoskits/wt-feat-net-observe/os/StarryOS/signal)
    Checking ax-posix-api v0.6.8 (/home/asta/tgoskits/wt-feat-net-observe/os/arceos/api/arceos_posix_api)
    Checking ax-std v0.7.5 (/home/asta/tgoskits/wt-feat-net-observe/os/arceos/ulib/axstd)
    Finished `dev` profile [unoptimized + debuginfo] target(s) in 8.91s
warning: the following packages contain code that will be rejected by a future version of Rust: core v0.0.0 (/opt/rustup/toolchains/nightly-2026-09-04-x86_64-unknown-linux-gnu/lib/rustlib/src/rust/library/core), memchr v2.8.3
note: to see what the problems were, use the option `--future-incompat-report`, or run `cargo report future-incompatibilities --id 1`
[axbuild] accepted known upstream Rust #134375 future-incompatibility for core@0.0.0, memchr@2.8.3
ok: starry-kernel (feature: rga, target: aarch64-unknown-none-softfloat)
[24/140] starry-kernel (feature: rknpu, target: aarch64-unknown-none-softfloat)
          cd /home/asta/tgoskits/wt-feat-net-observe && CARGO_UNSTABLE_JSON_TARGET_SPEC=true cargo clippy --no-deps -p starry-kernel --no-default-features --features rknpu --target scripts/targets/bare/aarch64-unknown-none-softfloat.json -Z json-target-spec -Z build-std=core,alloc -- -Cllvm-args=--max-store-memcpy=16 -D warnings
   Compiling rockchip-npu v0.7.0 (/home/asta/tgoskits/wt-feat-net-observe/drivers/npu/rockchip-npu)
   Compiling ax-driver v0.18.1 (/home/asta/tgoskits/wt-feat-net-observe/drivers/ax-driver)
   Compiling starry-kernel v0.12.1 (/home/asta/tgoskits/wt-feat-net-observe/os/StarryOS/kernel)
    Checking axplat-dyn v0.10.4 (/home/asta/tgoskits/wt-feat-net-observe/platforms/axplat-dyn)
    Checking ax-hal v0.8.4 (/home/asta/tgoskits/wt-feat-net-observe/os/arceos/modules/axhal)
    Checking ax-ipi v0.6.5 (/home/asta/tgoskits/wt-feat-net-observe/os/arceos/modules/axipi)
    Checking ax-mm v0.8.4 (/home/asta/tgoskits/wt-feat-net-observe/os/arceos/modules/axmm)
    Checking ax-net v0.13.6 (/home/asta/tgoskits/wt-feat-net-observe/net/ax-net)
    Checking ax-gpu v0.1.0 (/home/asta/tgoskits/wt-feat-net-observe/os/arceos/modules/axgpu)
    Checking ax-display v0.7.0 (/home/asta/tgoskits/wt-feat-net-observe/os/arceos/modules/axdisplay)
    Checking ax-runtime v0.13.5 (/home/asta/tgoskits/wt-feat-net-observe/os/arceos/modules/axruntime)
    Checking ax-api v0.8.6 (/home/asta/tgoskits/wt-feat-net-observe/os/arceos/api/arceos_api)
    Checking starry-signal v0.10.5 (/home/asta/tgoskits/wt-feat-net-observe/os/StarryOS/signal)
    Checking ax-posix-api v0.6.8 (/home/asta/tgoskits/wt-feat-net-observe/os/arceos/api/arceos_posix_api)
    Checking ax-std v0.7.5 (/home/asta/tgoskits/wt-feat-net-observe/os/arceos/ulib/axstd)
    Finished `dev` profile [unoptimized + debuginfo] target(s) in 8.88s
warning: the following packages contain code that will be rejected by a future version of Rust: core v0.0.0 (/opt/rustup/toolchains/nightly-2026-09-04-x86_64-unknown-linux-gnu/lib/rustlib/src/rust/library/core), memchr v2.8.3
note: to see what the problems were, use the option `--future-incompat-report`, or run `cargo report future-incompatibilities --id 1`
[axbuild] accepted known upstream Rust #134375 future-incompatibility for core@0.0.0, memchr@2.8.3
ok: starry-kernel (feature: rknpu, target: aarch64-unknown-none-softfloat)
[25/140] starry-kernel (feature: sg2002, target: aarch64-unknown-none-softfloat)
          cd /home/asta/tgoskits/wt-feat-net-observe && CARGO_UNSTABLE_JSON_TARGET_SPEC=true cargo clippy --no-deps -p starry-kernel --no-default-features --features sg2002 --target scripts/targets/bare/aarch64-unknown-none-softfloat.json -Z json-target-spec -Z build-std=core,alloc -- -Cllvm-args=--max-store-memcpy=16 -D warnings
   Compiling starry-kernel v0.12.1 (/home/asta/tgoskits/wt-feat-net-observe/os/StarryOS/kernel)
    Checking ax-driver v0.18.1 (/home/asta/tgoskits/wt-feat-net-observe/drivers/ax-driver)
    Checking sg2002-tpu v0.4.1 (/home/asta/tgoskits/wt-feat-net-observe/drivers/tpu/sg2002-tpu)
    Checking axplat-dyn v0.10.4 (/home/asta/tgoskits/wt-feat-net-observe/platforms/axplat-dyn)
    Checking ax-hal v0.8.4 (/home/asta/tgoskits/wt-feat-net-observe/os/arceos/modules/axhal)
    Checking ax-ipi v0.6.5 (/home/asta/tgoskits/wt-feat-net-observe/os/arceos/modules/axipi)
    Checking ax-mm v0.8.4 (/home/asta/tgoskits/wt-feat-net-observe/os/arceos/modules/axmm)
    Checking ax-net v0.13.6 (/home/asta/tgoskits/wt-feat-net-observe/net/ax-net)
    Checking ax-gpu v0.1.0 (/home/asta/tgoskits/wt-feat-net-observe/os/arceos/modules/axgpu)
    Checking ax-display v0.7.0 (/home/asta/tgoskits/wt-feat-net-observe/os/arceos/modules/axdisplay)
    Checking ax-runtime v0.13.5 (/home/asta/tgoskits/wt-feat-net-observe/os/arceos/modules/axruntime)
    Checking ax-api v0.8.6 (/home/asta/tgoskits/wt-feat-net-observe/os/arceos/api/arceos_api)
    Checking starry-signal v0.10.5 (/home/asta/tgoskits/wt-feat-net-observe/os/StarryOS/signal)
    Checking ax-posix-api v0.6.8 (/home/asta/tgoskits/wt-feat-net-observe/os/arceos/api/arceos_posix_api)
    Checking ax-std v0.7.5 (/home/asta/tgoskits/wt-feat-net-observe/os/arceos/ulib/axstd)
warning: unused dependency `sg200x-bsp`
   --> os/StarryOS/kernel/Cargo.toml:166:1
    |
166 | sg200x-bsp = { workspace = true, optional = true, features = ["c906", "cv182x-host"] }
    | ^^^^^^^^^^^^^^^^^^^^^^^^^^^^^^^^^^^^^^^^^^^^^^^^^^^^^^^^^^^^^^^^^^^^^^^^^^^^^^^^^^^^^^
    |
    = note: `cargo::unused_dependencies` is set to `warn` by default
help: consider removing the dependency on `sg200x-bsp`
warning: `starry-kernel` (manifest) generated 1 warning
    Finished `dev` profile [unoptimized + debuginfo] target(s) in 8.61s
warning: the following packages contain code that will be rejected by a future version of Rust: core v0.0.0 (/opt/rustup/toolchains/nightly-2026-09-04-x86_64-unknown-linux-gnu/lib/rustlib/src/rust/library/core), memchr v2.8.3
note: to see what the problems were, use the option `--future-incompat-report`, or run `cargo report future-incompatibilities --id 1`
[axbuild] accepted known upstream Rust #134375 future-incompatibility for core@0.0.0, memchr@2.8.3
ok: starry-kernel (feature: sg2002, target: aarch64-unknown-none-softfloat)
[26/140] starry-kernel (feature: sg2002-cvi-usb-camera, target: aarch64-unknown-none-softfloat)
          cd /home/asta/tgoskits/wt-feat-net-observe && CARGO_UNSTABLE_JSON_TARGET_SPEC=true cargo clippy --no-deps -p starry-kernel --no-default-features --features sg2002-cvi-usb-camera --target scripts/targets/bare/aarch64-unknown-none-softfloat.json -Z json-target-spec -Z build-std=core,alloc -- -Cllvm-args=--max-store-memcpy=16 -D warnings
   Compiling starry-kernel v0.12.1 (/home/asta/tgoskits/wt-feat-net-observe/os/StarryOS/kernel)
    Checking sg200x-jpu v0.1.6 (/home/asta/tgoskits/wt-feat-net-observe/drivers/vpu/sg200x-jpu)
    Finished `dev` profile [unoptimized + debuginfo] target(s) in 6.58s
warning: the following packages contain code that will be rejected by a future version of Rust: core v0.0.0 (/opt/rustup/toolchains/nightly-2026-09-04-x86_64-unknown-linux-gnu/lib/rustlib/src/rust/library/core), memchr v2.8.3
note: to see what the problems were, use the option `--future-incompat-report`, or run `cargo report future-incompatibilities --id 1`
[axbuild] accepted known upstream Rust #134375 future-incompatibility for core@0.0.0, memchr@2.8.3
ok: starry-kernel (feature: sg2002-cvi-usb-camera, target: aarch64-unknown-none-softfloat)
[27/140] starry-kernel (feature: stack-guard-page, target: aarch64-unknown-none-softfloat)
          cd /home/asta/tgoskits/wt-feat-net-observe && CARGO_UNSTABLE_JSON_TARGET_SPEC=true cargo clippy --no-deps -p starry-kernel --no-default-features --features stack-guard-page --target scripts/targets/bare/aarch64-unknown-none-softfloat.json -Z json-target-spec -Z build-std=core,alloc -- -Cllvm-args=--max-store-memcpy=16 -D warnings
   Compiling ax-runtime v0.13.5 (/home/asta/tgoskits/wt-feat-net-observe/os/arceos/modules/axruntime)
   Compiling starry-kernel v0.12.1 (/home/asta/tgoskits/wt-feat-net-observe/os/StarryOS/kernel)
    Checking ax-api v0.8.6 (/home/asta/tgoskits/wt-feat-net-observe/os/arceos/api/arceos_api)
    Checking starry-signal v0.10.5 (/home/asta/tgoskits/wt-feat-net-observe/os/StarryOS/signal)
    Checking ax-posix-api v0.6.8 (/home/asta/tgoskits/wt-feat-net-observe/os/arceos/api/arceos_posix_api)
    Checking ax-std v0.7.5 (/home/asta/tgoskits/wt-feat-net-observe/os/arceos/ulib/axstd)
    Finished `dev` profile [unoptimized + debuginfo] target(s) in 7.36s
warning: the following packages contain code that will be rejected by a future version of Rust: core v0.0.0 (/opt/rustup/toolchains/nightly-2026-09-04-x86_64-unknown-linux-gnu/lib/rustlib/src/rust/library/core), memchr v2.8.3
note: to see what the problems were, use the option `--future-incompat-report`, or run `cargo report future-incompatibilities --id 1`
[axbuild] accepted known upstream Rust #134375 future-incompatibility for core@0.0.0, memchr@2.8.3
ok: starry-kernel (feature: stack-guard-page, target: aarch64-unknown-none-softfloat)
[28/140] starry-kernel (feature: stack-protector, target: aarch64-unknown-none-softfloat)
          cd /home/asta/tgoskits/wt-feat-net-observe && CARGO_UNSTABLE_JSON_TARGET_SPEC=true cargo clippy --no-deps -p starry-kernel --no-default-features --features stack-protector --target scripts/targets/bare/aarch64-unknown-none-softfloat.json -Z json-target-spec -Z build-std=core,alloc -- -Cllvm-args=--max-store-memcpy=16 -D warnings
   Compiling ax-runtime v0.13.5 (/home/asta/tgoskits/wt-feat-net-observe/os/arceos/modules/axruntime)
   Compiling starry-kernel v0.12.1 (/home/asta/tgoskits/wt-feat-net-observe/os/StarryOS/kernel)
    Checking ax-api v0.8.6 (/home/asta/tgoskits/wt-feat-net-observe/os/arceos/api/arceos_api)
    Checking starry-signal v0.10.5 (/home/asta/tgoskits/wt-feat-net-observe/os/StarryOS/signal)
    Checking ax-posix-api v0.6.8 (/home/asta/tgoskits/wt-feat-net-observe/os/arceos/api/arceos_posix_api)
    Checking ax-std v0.7.5 (/home/asta/tgoskits/wt-feat-net-observe/os/arceos/ulib/axstd)
    Finished `dev` profile [unoptimized + debuginfo] target(s) in 6.88s
warning: the following packages contain code that will be rejected by a future version of Rust: core v0.0.0 (/opt/rustup/toolchains/nightly-2026-09-04-x86_64-unknown-linux-gnu/lib/rustlib/src/rust/library/core), memchr v2.8.3
note: to see what the problems were, use the option `--future-incompat-report`, or run `cargo report future-incompatibilities --id 1`
[axbuild] accepted known upstream Rust #134375 future-incompatibility for core@0.0.0, memchr@2.8.3
ok: starry-kernel (feature: stack-protector, target: aarch64-unknown-none-softfloat)
[29/140] starry-kernel (feature: uaccess-lock-regression, target: aarch64-unknown-none-softfloat)
          cd /home/asta/tgoskits/wt-feat-net-observe && CARGO_UNSTABLE_JSON_TARGET_SPEC=true cargo clippy --no-deps -p starry-kernel --no-default-features --features uaccess-lock-regression --target scripts/targets/bare/aarch64-unknown-none-softfloat.json -Z json-target-spec -Z build-std=core,alloc -- -Cllvm-args=--max-store-memcpy=16 -D warnings
   Compiling starry-kernel v0.12.1 (/home/asta/tgoskits/wt-feat-net-observe/os/StarryOS/kernel)
    Finished `dev` profile [unoptimized + debuginfo] target(s) in 5.83s
warning: the following packages contain code that will be rejected by a future version of Rust: core v0.0.0 (/opt/rustup/toolchains/nightly-2026-09-04-x86_64-unknown-linux-gnu/lib/rustlib/src/rust/library/core), memchr v2.8.3
note: to see what the problems were, use the option `--future-incompat-report`, or run `cargo report future-incompatibilities --id 1`
[axbuild] accepted known upstream Rust #134375 future-incompatibility for core@0.0.0, memchr@2.8.3
ok: starry-kernel (feature: uaccess-lock-regression, target: aarch64-unknown-none-softfloat)
[30/140] starry-kernel (feature: uvc, target: aarch64-unknown-none-softfloat)
          cd /home/asta/tgoskits/wt-feat-net-observe && CARGO_UNSTABLE_JSON_TARGET_SPEC=true cargo clippy --no-deps -p starry-kernel --no-default-features --features uvc --target scripts/targets/bare/aarch64-unknown-none-softfloat.json -Z json-target-spec -Z build-std=core,alloc -- -Cllvm-args=--max-store-memcpy=16 -D warnings
    Checking ax-media v0.1.0 (/home/asta/tgoskits/wt-feat-net-observe/drivers/media/ax-media)
   Compiling starry-kernel v0.12.1 (/home/asta/tgoskits/wt-feat-net-observe/os/StarryOS/kernel)
    Checking media-uvc v0.1.0 (/home/asta/tgoskits/wt-feat-net-observe/drivers/media/uvc)
    Finished `dev` profile [unoptimized + debuginfo] target(s) in 7.08s
warning: the following packages contain code that will be rejected by a future version of Rust: core v0.0.0 (/opt/rustup/toolchains/nightly-2026-09-04-x86_64-unknown-linux-gnu/lib/rustlib/src/rust/library/core), memchr v2.8.3
note: to see what the problems were, use the option `--future-incompat-report`, or run `cargo report future-incompatibilities --id 1`
[axbuild] accepted known upstream Rust #134375 future-incompatibility for core@0.0.0, memchr@2.8.3
ok: starry-kernel (feature: uvc, target: aarch64-unknown-none-softfloat)
[31/140] starry-kernel (base, target: loongarch64-unknown-none-softfloat)
          cd /home/asta/tgoskits/wt-feat-net-observe && CARGO_UNSTABLE_JSON_TARGET_SPEC=true cargo clippy --no-deps -p starry-kernel --target scripts/targets/bare/loongarch64-unknown-none-softfloat.json -Z json-target-spec -Z build-std=core,alloc -- -D warnings
   Compiling cpu-local v0.4.3 (/home/asta/tgoskits/wt-feat-net-observe/components/cpu-local)
   Compiling ax-percpu v0.4.24 (/home/asta/tgoskits/wt-feat-net-observe/components/percpu/percpu)
   Compiling ax-alloc v0.9.2 (/home/asta/tgoskits/wt-feat-net-observe/memory/ax-alloc)
   Compiling rockchip-soc v0.4.8 (/home/asta/tgoskits/wt-feat-net-observe/drivers/soc/rockchip/rockchip-soc)
   Compiling crab-usb v0.12.1 (/home/asta/tgoskits/wt-feat-net-observe/drivers/usb/usb-host)
   Compiling ax-driver v0.18.1 (/home/asta/tgoskits/wt-feat-net-observe/drivers/ax-driver)
   Compiling somehal v0.11.3 (/home/asta/tgoskits/wt-feat-net-observe/platforms/somehal)
   Compiling axplat-dyn v0.10.4 (/home/asta/tgoskits/wt-feat-net-observe/platforms/axplat-dyn)
   Compiling ax-crate-interface v0.5.8 (/home/asta/tgoskits/wt-feat-net-observe/components/crate_interface)
   Compiling trait-ffi-macros v0.4.0 (/home/asta/tgoskits/wt-feat-net-observe/components/trait-ffi/trait-ffi-macros)
   Compiling ax-percpu-macros v0.4.12 (/home/asta/tgoskits/wt-feat-net-observe/components/percpu/percpu_macros)
   Compiling rdrive-macros v0.4.3 (/home/asta/tgoskits/wt-feat-net-observe/drivers/rdrive-macros)
   Compiling ax-plat-macros v0.3.10 (/home/asta/tgoskits/wt-feat-net-observe/platforms/ax-plat-macros)
   Compiling someboot v0.7.2 (/home/asta/tgoskits/wt-feat-net-observe/platforms/someboot)
   Compiling somehal-macros v0.1.7 (/home/asta/tgoskits/wt-feat-net-observe/platforms/somehal-macros)
   Compiling scope-local v0.6.5 (/home/asta/tgoskits/wt-feat-net-observe/components/scope-local)
   Compiling ax-ctor-bare-macros v0.4.10 (/home/asta/tgoskits/wt-feat-net-observe/components/ctor_bare/ctor_bare_macros)
   Compiling ax-runtime v0.13.5 (/home/asta/tgoskits/wt-feat-net-observe/os/arceos/modules/axruntime)
   Compiling ax-posix-api v0.6.8 (/home/asta/tgoskits/wt-feat-net-observe/os/arceos/api/arceos_posix_api)
   Compiling ax-tracepoint v0.6.1 (/home/asta/tgoskits/wt-feat-net-observe/components/ax-tracepoint)
   Compiling starry-signal v0.10.5 (/home/asta/tgoskits/wt-feat-net-observe/os/StarryOS/signal)
   Compiling starry-kernel v0.12.1 (/home/asta/tgoskits/wt-feat-net-observe/os/StarryOS/kernel)
    Checking ax-sync v0.6.0 (/home/asta/tgoskits/wt-feat-net-observe/os/arceos/modules/axsync)
    Checking ax-log v0.6.1 (/home/asta/tgoskits/wt-feat-net-observe/os/arceos/modules/axlog)
    Checking ax-ctor-bare v0.4.10 (/home/asta/tgoskits/wt-feat-net-observe/components/ctor_bare/ctor_bare)
    Checking dma-api v0.10.2 (/home/asta/tgoskits/wt-feat-net-observe/memory/dma-api)
    Checking rdrive v0.25.0 (/home/asta/tgoskits/wt-feat-net-observe/drivers/rdrive)
    Checking buddy-slab-allocator v0.6.1 (/home/asta/tgoskits/wt-feat-net-observe/memory/buddy-slab-allocator)
    Checking axpoll-set v0.1.1 (/home/asta/tgoskits/wt-feat-net-observe/components/axpoll-set)
    Checking axfs-ng-vfs v0.8.1 (/home/asta/tgoskits/wt-feat-net-observe/fs/axfs-ng-vfs)
    Checking ax-cgroup v0.3.0 (/home/asta/tgoskits/wt-feat-net-observe/components/ax-cgroup)
    Checking trait-ffi v0.3.1 (/home/asta/tgoskits/wt-feat-net-observe/components/trait-ffi/trait-ffi)
    Checking rdif-eth v0.6.0 (/home/asta/tgoskits/wt-feat-net-observe/drivers/interface/rdif-eth)
    Checking rdif-block v0.13.2 (/home/asta/tgoskits/wt-feat-net-observe/drivers/interface/rdif-block)
    Checking rdif-gpu v0.1.0 (/home/asta/tgoskits/wt-feat-net-observe/drivers/interface/rdif-gpu)
    Checking ax-cpu v0.10.3 (/home/asta/tgoskits/wt-feat-net-observe/components/axcpu)
    Checking ax-task v0.8.4 (/home/asta/tgoskits/wt-feat-net-observe/components/ax-task)
    Checking rdif-display v0.5.0 (/home/asta/tgoskits/wt-feat-net-observe/drivers/interface/rdif-display)
    Checking rd-net v0.3.3 (/home/asta/tgoskits/wt-feat-net-observe/drivers/net/rd-net)
    Checking ax-plat v0.15.0 (/home/asta/tgoskits/wt-feat-net-observe/platforms/ax-plat)
    Checking ax-fs-ng v0.11.2 (/home/asta/tgoskits/wt-feat-net-observe/fs/ax-fs-ng)
    Checking axklib v0.9.1 (/home/asta/tgoskits/wt-feat-net-observe/components/axklib)
    Checking ax-input v0.7.0 (/home/asta/tgoskits/wt-feat-net-observe/os/arceos/modules/axinput)
    Checking ax-hal v0.8.4 (/home/asta/tgoskits/wt-feat-net-observe/os/arceos/modules/axhal)
    Checking ax-mm v0.8.4 (/home/asta/tgoskits/wt-feat-net-observe/os/arceos/modules/axmm)
    Checking ax-ipi v0.6.5 (/home/asta/tgoskits/wt-feat-net-observe/os/arceos/modules/axipi)
    Checking ax-net v0.13.6 (/home/asta/tgoskits/wt-feat-net-observe/net/ax-net)
    Checking ax-gpu v0.1.0 (/home/asta/tgoskits/wt-feat-net-observe/os/arceos/modules/axgpu)
    Checking ax-display v0.7.0 (/home/asta/tgoskits/wt-feat-net-observe/os/arceos/modules/axdisplay)
    Checking ax-api v0.8.6 (/home/asta/tgoskits/wt-feat-net-observe/os/arceos/api/arceos_api)
    Checking ax-std v0.7.5 (/home/asta/tgoskits/wt-feat-net-observe/os/arceos/ulib/axstd)
    Finished `dev` profile [unoptimized + debuginfo] target(s) in 9.86s
ok: starry-kernel (base, target: loongarch64-unknown-none-softfloat)
[32/140] starry-kernel (feature: axtest, target: loongarch64-unknown-none-softfloat)
          cd /home/asta/tgoskits/wt-feat-net-observe && CARGO_UNSTABLE_JSON_TARGET_SPEC=true cargo clippy --no-deps -p starry-kernel --no-default-features --features axtest --target scripts/targets/bare/loongarch64-unknown-none-softfloat.json -Z json-target-spec -Z build-std=core,alloc -- -D warnings
   Compiling ax-runtime v0.13.5 (/home/asta/tgoskits/wt-feat-net-observe/os/arceos/modules/axruntime)
    Checking ax-task v0.8.4 (/home/asta/tgoskits/wt-feat-net-observe/components/ax-task)
   Compiling axtest-macros v0.5.16 (/home/asta/tgoskits/wt-feat-net-observe/components/axtest/axtest_macros)
   Compiling starry-kernel v0.12.1 (/home/asta/tgoskits/wt-feat-net-observe/os/StarryOS/kernel)
    Checking axtest v0.5.16 (/home/asta/tgoskits/wt-feat-net-observe/components/axtest/axtest)
    Checking ax-net v0.13.6 (/home/asta/tgoskits/wt-feat-net-observe/net/ax-net)
    Checking ax-input v0.7.0 (/home/asta/tgoskits/wt-feat-net-observe/os/arceos/modules/axinput)
    Checking ax-gpu v0.1.0 (/home/asta/tgoskits/wt-feat-net-observe/os/arceos/modules/axgpu)
    Checking ax-display v0.7.0 (/home/asta/tgoskits/wt-feat-net-observe/os/arceos/modules/axdisplay)
    Checking ax-api v0.8.6 (/home/asta/tgoskits/wt-feat-net-observe/os/arceos/api/arceos_api)
    Checking starry-signal v0.10.5 (/home/asta/tgoskits/wt-feat-net-observe/os/StarryOS/signal)
    Checking ax-posix-api v0.6.8 (/home/asta/tgoskits/wt-feat-net-observe/os/arceos/api/arceos_posix_api)
    Checking ax-std v0.7.5 (/home/asta/tgoskits/wt-feat-net-observe/os/arceos/ulib/axstd)
warning: unused dependency `axtest`
  --> os/StarryOS/kernel/Cargo.toml:61:1
   |
61 | axtest = { workspace = true, optional = true }
   | ^^^^^^^^^^^^^^^^^^^^^^^^^^^^^^^^^^^^^^^^^^^^^^
   |
   = note: `cargo::unused_dependencies` is set to `warn` by default
help: consider removing the dependency on `axtest`
warning: `starry-kernel` (manifest) generated 1 warning
    Finished `dev` profile [unoptimized + debuginfo] target(s) in 8.50s
ok: starry-kernel (feature: axtest, target: loongarch64-unknown-none-softfloat)
[33/140] starry-kernel (feature: axtest-coverage, target: loongarch64-unknown-none-softfloat)
          cd /home/asta/tgoskits/wt-feat-net-observe && CARGO_UNSTABLE_JSON_TARGET_SPEC=true cargo clippy --no-deps -p starry-kernel --no-default-features --features axtest-coverage --target scripts/targets/bare/loongarch64-unknown-none-softfloat.json -Z json-target-spec -Z build-std=core,alloc -- -D warnings
   Compiling starry-kernel v0.12.1 (/home/asta/tgoskits/wt-feat-net-observe/os/StarryOS/kernel)
    Checking axtest v0.5.16 (/home/asta/tgoskits/wt-feat-net-observe/components/axtest/axtest)
    Checking ax-api v0.8.6 (/home/asta/tgoskits/wt-feat-net-observe/os/arceos/api/arceos_api)
    Checking starry-signal v0.10.5 (/home/asta/tgoskits/wt-feat-net-observe/os/StarryOS/signal)
    Checking ax-posix-api v0.6.8 (/home/asta/tgoskits/wt-feat-net-observe/os/arceos/api/arceos_posix_api)
    Checking ax-std v0.7.5 (/home/asta/tgoskits/wt-feat-net-observe/os/arceos/ulib/axstd)
warning: unused dependency `axtest`
  --> os/StarryOS/kernel/Cargo.toml:61:1
   |
61 | axtest = { workspace = true, optional = true }
   | ^^^^^^^^^^^^^^^^^^^^^^^^^^^^^^^^^^^^^^^^^^^^^^
   |
   = note: `cargo::unused_dependencies` is set to `warn` by default
help: consider removing the dependency on `axtest`
warning: `starry-kernel` (manifest) generated 1 warning
    Finished `dev` profile [unoptimized + debuginfo] target(s) in 6.24s
ok: starry-kernel (feature: axtest-coverage, target: loongarch64-unknown-none-softfloat)
[34/140] starry-kernel (feature: dev-log, target: loongarch64-unknown-none-softfloat)
          cd /home/asta/tgoskits/wt-feat-net-observe && CARGO_UNSTABLE_JSON_TARGET_SPEC=true cargo clippy --no-deps -p starry-kernel --no-default-features --features dev-log --target scripts/targets/bare/loongarch64-unknown-none-softfloat.json -Z json-target-spec -Z build-std=core,alloc -- -D warnings
   Compiling starry-kernel v0.12.1 (/home/asta/tgoskits/wt-feat-net-observe/os/StarryOS/kernel)
    Finished `dev` profile [unoptimized + debuginfo] target(s) in 6.17s
ok: starry-kernel (feature: dev-log, target: loongarch64-unknown-none-softfloat)
[35/140] starry-kernel (feature: dynamic_debug, target: loongarch64-unknown-none-softfloat)
          cd /home/asta/tgoskits/wt-feat-net-observe && CARGO_UNSTABLE_JSON_TARGET_SPEC=true cargo clippy --no-deps -p starry-kernel --no-default-features --features dynamic_debug --target scripts/targets/bare/loongarch64-unknown-none-softfloat.json -Z json-target-spec -Z build-std=core,alloc -- -D warnings
   Compiling starry-kernel v0.12.1 (/home/asta/tgoskits/wt-feat-net-observe/os/StarryOS/kernel)
    Finished `dev` profile [unoptimized + debuginfo] target(s) in 5.73s
ok: starry-kernel (feature: dynamic_debug, target: loongarch64-unknown-none-softfloat)
[36/140] starry-kernel (feature: ext4, target: loongarch64-unknown-none-softfloat)
          cd /home/asta/tgoskits/wt-feat-net-observe && CARGO_UNSTABLE_JSON_TARGET_SPEC=true cargo clippy --no-deps -p starry-kernel --no-default-features --features ext4 --target scripts/targets/bare/loongarch64-unknown-none-softfloat.json -Z json-target-spec -Z build-std=core,alloc -- -D warnings
   Compiling starry-kernel v0.12.1 (/home/asta/tgoskits/wt-feat-net-observe/os/StarryOS/kernel)
    Finished `dev` profile [unoptimized + debuginfo] target(s) in 5.79s
ok: starry-kernel (feature: ext4, target: loongarch64-unknown-none-softfloat)
[37/140] starry-kernel (feature: fat, target: loongarch64-unknown-none-softfloat)
          cd /home/asta/tgoskits/wt-feat-net-observe && CARGO_UNSTABLE_JSON_TARGET_SPEC=true cargo clippy --no-deps -p starry-kernel --no-default-features --features fat --target scripts/targets/bare/loongarch64-unknown-none-softfloat.json -Z json-target-spec -Z build-std=core,alloc -- -D warnings
   Compiling starry-kernel v0.12.1 (/home/asta/tgoskits/wt-feat-net-observe/os/StarryOS/kernel)
    Checking ax-fs-ng v0.11.2 (/home/asta/tgoskits/wt-feat-net-observe/fs/ax-fs-ng)
    Checking ax-runtime v0.13.5 (/home/asta/tgoskits/wt-feat-net-observe/os/arceos/modules/axruntime)
    Checking ax-api v0.8.6 (/home/asta/tgoskits/wt-feat-net-observe/os/arceos/api/arceos_api)
    Checking starry-signal v0.10.5 (/home/asta/tgoskits/wt-feat-net-observe/os/StarryOS/signal)
    Checking ax-posix-api v0.6.8 (/home/asta/tgoskits/wt-feat-net-observe/os/arceos/api/arceos_posix_api)
    Checking ax-std v0.7.5 (/home/asta/tgoskits/wt-feat-net-observe/os/arceos/ulib/axstd)
    Finished `dev` profile [unoptimized + debuginfo] target(s) in 18.47s
ok: starry-kernel (feature: fat, target: loongarch64-unknown-none-softfloat)
[38/140] starry-kernel (feature: jpeg, target: loongarch64-unknown-none-softfloat)
          cd /home/asta/tgoskits/wt-feat-net-observe && CARGO_UNSTABLE_JSON_TARGET_SPEC=true cargo clippy --no-deps -p starry-kernel --no-default-features --features jpeg --target scripts/targets/bare/loongarch64-unknown-none-softfloat.json -Z json-target-spec -Z build-std=core,alloc -- -D warnings
   Compiling rockchip-pm v0.4.10 (/home/asta/tgoskits/wt-feat-net-observe/drivers/soc/rockchip/rockchip-pm)
   Compiling ax-driver v0.18.1 (/home/asta/tgoskits/wt-feat-net-observe/drivers/ax-driver)
    Checking rockchip-jpeg v0.2.0 (/home/asta/tgoskits/wt-feat-net-observe/drivers/vpu/rockchip-jpeg)
   Compiling starry-kernel v0.12.1 (/home/asta/tgoskits/wt-feat-net-observe/os/StarryOS/kernel)
    Checking axplat-dyn v0.10.4 (/home/asta/tgoskits/wt-feat-net-observe/platforms/axplat-dyn)
    Checking ax-hal v0.8.4 (/home/asta/tgoskits/wt-feat-net-observe/os/arceos/modules/axhal)
    Checking ax-ipi v0.6.5 (/home/asta/tgoskits/wt-feat-net-observe/os/arceos/modules/axipi)
    Checking ax-net v0.13.6 (/home/asta/tgoskits/wt-feat-net-observe/net/ax-net)
    Checking ax-mm v0.8.4 (/home/asta/tgoskits/wt-feat-net-observe/os/arceos/modules/axmm)
    Checking ax-gpu v0.1.0 (/home/asta/tgoskits/wt-feat-net-observe/os/arceos/modules/axgpu)
    Checking ax-display v0.7.0 (/home/asta/tgoskits/wt-feat-net-observe/os/arceos/modules/axdisplay)
    Checking ax-runtime v0.13.5 (/home/asta/tgoskits/wt-feat-net-observe/os/arceos/modules/axruntime)
    Checking ax-api v0.8.6 (/home/asta/tgoskits/wt-feat-net-observe/os/arceos/api/arceos_api)
    Checking starry-signal v0.10.5 (/home/asta/tgoskits/wt-feat-net-observe/os/StarryOS/signal)
    Checking ax-posix-api v0.6.8 (/home/asta/tgoskits/wt-feat-net-observe/os/arceos/api/arceos_posix_api)
    Checking ax-std v0.7.5 (/home/asta/tgoskits/wt-feat-net-observe/os/arceos/ulib/axstd)
    Finished `dev` profile [unoptimized + debuginfo] target(s) in 8.01s
ok: starry-kernel (feature: jpeg, target: loongarch64-unknown-none-softfloat)
[39/140] starry-kernel (feature: k230-kpu, target: loongarch64-unknown-none-softfloat)
          cd /home/asta/tgoskits/wt-feat-net-observe && CARGO_UNSTABLE_JSON_TARGET_SPEC=true cargo clippy --no-deps -p starry-kernel --no-default-features --features k230-kpu --target scripts/targets/bare/loongarch64-unknown-none-softfloat.json -Z json-target-spec -Z build-std=core,alloc -- -D warnings
    Checking ax-cpu v0.10.3 (/home/asta/tgoskits/wt-feat-net-observe/components/axcpu)
   Compiling starry-kernel v0.12.1 (/home/asta/tgoskits/wt-feat-net-observe/os/StarryOS/kernel)
    Checking cpu-local v0.4.3 (/home/asta/tgoskits/wt-feat-net-observe/components/cpu-local)
    Checking someboot v0.7.2 (/home/asta/tgoskits/wt-feat-net-observe/platforms/someboot)
    Checking ax-percpu v0.4.24 (/home/asta/tgoskits/wt-feat-net-observe/components/percpu/percpu)
    Checking ax-plat v0.15.0 (/home/asta/tgoskits/wt-feat-net-observe/platforms/ax-plat)
    Checking scope-local v0.6.5 (/home/asta/tgoskits/wt-feat-net-observe/components/scope-local)
    Checking somehal v0.11.3 (/home/asta/tgoskits/wt-feat-net-observe/platforms/somehal)
    Checking ax-fs-ng v0.11.2 (/home/asta/tgoskits/wt-feat-net-observe/fs/ax-fs-ng)
    Checking ax-alloc v0.9.2 (/home/asta/tgoskits/wt-feat-net-observe/memory/ax-alloc)
    Checking axklib v0.9.1 (/home/asta/tgoskits/wt-feat-net-observe/components/axklib)
    Checking ax-driver v0.18.1 (/home/asta/tgoskits/wt-feat-net-observe/drivers/ax-driver)
    Checking axplat-dyn v0.10.4 (/home/asta/tgoskits/wt-feat-net-observe/platforms/axplat-dyn)
    Checking ax-hal v0.8.4 (/home/asta/tgoskits/wt-feat-net-observe/os/arceos/modules/axhal)
    Checking ax-ipi v0.6.5 (/home/asta/tgoskits/wt-feat-net-observe/os/arceos/modules/axipi)
    Checking ax-mm v0.8.4 (/home/asta/tgoskits/wt-feat-net-observe/os/arceos/modules/axmm)
    Checking ax-net v0.13.6 (/home/asta/tgoskits/wt-feat-net-observe/net/ax-net)
    Checking ax-gpu v0.1.0 (/home/asta/tgoskits/wt-feat-net-observe/os/arceos/modules/axgpu)
    Checking ax-display v0.7.0 (/home/asta/tgoskits/wt-feat-net-observe/os/arceos/modules/axdisplay)
    Checking ax-runtime v0.13.5 (/home/asta/tgoskits/wt-feat-net-observe/os/arceos/modules/axruntime)
    Checking ax-api v0.8.6 (/home/asta/tgoskits/wt-feat-net-observe/os/arceos/api/arceos_api)
    Checking starry-signal v0.10.5 (/home/asta/tgoskits/wt-feat-net-observe/os/StarryOS/signal)
    Checking ax-posix-api v0.6.8 (/home/asta/tgoskits/wt-feat-net-observe/os/arceos/api/arceos_posix_api)
    Checking ax-std v0.7.5 (/home/asta/tgoskits/wt-feat-net-observe/os/arceos/ulib/axstd)
    Finished `dev` profile [unoptimized + debuginfo] target(s) in 8.35s
ok: starry-kernel (feature: k230-kpu, target: loongarch64-unknown-none-softfloat)
[40/140] starry-kernel (feature: memtrack, target: loongarch64-unknown-none-softfloat)
          cd /home/asta/tgoskits/wt-feat-net-observe && CARGO_UNSTABLE_JSON_TARGET_SPEC=true cargo clippy --no-deps -p starry-kernel --no-default-features --features memtrack --target scripts/targets/bare/loongarch64-unknown-none-softfloat.json -Z json-target-spec -Z build-std=core,alloc -- -D warnings
   Compiling ax-alloc v0.9.2 (/home/asta/tgoskits/wt-feat-net-observe/memory/ax-alloc)
   Compiling starry-kernel v0.12.1 (/home/asta/tgoskits/wt-feat-net-observe/os/StarryOS/kernel)
    Checking axklib v0.9.1 (/home/asta/tgoskits/wt-feat-net-observe/components/axklib)
    Checking ax-driver v0.18.1 (/home/asta/tgoskits/wt-feat-net-observe/drivers/ax-driver)
    Checking axplat-dyn v0.10.4 (/home/asta/tgoskits/wt-feat-net-observe/platforms/axplat-dyn)
    Checking ax-hal v0.8.4 (/home/asta/tgoskits/wt-feat-net-observe/os/arceos/modules/axhal)
    Checking ax-mm v0.8.4 (/home/asta/tgoskits/wt-feat-net-observe/os/arceos/modules/axmm)
    Checking ax-ipi v0.6.5 (/home/asta/tgoskits/wt-feat-net-observe/os/arceos/modules/axipi)
    Checking ax-net v0.13.6 (/home/asta/tgoskits/wt-feat-net-observe/net/ax-net)
    Checking ax-gpu v0.1.0 (/home/asta/tgoskits/wt-feat-net-observe/os/arceos/modules/axgpu)
    Checking ax-display v0.7.0 (/home/asta/tgoskits/wt-feat-net-observe/os/arceos/modules/axdisplay)
    Checking ax-runtime v0.13.5 (/home/asta/tgoskits/wt-feat-net-observe/os/arceos/modules/axruntime)
    Checking ax-api v0.8.6 (/home/asta/tgoskits/wt-feat-net-observe/os/arceos/api/arceos_api)
    Checking starry-signal v0.10.5 (/home/asta/tgoskits/wt-feat-net-observe/os/StarryOS/signal)
    Checking ax-posix-api v0.6.8 (/home/asta/tgoskits/wt-feat-net-observe/os/arceos/api/arceos_posix_api)
    Checking ax-std v0.7.5 (/home/asta/tgoskits/wt-feat-net-observe/os/arceos/ulib/axstd)
    Finished `dev` profile [unoptimized + debuginfo] target(s) in 7.93s
ok: starry-kernel (feature: memtrack, target: loongarch64-unknown-none-softfloat)
[41/140] starry-kernel (feature: qperf-metrics, target: loongarch64-unknown-none-softfloat)
          cd /home/asta/tgoskits/wt-feat-net-observe && CARGO_UNSTABLE_JSON_TARGET_SPEC=true cargo clippy --no-deps -p starry-kernel --no-default-features --features qperf-metrics --target scripts/targets/bare/loongarch64-unknown-none-softfloat.json -Z json-target-spec -Z build-std=core,alloc -- -D warnings
   Compiling ax-runtime v0.13.5 (/home/asta/tgoskits/wt-feat-net-observe/os/arceos/modules/axruntime)
    Checking ax-task v0.8.4 (/home/asta/tgoskits/wt-feat-net-observe/components/ax-task)
   Compiling starry-kernel v0.12.1 (/home/asta/tgoskits/wt-feat-net-observe/os/StarryOS/kernel)
    Checking ax-net v0.13.6 (/home/asta/tgoskits/wt-feat-net-observe/net/ax-net)
    Checking ax-input v0.7.0 (/home/asta/tgoskits/wt-feat-net-observe/os/arceos/modules/axinput)
    Checking ax-gpu v0.1.0 (/home/asta/tgoskits/wt-feat-net-observe/os/arceos/modules/axgpu)
    Checking ax-display v0.7.0 (/home/asta/tgoskits/wt-feat-net-observe/os/arceos/modules/axdisplay)
    Checking ax-api v0.8.6 (/home/asta/tgoskits/wt-feat-net-observe/os/arceos/api/arceos_api)
    Checking starry-signal v0.10.5 (/home/asta/tgoskits/wt-feat-net-observe/os/StarryOS/signal)
    Checking ax-posix-api v0.6.8 (/home/asta/tgoskits/wt-feat-net-observe/os/arceos/api/arceos_posix_api)
    Checking ax-std v0.7.5 (/home/asta/tgoskits/wt-feat-net-observe/os/arceos/ulib/axstd)
    Finished `dev` profile [unoptimized + debuginfo] target(s) in 8.38s
ok: starry-kernel (feature: qperf-metrics, target: loongarch64-unknown-none-softfloat)
[42/140] starry-kernel (feature: rdif-pinctrl, target: loongarch64-unknown-none-softfloat)
          cd /home/asta/tgoskits/wt-feat-net-observe && CARGO_UNSTABLE_JSON_TARGET_SPEC=true cargo clippy --no-deps -p starry-kernel --no-default-features --features rdif-pinctrl --target scripts/targets/bare/loongarch64-unknown-none-softfloat.json -Z json-target-spec -Z build-std=core,alloc -- -D warnings
   Compiling starry-kernel v0.12.1 (/home/asta/tgoskits/wt-feat-net-observe/os/StarryOS/kernel)
    Finished `dev` profile [unoptimized + debuginfo] target(s) in 6.02s
ok: starry-kernel (feature: rdif-pinctrl, target: loongarch64-unknown-none-softfloat)
[43/140] starry-kernel (feature: rga, target: loongarch64-unknown-none-softfloat)
          cd /home/asta/tgoskits/wt-feat-net-observe && CARGO_UNSTABLE_JSON_TARGET_SPEC=true cargo clippy --no-deps -p starry-kernel --no-default-features --features rga --target scripts/targets/bare/loongarch64-unknown-none-softfloat.json -Z json-target-spec -Z build-std=core,alloc -- -D warnings
   Compiling ax-driver v0.18.1 (/home/asta/tgoskits/wt-feat-net-observe/drivers/ax-driver)
    Checking ax-cpu v0.10.3 (/home/asta/tgoskits/wt-feat-net-observe/components/axcpu)
    Checking rockchip-rga v0.3.0 (/home/asta/tgoskits/wt-feat-net-observe/drivers/gpu/rockchip-rga)
   Compiling starry-kernel v0.12.1 (/home/asta/tgoskits/wt-feat-net-observe/os/StarryOS/kernel)
    Checking cpu-local v0.4.3 (/home/asta/tgoskits/wt-feat-net-observe/components/cpu-local)
    Checking someboot v0.7.2 (/home/asta/tgoskits/wt-feat-net-observe/platforms/someboot)
    Checking ax-percpu v0.4.24 (/home/asta/tgoskits/wt-feat-net-observe/components/percpu/percpu)
    Checking ax-plat v0.15.0 (/home/asta/tgoskits/wt-feat-net-observe/platforms/ax-plat)
    Checking scope-local v0.6.5 (/home/asta/tgoskits/wt-feat-net-observe/components/scope-local)
    Checking somehal v0.11.3 (/home/asta/tgoskits/wt-feat-net-observe/platforms/somehal)
    Checking ax-fs-ng v0.11.2 (/home/asta/tgoskits/wt-feat-net-observe/fs/ax-fs-ng)
    Checking ax-alloc v0.9.2 (/home/asta/tgoskits/wt-feat-net-observe/memory/ax-alloc)
    Checking axklib v0.9.1 (/home/asta/tgoskits/wt-feat-net-observe/components/axklib)
    Checking axplat-dyn v0.10.4 (/home/asta/tgoskits/wt-feat-net-observe/platforms/axplat-dyn)
    Checking ax-hal v0.8.4 (/home/asta/tgoskits/wt-feat-net-observe/os/arceos/modules/axhal)
    Checking ax-mm v0.8.4 (/home/asta/tgoskits/wt-feat-net-observe/os/arceos/modules/axmm)
    Checking ax-ipi v0.6.5 (/home/asta/tgoskits/wt-feat-net-observe/os/arceos/modules/axipi)
    Checking ax-net v0.13.6 (/home/asta/tgoskits/wt-feat-net-observe/net/ax-net)
    Checking ax-gpu v0.1.0 (/home/asta/tgoskits/wt-feat-net-observe/os/arceos/modules/axgpu)
    Checking ax-display v0.7.0 (/home/asta/tgoskits/wt-feat-net-observe/os/arceos/modules/axdisplay)
    Checking ax-runtime v0.13.5 (/home/asta/tgoskits/wt-feat-net-observe/os/arceos/modules/axruntime)
    Checking ax-api v0.8.6 (/home/asta/tgoskits/wt-feat-net-observe/os/arceos/api/arceos_api)
    Checking starry-signal v0.10.5 (/home/asta/tgoskits/wt-feat-net-observe/os/StarryOS/signal)
    Checking ax-posix-api v0.6.8 (/home/asta/tgoskits/wt-feat-net-observe/os/arceos/api/arceos_posix_api)
    Checking ax-std v0.7.5 (/home/asta/tgoskits/wt-feat-net-observe/os/arceos/ulib/axstd)
    Finished `dev` profile [unoptimized + debuginfo] target(s) in 8.26s
ok: starry-kernel (feature: rga, target: loongarch64-unknown-none-softfloat)
[44/140] starry-kernel (feature: rknpu, target: loongarch64-unknown-none-softfloat)
          cd /home/asta/tgoskits/wt-feat-net-observe && CARGO_UNSTABLE_JSON_TARGET_SPEC=true cargo clippy --no-deps -p starry-kernel --no-default-features --features rknpu --target scripts/targets/bare/loongarch64-unknown-none-softfloat.json -Z json-target-spec -Z build-std=core,alloc -- -D warnings
   Compiling rockchip-npu v0.7.0 (/home/asta/tgoskits/wt-feat-net-observe/drivers/npu/rockchip-npu)
   Compiling ax-driver v0.18.1 (/home/asta/tgoskits/wt-feat-net-observe/drivers/ax-driver)
   Compiling starry-kernel v0.12.1 (/home/asta/tgoskits/wt-feat-net-observe/os/StarryOS/kernel)
    Checking axplat-dyn v0.10.4 (/home/asta/tgoskits/wt-feat-net-observe/platforms/axplat-dyn)
    Checking ax-hal v0.8.4 (/home/asta/tgoskits/wt-feat-net-observe/os/arceos/modules/axhal)
    Checking ax-net v0.13.6 (/home/asta/tgoskits/wt-feat-net-observe/net/ax-net)
    Checking ax-ipi v0.6.5 (/home/asta/tgoskits/wt-feat-net-observe/os/arceos/modules/axipi)
    Checking ax-mm v0.8.4 (/home/asta/tgoskits/wt-feat-net-observe/os/arceos/modules/axmm)
    Checking ax-gpu v0.1.0 (/home/asta/tgoskits/wt-feat-net-observe/os/arceos/modules/axgpu)
    Checking ax-display v0.7.0 (/home/asta/tgoskits/wt-feat-net-observe/os/arceos/modules/axdisplay)
    Checking ax-runtime v0.13.5 (/home/asta/tgoskits/wt-feat-net-observe/os/arceos/modules/axruntime)
    Checking ax-api v0.8.6 (/home/asta/tgoskits/wt-feat-net-observe/os/arceos/api/arceos_api)
    Checking starry-signal v0.10.5 (/home/asta/tgoskits/wt-feat-net-observe/os/StarryOS/signal)
    Checking ax-posix-api v0.6.8 (/home/asta/tgoskits/wt-feat-net-observe/os/arceos/api/arceos_posix_api)
    Checking ax-std v0.7.5 (/home/asta/tgoskits/wt-feat-net-observe/os/arceos/ulib/axstd)
    Finished `dev` profile [unoptimized + debuginfo] target(s) in 8.12s
ok: starry-kernel (feature: rknpu, target: loongarch64-unknown-none-softfloat)
[45/140] starry-kernel (feature: sg2002, target: loongarch64-unknown-none-softfloat)
          cd /home/asta/tgoskits/wt-feat-net-observe && CARGO_UNSTABLE_JSON_TARGET_SPEC=true cargo clippy --no-deps -p starry-kernel --no-default-features --features sg2002 --target scripts/targets/bare/loongarch64-unknown-none-softfloat.json -Z json-target-spec -Z build-std=core,alloc -- -D warnings
   Compiling starry-kernel v0.12.1 (/home/asta/tgoskits/wt-feat-net-observe/os/StarryOS/kernel)
    Checking ax-driver v0.18.1 (/home/asta/tgoskits/wt-feat-net-observe/drivers/ax-driver)
    Checking sg2002-tpu v0.4.1 (/home/asta/tgoskits/wt-feat-net-observe/drivers/tpu/sg2002-tpu)
    Checking axplat-dyn v0.10.4 (/home/asta/tgoskits/wt-feat-net-observe/platforms/axplat-dyn)
    Checking ax-hal v0.8.4 (/home/asta/tgoskits/wt-feat-net-observe/os/arceos/modules/axhal)
    Checking ax-net v0.13.6 (/home/asta/tgoskits/wt-feat-net-observe/net/ax-net)
    Checking ax-mm v0.8.4 (/home/asta/tgoskits/wt-feat-net-observe/os/arceos/modules/axmm)
    Checking ax-ipi v0.6.5 (/home/asta/tgoskits/wt-feat-net-observe/os/arceos/modules/axipi)
    Checking ax-gpu v0.1.0 (/home/asta/tgoskits/wt-feat-net-observe/os/arceos/modules/axgpu)
    Checking ax-display v0.7.0 (/home/asta/tgoskits/wt-feat-net-observe/os/arceos/modules/axdisplay)
    Checking ax-runtime v0.13.5 (/home/asta/tgoskits/wt-feat-net-observe/os/arceos/modules/axruntime)
    Checking ax-api v0.8.6 (/home/asta/tgoskits/wt-feat-net-observe/os/arceos/api/arceos_api)
    Checking starry-signal v0.10.5 (/home/asta/tgoskits/wt-feat-net-observe/os/StarryOS/signal)
    Checking ax-posix-api v0.6.8 (/home/asta/tgoskits/wt-feat-net-observe/os/arceos/api/arceos_posix_api)
    Checking ax-std v0.7.5 (/home/asta/tgoskits/wt-feat-net-observe/os/arceos/ulib/axstd)
warning: unused dependency `sg200x-bsp`
   --> os/StarryOS/kernel/Cargo.toml:166:1
    |
166 | sg200x-bsp = { workspace = true, optional = true, features = ["c906", "cv182x-host"] }
    | ^^^^^^^^^^^^^^^^^^^^^^^^^^^^^^^^^^^^^^^^^^^^^^^^^^^^^^^^^^^^^^^^^^^^^^^^^^^^^^^^^^^^^^
    |
    = note: `cargo::unused_dependencies` is set to `warn` by default
help: consider removing the dependency on `sg200x-bsp`
warning: `starry-kernel` (manifest) generated 1 warning
    Finished `dev` profile [unoptimized + debuginfo] target(s) in 7.91s
ok: starry-kernel (feature: sg2002, target: loongarch64-unknown-none-softfloat)
[46/140] starry-kernel (feature: sg2002-cvi-usb-camera, target: loongarch64-unknown-none-softfloat)
          cd /home/asta/tgoskits/wt-feat-net-observe && CARGO_UNSTABLE_JSON_TARGET_SPEC=true cargo clippy --no-deps -p starry-kernel --no-default-features --features sg2002-cvi-usb-camera --target scripts/targets/bare/loongarch64-unknown-none-softfloat.json -Z json-target-spec -Z build-std=core,alloc -- -D warnings
   Compiling starry-kernel v0.12.1 (/home/asta/tgoskits/wt-feat-net-observe/os/StarryOS/kernel)
    Checking sg200x-jpu v0.1.6 (/home/asta/tgoskits/wt-feat-net-observe/drivers/vpu/sg200x-jpu)
    Finished `dev` profile [unoptimized + debuginfo] target(s) in 6.33s
ok: starry-kernel (feature: sg2002-cvi-usb-camera, target: loongarch64-unknown-none-softfloat)
[47/140] starry-kernel (feature: stack-guard-page, target: loongarch64-unknown-none-softfloat)
          cd /home/asta/tgoskits/wt-feat-net-observe && CARGO_UNSTABLE_JSON_TARGET_SPEC=true cargo clippy --no-deps -p starry-kernel --no-default-features --features stack-guard-page --target scripts/targets/bare/loongarch64-unknown-none-softfloat.json -Z json-target-spec -Z build-std=core,alloc -- -D warnings
   Compiling ax-runtime v0.13.5 (/home/asta/tgoskits/wt-feat-net-observe/os/arceos/modules/axruntime)
   Compiling starry-kernel v0.12.1 (/home/asta/tgoskits/wt-feat-net-observe/os/StarryOS/kernel)
    Checking ax-api v0.8.6 (/home/asta/tgoskits/wt-feat-net-observe/os/arceos/api/arceos_api)
    Checking starry-signal v0.10.5 (/home/asta/tgoskits/wt-feat-net-observe/os/StarryOS/signal)
    Checking ax-posix-api v0.6.8 (/home/asta/tgoskits/wt-feat-net-observe/os/arceos/api/arceos_posix_api)
    Checking ax-std v0.7.5 (/home/asta/tgoskits/wt-feat-net-observe/os/arceos/ulib/axstd)
    Finished `dev` profile [unoptimized + debuginfo] target(s) in 6.96s
ok: starry-kernel (feature: stack-guard-page, target: loongarch64-unknown-none-softfloat)
[48/140] starry-kernel (feature: stack-protector, target: loongarch64-unknown-none-softfloat)
          cd /home/asta/tgoskits/wt-feat-net-observe && CARGO_UNSTABLE_JSON_TARGET_SPEC=true cargo clippy --no-deps -p starry-kernel --no-default-features --features stack-protector --target scripts/targets/bare/loongarch64-unknown-none-softfloat.json -Z json-target-spec -Z build-std=core,alloc -- -D warnings
   Compiling ax-runtime v0.13.5 (/home/asta/tgoskits/wt-feat-net-observe/os/arceos/modules/axruntime)
   Compiling starry-kernel v0.12.1 (/home/asta/tgoskits/wt-feat-net-observe/os/StarryOS/kernel)
    Checking ax-api v0.8.6 (/home/asta/tgoskits/wt-feat-net-observe/os/arceos/api/arceos_api)
    Checking starry-signal v0.10.5 (/home/asta/tgoskits/wt-feat-net-observe/os/StarryOS/signal)
    Checking ax-posix-api v0.6.8 (/home/asta/tgoskits/wt-feat-net-observe/os/arceos/api/arceos_posix_api)
    Checking ax-std v0.7.5 (/home/asta/tgoskits/wt-feat-net-observe/os/arceos/ulib/axstd)
    Finished `dev` profile [unoptimized + debuginfo] target(s) in 7.07s
ok: starry-kernel (feature: stack-protector, target: loongarch64-unknown-none-softfloat)
[49/140] starry-kernel (feature: uaccess-lock-regression, target: loongarch64-unknown-none-softfloat)
          cd /home/asta/tgoskits/wt-feat-net-observe && CARGO_UNSTABLE_JSON_TARGET_SPEC=true cargo clippy --no-deps -p starry-kernel --no-default-features --features uaccess-lock-regression --target scripts/targets/bare/loongarch64-unknown-none-softfloat.json -Z json-target-spec -Z build-std=core,alloc -- -D warnings
   Compiling starry-kernel v0.12.1 (/home/asta/tgoskits/wt-feat-net-observe/os/StarryOS/kernel)
    Finished `dev` profile [unoptimized + debuginfo] target(s) in 6.27s
ok: starry-kernel (feature: uaccess-lock-regression, target: loongarch64-unknown-none-softfloat)
[50/140] starry-kernel (feature: uvc, target: loongarch64-unknown-none-softfloat)
          cd /home/asta/tgoskits/wt-feat-net-observe && CARGO_UNSTABLE_JSON_TARGET_SPEC=true cargo clippy --no-deps -p starry-kernel --no-default-features --features uvc --target scripts/targets/bare/loongarch64-unknown-none-softfloat.json -Z json-target-spec -Z build-std=core,alloc -- -D warnings
    Checking ax-media v0.1.0 (/home/asta/tgoskits/wt-feat-net-observe/drivers/media/ax-media)
   Compiling starry-kernel v0.12.1 (/home/asta/tgoskits/wt-feat-net-observe/os/StarryOS/kernel)
    Checking media-uvc v0.1.0 (/home/asta/tgoskits/wt-feat-net-observe/drivers/media/uvc)
    Finished `dev` profile [unoptimized + debuginfo] target(s) in 6.57s
ok: starry-kernel (feature: uvc, target: loongarch64-unknown-none-softfloat)
[51/140] starry-kernel (base, target: riscv64gc-unknown-none-elf)
          cd /home/asta/tgoskits/wt-feat-net-observe && CARGO_UNSTABLE_JSON_TARGET_SPEC=true cargo clippy --no-deps -p starry-kernel --target scripts/targets/bare/riscv64gc-unknown-none-elf.json -Z json-target-spec -Z build-std=core,alloc -- -D warnings
   Compiling cpu-local v0.4.3 (/home/asta/tgoskits/wt-feat-net-observe/components/cpu-local)
   Compiling ax-percpu v0.4.24 (/home/asta/tgoskits/wt-feat-net-observe/components/percpu/percpu)
   Compiling ax-alloc v0.9.2 (/home/asta/tgoskits/wt-feat-net-observe/memory/ax-alloc)
   Compiling rockchip-soc v0.4.8 (/home/asta/tgoskits/wt-feat-net-observe/drivers/soc/rockchip/rockchip-soc)
   Compiling crab-usb v0.12.1 (/home/asta/tgoskits/wt-feat-net-observe/drivers/usb/usb-host)
   Compiling somehal v0.11.3 (/home/asta/tgoskits/wt-feat-net-observe/platforms/somehal)
   Compiling ax-driver v0.18.1 (/home/asta/tgoskits/wt-feat-net-observe/drivers/ax-driver)
   Compiling axplat-dyn v0.10.4 (/home/asta/tgoskits/wt-feat-net-observe/platforms/axplat-dyn)
    Checking ax-sync v0.6.0 (/home/asta/tgoskits/wt-feat-net-observe/os/arceos/modules/axsync)
    Checking trait-ffi v0.3.1 (/home/asta/tgoskits/wt-feat-net-observe/components/trait-ffi/trait-ffi)
   Compiling scope-local v0.6.5 (/home/asta/tgoskits/wt-feat-net-observe/components/scope-local)
   Compiling someboot v0.7.2 (/home/asta/tgoskits/wt-feat-net-observe/platforms/someboot)
    Checking ax-log v0.6.1 (/home/asta/tgoskits/wt-feat-net-observe/os/arceos/modules/axlog)
    Checking ax-cpu v0.10.3 (/home/asta/tgoskits/wt-feat-net-observe/components/axcpu)
    Checking ax-task v0.8.4 (/home/asta/tgoskits/wt-feat-net-observe/components/ax-task)
   Compiling ax-runtime v0.13.5 (/home/asta/tgoskits/wt-feat-net-observe/os/arceos/modules/axruntime)
    Checking ax-ctor-bare v0.4.10 (/home/asta/tgoskits/wt-feat-net-observe/components/ctor_bare/ctor_bare)
    Checking dma-api v0.10.2 (/home/asta/tgoskits/wt-feat-net-observe/memory/dma-api)
    Checking buddy-slab-allocator v0.6.1 (/home/asta/tgoskits/wt-feat-net-observe/memory/buddy-slab-allocator)
    Checking axpoll-set v0.1.1 (/home/asta/tgoskits/wt-feat-net-observe/components/axpoll-set)
    Checking axfs-ng-vfs v0.8.1 (/home/asta/tgoskits/wt-feat-net-observe/fs/axfs-ng-vfs)
   Compiling ax-posix-api v0.6.8 (/home/asta/tgoskits/wt-feat-net-observe/os/arceos/api/arceos_posix_api)
    Checking rdrive v0.25.0 (/home/asta/tgoskits/wt-feat-net-observe/drivers/rdrive)
   Compiling starry-signal v0.10.5 (/home/asta/tgoskits/wt-feat-net-observe/os/StarryOS/signal)
   Compiling ax-tracepoint v0.6.1 (/home/asta/tgoskits/wt-feat-net-observe/components/ax-tracepoint)
    Checking ax-cgroup v0.3.0 (/home/asta/tgoskits/wt-feat-net-observe/components/ax-cgroup)
    Checking rdif-block v0.13.2 (/home/asta/tgoskits/wt-feat-net-observe/drivers/interface/rdif-block)
    Checking rdif-eth v0.6.0 (/home/asta/tgoskits/wt-feat-net-observe/drivers/interface/rdif-eth)
    Checking rdif-gpu v0.1.0 (/home/asta/tgoskits/wt-feat-net-observe/drivers/interface/rdif-gpu)
   Compiling starry-kernel v0.12.1 (/home/asta/tgoskits/wt-feat-net-observe/os/StarryOS/kernel)
    Checking rdif-display v0.5.0 (/home/asta/tgoskits/wt-feat-net-observe/drivers/interface/rdif-display)
    Checking rd-net v0.3.3 (/home/asta/tgoskits/wt-feat-net-observe/drivers/net/rd-net)
    Checking ax-plat v0.15.0 (/home/asta/tgoskits/wt-feat-net-observe/platforms/ax-plat)
    Checking ax-fs-ng v0.11.2 (/home/asta/tgoskits/wt-feat-net-observe/fs/ax-fs-ng)
    Checking ax-input v0.7.0 (/home/asta/tgoskits/wt-feat-net-observe/os/arceos/modules/axinput)
    Checking axklib v0.9.1 (/home/asta/tgoskits/wt-feat-net-observe/components/axklib)
    Checking ax-hal v0.8.4 (/home/asta/tgoskits/wt-feat-net-observe/os/arceos/modules/axhal)
    Checking ax-net v0.13.6 (/home/asta/tgoskits/wt-feat-net-observe/net/ax-net)
    Checking ax-mm v0.8.4 (/home/asta/tgoskits/wt-feat-net-observe/os/arceos/modules/axmm)
    Checking ax-ipi v0.6.5 (/home/asta/tgoskits/wt-feat-net-observe/os/arceos/modules/axipi)
    Checking ax-gpu v0.1.0 (/home/asta/tgoskits/wt-feat-net-observe/os/arceos/modules/axgpu)
    Checking ax-display v0.7.0 (/home/asta/tgoskits/wt-feat-net-observe/os/arceos/modules/axdisplay)
    Checking ax-api v0.8.6 (/home/asta/tgoskits/wt-feat-net-observe/os/arceos/api/arceos_api)
    Checking ax-std v0.7.5 (/home/asta/tgoskits/wt-feat-net-observe/os/arceos/ulib/axstd)
    Finished `dev` profile [unoptimized + debuginfo] target(s) in 9.33s
ok: starry-kernel (base, target: riscv64gc-unknown-none-elf)
[52/140] starry-kernel (feature: axtest, target: riscv64gc-unknown-none-elf)
          cd /home/asta/tgoskits/wt-feat-net-observe && CARGO_UNSTABLE_JSON_TARGET_SPEC=true cargo clippy --no-deps -p starry-kernel --no-default-features --features axtest --target scripts/targets/bare/riscv64gc-unknown-none-elf.json -Z json-target-spec -Z build-std=core,alloc -- -D warnings
    Checking ax-task v0.8.4 (/home/asta/tgoskits/wt-feat-net-observe/components/ax-task)
   Compiling ax-runtime v0.13.5 (/home/asta/tgoskits/wt-feat-net-observe/os/arceos/modules/axruntime)
   Compiling starry-kernel v0.12.1 (/home/asta/tgoskits/wt-feat-net-observe/os/StarryOS/kernel)
    Checking axtest v0.5.16 (/home/asta/tgoskits/wt-feat-net-observe/components/axtest/axtest)
    Checking ax-input v0.7.0 (/home/asta/tgoskits/wt-feat-net-observe/os/arceos/modules/axinput)
    Checking ax-net v0.13.6 (/home/asta/tgoskits/wt-feat-net-observe/net/ax-net)
    Checking ax-gpu v0.1.0 (/home/asta/tgoskits/wt-feat-net-observe/os/arceos/modules/axgpu)
    Checking ax-display v0.7.0 (/home/asta/tgoskits/wt-feat-net-observe/os/arceos/modules/axdisplay)
    Checking ax-api v0.8.6 (/home/asta/tgoskits/wt-feat-net-observe/os/arceos/api/arceos_api)
    Checking starry-signal v0.10.5 (/home/asta/tgoskits/wt-feat-net-observe/os/StarryOS/signal)
    Checking ax-posix-api v0.6.8 (/home/asta/tgoskits/wt-feat-net-observe/os/arceos/api/arceos_posix_api)
    Checking ax-std v0.7.5 (/home/asta/tgoskits/wt-feat-net-observe/os/arceos/ulib/axstd)
warning: unused dependency `axtest`
  --> os/StarryOS/kernel/Cargo.toml:61:1
   |
61 | axtest = { workspace = true, optional = true }
   | ^^^^^^^^^^^^^^^^^^^^^^^^^^^^^^^^^^^^^^^^^^^^^^
   |
   = note: `cargo::unused_dependencies` is set to `warn` by default
help: consider removing the dependency on `axtest`
warning: `starry-kernel` (manifest) generated 1 warning
    Finished `dev` profile [unoptimized + debuginfo] target(s) in 8.23s
ok: starry-kernel (feature: axtest, target: riscv64gc-unknown-none-elf)
[53/140] starry-kernel (feature: axtest-coverage, target: riscv64gc-unknown-none-elf)
          cd /home/asta/tgoskits/wt-feat-net-observe && CARGO_UNSTABLE_JSON_TARGET_SPEC=true cargo clippy --no-deps -p starry-kernel --no-default-features --features axtest-coverage --target scripts/targets/bare/riscv64gc-unknown-none-elf.json -Z json-target-spec -Z build-std=core,alloc -- -D warnings
    Checking axtest v0.5.16 (/home/asta/tgoskits/wt-feat-net-observe/components/axtest/axtest)
   Compiling starry-kernel v0.12.1 (/home/asta/tgoskits/wt-feat-net-observe/os/StarryOS/kernel)
warning: unused dependency `axtest`
  --> os/StarryOS/kernel/Cargo.toml:61:1
   |
61 | axtest = { workspace = true, optional = true }
   | ^^^^^^^^^^^^^^^^^^^^^^^^^^^^^^^^^^^^^^^^^^^^^^
   |
   = note: `cargo::unused_dependencies` is set to `warn` by default
help: consider removing the dependency on `axtest`
warning: `starry-kernel` (manifest) generated 1 warning
    Finished `dev` profile [unoptimized + debuginfo] target(s) in 5.99s
ok: starry-kernel (feature: axtest-coverage, target: riscv64gc-unknown-none-elf)
[54/140] starry-kernel (feature: dev-log, target: riscv64gc-unknown-none-elf)
          cd /home/asta/tgoskits/wt-feat-net-observe && CARGO_UNSTABLE_JSON_TARGET_SPEC=true cargo clippy --no-deps -p starry-kernel --no-default-features --features dev-log --target scripts/targets/bare/riscv64gc-unknown-none-elf.json -Z json-target-spec -Z build-std=core,alloc -- -D warnings
   Compiling starry-kernel v0.12.1 (/home/asta/tgoskits/wt-feat-net-observe/os/StarryOS/kernel)
    Finished `dev` profile [unoptimized + debuginfo] target(s) in 5.97s
ok: starry-kernel (feature: dev-log, target: riscv64gc-unknown-none-elf)
[55/140] starry-kernel (feature: dynamic_debug, target: riscv64gc-unknown-none-elf)
          cd /home/asta/tgoskits/wt-feat-net-observe && CARGO_UNSTABLE_JSON_TARGET_SPEC=true cargo clippy --no-deps -p starry-kernel --no-default-features --features dynamic_debug --target scripts/targets/bare/riscv64gc-unknown-none-elf.json -Z json-target-spec -Z build-std=core,alloc -- -D warnings
   Compiling starry-kernel v0.12.1 (/home/asta/tgoskits/wt-feat-net-observe/os/StarryOS/kernel)
    Finished `dev` profile [unoptimized + debuginfo] target(s) in 6.02s
ok: starry-kernel (feature: dynamic_debug, target: riscv64gc-unknown-none-elf)
[56/140] starry-kernel (feature: ext4, target: riscv64gc-unknown-none-elf)
          cd /home/asta/tgoskits/wt-feat-net-observe && CARGO_UNSTABLE_JSON_TARGET_SPEC=true cargo clippy --no-deps -p starry-kernel --no-default-features --features ext4 --target scripts/targets/bare/riscv64gc-unknown-none-elf.json -Z json-target-spec -Z build-std=core,alloc -- -D warnings
   Compiling starry-kernel v0.12.1 (/home/asta/tgoskits/wt-feat-net-observe/os/StarryOS/kernel)
    Finished `dev` profile [unoptimized + debuginfo] target(s) in 5.99s
ok: starry-kernel (feature: ext4, target: riscv64gc-unknown-none-elf)
[57/140] starry-kernel (feature: fat, target: riscv64gc-unknown-none-elf)
          cd /home/asta/tgoskits/wt-feat-net-observe && CARGO_UNSTABLE_JSON_TARGET_SPEC=true cargo clippy --no-deps -p starry-kernel --no-default-features --features fat --target scripts/targets/bare/riscv64gc-unknown-none-elf.json -Z json-target-spec -Z build-std=core,alloc -- -D warnings
   Compiling starry-kernel v0.12.1 (/home/asta/tgoskits/wt-feat-net-observe/os/StarryOS/kernel)
    Checking ax-fs-ng v0.11.2 (/home/asta/tgoskits/wt-feat-net-observe/fs/ax-fs-ng)
    Checking ax-runtime v0.13.5 (/home/asta/tgoskits/wt-feat-net-observe/os/arceos/modules/axruntime)
    Checking ax-api v0.8.6 (/home/asta/tgoskits/wt-feat-net-observe/os/arceos/api/arceos_api)
    Checking starry-signal v0.10.5 (/home/asta/tgoskits/wt-feat-net-observe/os/StarryOS/signal)
    Checking ax-posix-api v0.6.8 (/home/asta/tgoskits/wt-feat-net-observe/os/arceos/api/arceos_posix_api)
    Checking ax-std v0.7.5 (/home/asta/tgoskits/wt-feat-net-observe/os/arceos/ulib/axstd)
    Finished `dev` profile [unoptimized + debuginfo] target(s) in 7.13s
ok: starry-kernel (feature: fat, target: riscv64gc-unknown-none-elf)
[58/140] starry-kernel (feature: jpeg, target: riscv64gc-unknown-none-elf)
          cd /home/asta/tgoskits/wt-feat-net-observe && CARGO_UNSTABLE_JSON_TARGET_SPEC=true cargo clippy --no-deps -p starry-kernel --no-default-features --features jpeg --target scripts/targets/bare/riscv64gc-unknown-none-elf.json -Z json-target-spec -Z build-std=core,alloc -- -D warnings
   Compiling rockchip-pm v0.4.10 (/home/asta/tgoskits/wt-feat-net-observe/drivers/soc/rockchip/rockchip-pm)
   Compiling ax-driver v0.18.1 (/home/asta/tgoskits/wt-feat-net-observe/drivers/ax-driver)
    Checking rockchip-jpeg v0.2.0 (/home/asta/tgoskits/wt-feat-net-observe/drivers/vpu/rockchip-jpeg)
   Compiling starry-kernel v0.12.1 (/home/asta/tgoskits/wt-feat-net-observe/os/StarryOS/kernel)
    Checking axplat-dyn v0.10.4 (/home/asta/tgoskits/wt-feat-net-observe/platforms/axplat-dyn)
    Checking ax-hal v0.8.4 (/home/asta/tgoskits/wt-feat-net-observe/os/arceos/modules/axhal)
    Checking ax-ipi v0.6.5 (/home/asta/tgoskits/wt-feat-net-observe/os/arceos/modules/axipi)
    Checking ax-mm v0.8.4 (/home/asta/tgoskits/wt-feat-net-observe/os/arceos/modules/axmm)
    Checking ax-net v0.13.6 (/home/asta/tgoskits/wt-feat-net-observe/net/ax-net)
    Checking ax-gpu v0.1.0 (/home/asta/tgoskits/wt-feat-net-observe/os/arceos/modules/axgpu)
    Checking ax-display v0.7.0 (/home/asta/tgoskits/wt-feat-net-observe/os/arceos/modules/axdisplay)
    Checking ax-runtime v0.13.5 (/home/asta/tgoskits/wt-feat-net-observe/os/arceos/modules/axruntime)
    Checking ax-api v0.8.6 (/home/asta/tgoskits/wt-feat-net-observe/os/arceos/api/arceos_api)
    Checking starry-signal v0.10.5 (/home/asta/tgoskits/wt-feat-net-observe/os/StarryOS/signal)
    Checking ax-posix-api v0.6.8 (/home/asta/tgoskits/wt-feat-net-observe/os/arceos/api/arceos_posix_api)
    Checking ax-std v0.7.5 (/home/asta/tgoskits/wt-feat-net-observe/os/arceos/ulib/axstd)
    Finished `dev` profile [unoptimized + debuginfo] target(s) in 8.01s
ok: starry-kernel (feature: jpeg, target: riscv64gc-unknown-none-elf)
[59/140] starry-kernel (feature: k230-kpu, target: riscv64gc-unknown-none-elf)
          cd /home/asta/tgoskits/wt-feat-net-observe && CARGO_UNSTABLE_JSON_TARGET_SPEC=true cargo clippy --no-deps -p starry-kernel --no-default-features --features k230-kpu --target scripts/targets/bare/riscv64gc-unknown-none-elf.json -Z json-target-spec -Z build-std=core,alloc -- -D warnings
    Checking ax-cpu v0.10.3 (/home/asta/tgoskits/wt-feat-net-observe/components/axcpu)
   Compiling starry-kernel v0.12.1 (/home/asta/tgoskits/wt-feat-net-observe/os/StarryOS/kernel)
    Checking cpu-local v0.4.3 (/home/asta/tgoskits/wt-feat-net-observe/components/cpu-local)
    Checking someboot v0.7.2 (/home/asta/tgoskits/wt-feat-net-observe/platforms/someboot)
    Checking ax-percpu v0.4.24 (/home/asta/tgoskits/wt-feat-net-observe/components/percpu/percpu)
    Checking ax-plat v0.15.0 (/home/asta/tgoskits/wt-feat-net-observe/platforms/ax-plat)
    Checking scope-local v0.6.5 (/home/asta/tgoskits/wt-feat-net-observe/components/scope-local)
    Checking somehal v0.11.3 (/home/asta/tgoskits/wt-feat-net-observe/platforms/somehal)
    Checking ax-fs-ng v0.11.2 (/home/asta/tgoskits/wt-feat-net-observe/fs/ax-fs-ng)
    Checking ax-alloc v0.9.2 (/home/asta/tgoskits/wt-feat-net-observe/memory/ax-alloc)
    Checking axklib v0.9.1 (/home/asta/tgoskits/wt-feat-net-observe/components/axklib)
    Checking ax-driver v0.18.1 (/home/asta/tgoskits/wt-feat-net-observe/drivers/ax-driver)
    Checking axplat-dyn v0.10.4 (/home/asta/tgoskits/wt-feat-net-observe/platforms/axplat-dyn)
    Checking ax-hal v0.8.4 (/home/asta/tgoskits/wt-feat-net-observe/os/arceos/modules/axhal)
    Checking ax-mm v0.8.4 (/home/asta/tgoskits/wt-feat-net-observe/os/arceos/modules/axmm)
    Checking ax-ipi v0.6.5 (/home/asta/tgoskits/wt-feat-net-observe/os/arceos/modules/axipi)
    Checking ax-net v0.13.6 (/home/asta/tgoskits/wt-feat-net-observe/net/ax-net)
    Checking ax-gpu v0.1.0 (/home/asta/tgoskits/wt-feat-net-observe/os/arceos/modules/axgpu)
    Checking ax-display v0.7.0 (/home/asta/tgoskits/wt-feat-net-observe/os/arceos/modules/axdisplay)
    Checking ax-runtime v0.13.5 (/home/asta/tgoskits/wt-feat-net-observe/os/arceos/modules/axruntime)
    Checking ax-api v0.8.6 (/home/asta/tgoskits/wt-feat-net-observe/os/arceos/api/arceos_api)
    Checking starry-signal v0.10.5 (/home/asta/tgoskits/wt-feat-net-observe/os/StarryOS/signal)
    Checking ax-posix-api v0.6.8 (/home/asta/tgoskits/wt-feat-net-observe/os/arceos/api/arceos_posix_api)
    Checking ax-std v0.7.5 (/home/asta/tgoskits/wt-feat-net-observe/os/arceos/ulib/axstd)
    Finished `dev` profile [unoptimized + debuginfo] target(s) in 8.60s
ok: starry-kernel (feature: k230-kpu, target: riscv64gc-unknown-none-elf)
[60/140] starry-kernel (feature: memtrack, target: riscv64gc-unknown-none-elf)
          cd /home/asta/tgoskits/wt-feat-net-observe && CARGO_UNSTABLE_JSON_TARGET_SPEC=true cargo clippy --no-deps -p starry-kernel --no-default-features --features memtrack --target scripts/targets/bare/riscv64gc-unknown-none-elf.json -Z json-target-spec -Z build-std=core,alloc -- -D warnings
   Compiling ax-alloc v0.9.2 (/home/asta/tgoskits/wt-feat-net-observe/memory/ax-alloc)
   Compiling starry-kernel v0.12.1 (/home/asta/tgoskits/wt-feat-net-observe/os/StarryOS/kernel)
    Checking axklib v0.9.1 (/home/asta/tgoskits/wt-feat-net-observe/components/axklib)
    Checking ax-driver v0.18.1 (/home/asta/tgoskits/wt-feat-net-observe/drivers/ax-driver)
    Checking axplat-dyn v0.10.4 (/home/asta/tgoskits/wt-feat-net-observe/platforms/axplat-dyn)
    Checking ax-hal v0.8.4 (/home/asta/tgoskits/wt-feat-net-observe/os/arceos/modules/axhal)
    Checking ax-ipi v0.6.5 (/home/asta/tgoskits/wt-feat-net-observe/os/arceos/modules/axipi)
    Checking ax-net v0.13.6 (/home/asta/tgoskits/wt-feat-net-observe/net/ax-net)
    Checking ax-mm v0.8.4 (/home/asta/tgoskits/wt-feat-net-observe/os/arceos/modules/axmm)
    Checking ax-gpu v0.1.0 (/home/asta/tgoskits/wt-feat-net-observe/os/arceos/modules/axgpu)
    Checking ax-display v0.7.0 (/home/asta/tgoskits/wt-feat-net-observe/os/arceos/modules/axdisplay)
    Checking ax-runtime v0.13.5 (/home/asta/tgoskits/wt-feat-net-observe/os/arceos/modules/axruntime)
    Checking ax-api v0.8.6 (/home/asta/tgoskits/wt-feat-net-observe/os/arceos/api/arceos_api)
    Checking starry-signal v0.10.5 (/home/asta/tgoskits/wt-feat-net-observe/os/StarryOS/signal)
    Checking ax-posix-api v0.6.8 (/home/asta/tgoskits/wt-feat-net-observe/os/arceos/api/arceos_posix_api)
    Checking ax-std v0.7.5 (/home/asta/tgoskits/wt-feat-net-observe/os/arceos/ulib/axstd)
    Finished `dev` profile [unoptimized + debuginfo] target(s) in 8.07s
ok: starry-kernel (feature: memtrack, target: riscv64gc-unknown-none-elf)
[61/140] starry-kernel (feature: qperf-metrics, target: riscv64gc-unknown-none-elf)
          cd /home/asta/tgoskits/wt-feat-net-observe && CARGO_UNSTABLE_JSON_TARGET_SPEC=true cargo clippy --no-deps -p starry-kernel --no-default-features --features qperf-metrics --target scripts/targets/bare/riscv64gc-unknown-none-elf.json -Z json-target-spec -Z build-std=core,alloc -- -D warnings
    Checking ax-task v0.8.4 (/home/asta/tgoskits/wt-feat-net-observe/components/ax-task)
   Compiling ax-runtime v0.13.5 (/home/asta/tgoskits/wt-feat-net-observe/os/arceos/modules/axruntime)
   Compiling starry-kernel v0.12.1 (/home/asta/tgoskits/wt-feat-net-observe/os/StarryOS/kernel)
    Checking ax-input v0.7.0 (/home/asta/tgoskits/wt-feat-net-observe/os/arceos/modules/axinput)
    Checking ax-net v0.13.6 (/home/asta/tgoskits/wt-feat-net-observe/net/ax-net)
    Checking ax-gpu v0.1.0 (/home/asta/tgoskits/wt-feat-net-observe/os/arceos/modules/axgpu)
    Checking ax-display v0.7.0 (/home/asta/tgoskits/wt-feat-net-observe/os/arceos/modules/axdisplay)
    Checking ax-api v0.8.6 (/home/asta/tgoskits/wt-feat-net-observe/os/arceos/api/arceos_api)
    Checking starry-signal v0.10.5 (/home/asta/tgoskits/wt-feat-net-observe/os/StarryOS/signal)
    Checking ax-posix-api v0.6.8 (/home/asta/tgoskits/wt-feat-net-observe/os/arceos/api/arceos_posix_api)
    Checking ax-std v0.7.5 (/home/asta/tgoskits/wt-feat-net-observe/os/arceos/ulib/axstd)
    Finished `dev` profile [unoptimized + debuginfo] target(s) in 8.12s
ok: starry-kernel (feature: qperf-metrics, target: riscv64gc-unknown-none-elf)
[62/140] starry-kernel (feature: rdif-pinctrl, target: riscv64gc-unknown-none-elf)
          cd /home/asta/tgoskits/wt-feat-net-observe && CARGO_UNSTABLE_JSON_TARGET_SPEC=true cargo clippy --no-deps -p starry-kernel --no-default-features --features rdif-pinctrl --target scripts/targets/bare/riscv64gc-unknown-none-elf.json -Z json-target-spec -Z build-std=core,alloc -- -D warnings
   Compiling starry-kernel v0.12.1 (/home/asta/tgoskits/wt-feat-net-observe/os/StarryOS/kernel)
    Finished `dev` profile [unoptimized + debuginfo] target(s) in 5.68s
ok: starry-kernel (feature: rdif-pinctrl, target: riscv64gc-unknown-none-elf)
[63/140] starry-kernel (feature: rga, target: riscv64gc-unknown-none-elf)
          cd /home/asta/tgoskits/wt-feat-net-observe && CARGO_UNSTABLE_JSON_TARGET_SPEC=true cargo clippy --no-deps -p starry-kernel --no-default-features --features rga --target scripts/targets/bare/riscv64gc-unknown-none-elf.json -Z json-target-spec -Z build-std=core,alloc -- -D warnings
   Compiling ax-driver v0.18.1 (/home/asta/tgoskits/wt-feat-net-observe/drivers/ax-driver)
    Checking ax-cpu v0.10.3 (/home/asta/tgoskits/wt-feat-net-observe/components/axcpu)
    Checking rockchip-rga v0.3.0 (/home/asta/tgoskits/wt-feat-net-observe/drivers/gpu/rockchip-rga)
   Compiling starry-kernel v0.12.1 (/home/asta/tgoskits/wt-feat-net-observe/os/StarryOS/kernel)
    Checking cpu-local v0.4.3 (/home/asta/tgoskits/wt-feat-net-observe/components/cpu-local)
    Checking someboot v0.7.2 (/home/asta/tgoskits/wt-feat-net-observe/platforms/someboot)
    Checking ax-percpu v0.4.24 (/home/asta/tgoskits/wt-feat-net-observe/components/percpu/percpu)
    Checking ax-plat v0.15.0 (/home/asta/tgoskits/wt-feat-net-observe/platforms/ax-plat)
    Checking scope-local v0.6.5 (/home/asta/tgoskits/wt-feat-net-observe/components/scope-local)
    Checking somehal v0.11.3 (/home/asta/tgoskits/wt-feat-net-observe/platforms/somehal)
    Checking ax-fs-ng v0.11.2 (/home/asta/tgoskits/wt-feat-net-observe/fs/ax-fs-ng)
    Checking ax-alloc v0.9.2 (/home/asta/tgoskits/wt-feat-net-observe/memory/ax-alloc)
    Checking axklib v0.9.1 (/home/asta/tgoskits/wt-feat-net-observe/components/axklib)
    Checking axplat-dyn v0.10.4 (/home/asta/tgoskits/wt-feat-net-observe/platforms/axplat-dyn)
    Checking ax-hal v0.8.4 (/home/asta/tgoskits/wt-feat-net-observe/os/arceos/modules/axhal)
    Checking ax-ipi v0.6.5 (/home/asta/tgoskits/wt-feat-net-observe/os/arceos/modules/axipi)
    Checking ax-mm v0.8.4 (/home/asta/tgoskits/wt-feat-net-observe/os/arceos/modules/axmm)
    Checking ax-net v0.13.6 (/home/asta/tgoskits/wt-feat-net-observe/net/ax-net)
    Checking ax-gpu v0.1.0 (/home/asta/tgoskits/wt-feat-net-observe/os/arceos/modules/axgpu)
    Checking ax-display v0.7.0 (/home/asta/tgoskits/wt-feat-net-observe/os/arceos/modules/axdisplay)
    Checking ax-runtime v0.13.5 (/home/asta/tgoskits/wt-feat-net-observe/os/arceos/modules/axruntime)
    Checking ax-api v0.8.6 (/home/asta/tgoskits/wt-feat-net-observe/os/arceos/api/arceos_api)
    Checking starry-signal v0.10.5 (/home/asta/tgoskits/wt-feat-net-observe/os/StarryOS/signal)
    Checking ax-posix-api v0.6.8 (/home/asta/tgoskits/wt-feat-net-observe/os/arceos/api/arceos_posix_api)
    Checking ax-std v0.7.5 (/home/asta/tgoskits/wt-feat-net-observe/os/arceos/ulib/axstd)
    Finished `dev` profile [unoptimized + debuginfo] target(s) in 8.36s
ok: starry-kernel (feature: rga, target: riscv64gc-unknown-none-elf)
[64/140] starry-kernel (feature: rknpu, target: riscv64gc-unknown-none-elf)
          cd /home/asta/tgoskits/wt-feat-net-observe && CARGO_UNSTABLE_JSON_TARGET_SPEC=true cargo clippy --no-deps -p starry-kernel --no-default-features --features rknpu --target scripts/targets/bare/riscv64gc-unknown-none-elf.json -Z json-target-spec -Z build-std=core,alloc -- -D warnings
   Compiling rockchip-npu v0.7.0 (/home/asta/tgoskits/wt-feat-net-observe/drivers/npu/rockchip-npu)
   Compiling ax-driver v0.18.1 (/home/asta/tgoskits/wt-feat-net-observe/drivers/ax-driver)
   Compiling starry-kernel v0.12.1 (/home/asta/tgoskits/wt-feat-net-observe/os/StarryOS/kernel)
    Checking axplat-dyn v0.10.4 (/home/asta/tgoskits/wt-feat-net-observe/platforms/axplat-dyn)
    Checking ax-hal v0.8.4 (/home/asta/tgoskits/wt-feat-net-observe/os/arceos/modules/axhal)
    Checking ax-mm v0.8.4 (/home/asta/tgoskits/wt-feat-net-observe/os/arceos/modules/axmm)
    Checking ax-ipi v0.6.5 (/home/asta/tgoskits/wt-feat-net-observe/os/arceos/modules/axipi)
    Checking ax-net v0.13.6 (/home/asta/tgoskits/wt-feat-net-observe/net/ax-net)
    Checking ax-gpu v0.1.0 (/home/asta/tgoskits/wt-feat-net-observe/os/arceos/modules/axgpu)
    Checking ax-display v0.7.0 (/home/asta/tgoskits/wt-feat-net-observe/os/arceos/modules/axdisplay)
    Checking ax-runtime v0.13.5 (/home/asta/tgoskits/wt-feat-net-observe/os/arceos/modules/axruntime)
    Checking ax-api v0.8.6 (/home/asta/tgoskits/wt-feat-net-observe/os/arceos/api/arceos_api)
    Checking starry-signal v0.10.5 (/home/asta/tgoskits/wt-feat-net-observe/os/StarryOS/signal)
    Checking ax-posix-api v0.6.8 (/home/asta/tgoskits/wt-feat-net-observe/os/arceos/api/arceos_posix_api)
    Checking ax-std v0.7.5 (/home/asta/tgoskits/wt-feat-net-observe/os/arceos/ulib/axstd)
    Finished `dev` profile [unoptimized + debuginfo] target(s) in 8.09s
ok: starry-kernel (feature: rknpu, target: riscv64gc-unknown-none-elf)
[65/140] starry-kernel (feature: sg2002, target: riscv64gc-unknown-none-elf)
          cd /home/asta/tgoskits/wt-feat-net-observe && CARGO_UNSTABLE_JSON_TARGET_SPEC=true cargo clippy --no-deps -p starry-kernel --no-default-features --features sg2002 --target scripts/targets/bare/riscv64gc-unknown-none-elf.json -Z json-target-spec -Z build-std=core,alloc -- -D warnings
   Compiling starry-kernel v0.12.1 (/home/asta/tgoskits/wt-feat-net-observe/os/StarryOS/kernel)
    Checking ax-driver v0.18.1 (/home/asta/tgoskits/wt-feat-net-observe/drivers/ax-driver)
    Checking sg2002-tpu v0.4.1 (/home/asta/tgoskits/wt-feat-net-observe/drivers/tpu/sg2002-tpu)
    Checking axplat-dyn v0.10.4 (/home/asta/tgoskits/wt-feat-net-observe/platforms/axplat-dyn)
    Checking ax-hal v0.8.4 (/home/asta/tgoskits/wt-feat-net-observe/os/arceos/modules/axhal)
    Checking ax-mm v0.8.4 (/home/asta/tgoskits/wt-feat-net-observe/os/arceos/modules/axmm)
    Checking ax-ipi v0.6.5 (/home/asta/tgoskits/wt-feat-net-observe/os/arceos/modules/axipi)
    Checking ax-net v0.13.6 (/home/asta/tgoskits/wt-feat-net-observe/net/ax-net)
    Checking ax-gpu v0.1.0 (/home/asta/tgoskits/wt-feat-net-observe/os/arceos/modules/axgpu)
    Checking ax-display v0.7.0 (/home/asta/tgoskits/wt-feat-net-observe/os/arceos/modules/axdisplay)
    Checking ax-runtime v0.13.5 (/home/asta/tgoskits/wt-feat-net-observe/os/arceos/modules/axruntime)
    Checking ax-api v0.8.6 (/home/asta/tgoskits/wt-feat-net-observe/os/arceos/api/arceos_api)
    Checking starry-signal v0.10.5 (/home/asta/tgoskits/wt-feat-net-observe/os/StarryOS/signal)
    Checking ax-posix-api v0.6.8 (/home/asta/tgoskits/wt-feat-net-observe/os/arceos/api/arceos_posix_api)
    Checking ax-std v0.7.5 (/home/asta/tgoskits/wt-feat-net-observe/os/arceos/ulib/axstd)
warning: unused dependency `sg200x-bsp`
   --> os/StarryOS/kernel/Cargo.toml:166:1
    |
166 | sg200x-bsp = { workspace = true, optional = true, features = ["c906", "cv182x-host"] }
    | ^^^^^^^^^^^^^^^^^^^^^^^^^^^^^^^^^^^^^^^^^^^^^^^^^^^^^^^^^^^^^^^^^^^^^^^^^^^^^^^^^^^^^^
    |
    = note: `cargo::unused_dependencies` is set to `warn` by default
help: consider removing the dependency on `sg200x-bsp`
warning: `starry-kernel` (manifest) generated 1 warning
    Finished `dev` profile [unoptimized + debuginfo] target(s) in 7.93s
ok: starry-kernel (feature: sg2002, target: riscv64gc-unknown-none-elf)
[66/140] starry-kernel (feature: sg2002-cvi-usb-camera, target: riscv64gc-unknown-none-elf)
          cd /home/asta/tgoskits/wt-feat-net-observe && CARGO_UNSTABLE_JSON_TARGET_SPEC=true cargo clippy --no-deps -p starry-kernel --no-default-features --features sg2002-cvi-usb-camera --target scripts/targets/bare/riscv64gc-unknown-none-elf.json -Z json-target-spec -Z build-std=core,alloc -- -D warnings
    Checking sg200x-jpu v0.1.6 (/home/asta/tgoskits/wt-feat-net-observe/drivers/vpu/sg200x-jpu)
   Compiling starry-kernel v0.12.1 (/home/asta/tgoskits/wt-feat-net-observe/os/StarryOS/kernel)
    Finished `dev` profile [unoptimized + debuginfo] target(s) in 6.03s
ok: starry-kernel (feature: sg2002-cvi-usb-camera, target: riscv64gc-unknown-none-elf)
[67/140] starry-kernel (feature: stack-guard-page, target: riscv64gc-unknown-none-elf)
          cd /home/asta/tgoskits/wt-feat-net-observe && CARGO_UNSTABLE_JSON_TARGET_SPEC=true cargo clippy --no-deps -p starry-kernel --no-default-features --features stack-guard-page --target scripts/targets/bare/riscv64gc-unknown-none-elf.json -Z json-target-spec -Z build-std=core,alloc -- -D warnings
   Compiling ax-runtime v0.13.5 (/home/asta/tgoskits/wt-feat-net-observe/os/arceos/modules/axruntime)
   Compiling starry-kernel v0.12.1 (/home/asta/tgoskits/wt-feat-net-observe/os/StarryOS/kernel)
    Checking ax-api v0.8.6 (/home/asta/tgoskits/wt-feat-net-observe/os/arceos/api/arceos_api)
    Checking starry-signal v0.10.5 (/home/asta/tgoskits/wt-feat-net-observe/os/StarryOS/signal)
    Checking ax-posix-api v0.6.8 (/home/asta/tgoskits/wt-feat-net-observe/os/arceos/api/arceos_posix_api)
    Checking ax-std v0.7.5 (/home/asta/tgoskits/wt-feat-net-observe/os/arceos/ulib/axstd)
    Finished `dev` profile [unoptimized + debuginfo] target(s) in 16.76s
ok: starry-kernel (feature: stack-guard-page, target: riscv64gc-unknown-none-elf)
[68/140] starry-kernel (feature: stack-protector, target: riscv64gc-unknown-none-elf)
          cd /home/asta/tgoskits/wt-feat-net-observe && CARGO_UNSTABLE_JSON_TARGET_SPEC=true cargo clippy --no-deps -p starry-kernel --no-default-features --features stack-protector --target scripts/targets/bare/riscv64gc-unknown-none-elf.json -Z json-target-spec -Z build-std=core,alloc -- -D warnings
   Compiling ax-runtime v0.13.5 (/home/asta/tgoskits/wt-feat-net-observe/os/arceos/modules/axruntime)
   Compiling starry-kernel v0.12.1 (/home/asta/tgoskits/wt-feat-net-observe/os/StarryOS/kernel)
    Checking ax-api v0.8.6 (/home/asta/tgoskits/wt-feat-net-observe/os/arceos/api/arceos_api)
    Checking starry-signal v0.10.5 (/home/asta/tgoskits/wt-feat-net-observe/os/StarryOS/signal)
    Checking ax-posix-api v0.6.8 (/home/asta/tgoskits/wt-feat-net-observe/os/arceos/api/arceos_posix_api)
    Checking ax-std v0.7.5 (/home/asta/tgoskits/wt-feat-net-observe/os/arceos/ulib/axstd)
    Finished `dev` profile [unoptimized + debuginfo] target(s) in 7.07s
ok: starry-kernel (feature: stack-protector, target: riscv64gc-unknown-none-elf)
[69/140] starry-kernel (feature: uaccess-lock-regression, target: riscv64gc-unknown-none-elf)
          cd /home/asta/tgoskits/wt-feat-net-observe && CARGO_UNSTABLE_JSON_TARGET_SPEC=true cargo clippy --no-deps -p starry-kernel --no-default-features --features uaccess-lock-regression --target scripts/targets/bare/riscv64gc-unknown-none-elf.json -Z json-target-spec -Z build-std=core,alloc -- -D warnings
   Compiling starry-kernel v0.12.1 (/home/asta/tgoskits/wt-feat-net-observe/os/StarryOS/kernel)
    Finished `dev` profile [unoptimized + debuginfo] target(s) in 6.16s
ok: starry-kernel (feature: uaccess-lock-regression, target: riscv64gc-unknown-none-elf)
[70/140] starry-kernel (feature: uvc, target: riscv64gc-unknown-none-elf)
          cd /home/asta/tgoskits/wt-feat-net-observe && CARGO_UNSTABLE_JSON_TARGET_SPEC=true cargo clippy --no-deps -p starry-kernel --no-default-features --features uvc --target scripts/targets/bare/riscv64gc-unknown-none-elf.json -Z json-target-spec -Z build-std=core,alloc -- -D warnings
    Checking ax-media v0.1.0 (/home/asta/tgoskits/wt-feat-net-observe/drivers/media/ax-media)
   Compiling starry-kernel v0.12.1 (/home/asta/tgoskits/wt-feat-net-observe/os/StarryOS/kernel)
    Checking media-uvc v0.1.0 (/home/asta/tgoskits/wt-feat-net-observe/drivers/media/uvc)
    Finished `dev` profile [unoptimized + debuginfo] target(s) in 6.67s
ok: starry-kernel (feature: uvc, target: riscv64gc-unknown-none-elf)
[71/140] starry-kernel (base, target: x86_64-unknown-none)
          cd /home/asta/tgoskits/wt-feat-net-observe && CARGO_UNSTABLE_JSON_TARGET_SPEC=true cargo clippy --no-deps -p starry-kernel --target scripts/targets/bare/x86_64-unknown-none.json -Z json-target-spec -Z build-std=core,alloc -- -D warnings
   Compiling cpu-local v0.4.3 (/home/asta/tgoskits/wt-feat-net-observe/components/cpu-local)
   Compiling ax-percpu v0.4.24 (/home/asta/tgoskits/wt-feat-net-observe/components/percpu/percpu)
   Compiling ax-alloc v0.9.2 (/home/asta/tgoskits/wt-feat-net-observe/memory/ax-alloc)
   Compiling rockchip-soc v0.4.8 (/home/asta/tgoskits/wt-feat-net-observe/drivers/soc/rockchip/rockchip-soc)
   Compiling crab-usb v0.12.1 (/home/asta/tgoskits/wt-feat-net-observe/drivers/usb/usb-host)
   Compiling somehal v0.11.3 (/home/asta/tgoskits/wt-feat-net-observe/platforms/somehal)
   Compiling ax-driver v0.18.1 (/home/asta/tgoskits/wt-feat-net-observe/drivers/ax-driver)
   Compiling axplat-dyn v0.10.4 (/home/asta/tgoskits/wt-feat-net-observe/platforms/axplat-dyn)
    Checking ax-sync v0.6.0 (/home/asta/tgoskits/wt-feat-net-observe/os/arceos/modules/axsync)
    Checking trait-ffi v0.3.1 (/home/asta/tgoskits/wt-feat-net-observe/components/trait-ffi/trait-ffi)
   Compiling someboot v0.7.2 (/home/asta/tgoskits/wt-feat-net-observe/platforms/someboot)
   Compiling scope-local v0.6.5 (/home/asta/tgoskits/wt-feat-net-observe/components/scope-local)
    Checking ax-ctor-bare v0.4.10 (/home/asta/tgoskits/wt-feat-net-observe/components/ctor_bare/ctor_bare)
   Compiling ax-runtime v0.13.5 (/home/asta/tgoskits/wt-feat-net-observe/os/arceos/modules/axruntime)
    Checking ax-log v0.6.1 (/home/asta/tgoskits/wt-feat-net-observe/os/arceos/modules/axlog)
   Compiling ax-posix-api v0.6.8 (/home/asta/tgoskits/wt-feat-net-observe/os/arceos/api/arceos_posix_api)
    Checking ax-cpu v0.10.3 (/home/asta/tgoskits/wt-feat-net-observe/components/axcpu)
    Checking dma-api v0.10.2 (/home/asta/tgoskits/wt-feat-net-observe/memory/dma-api)
    Checking buddy-slab-allocator v0.6.1 (/home/asta/tgoskits/wt-feat-net-observe/memory/buddy-slab-allocator)
    Checking ax-task v0.8.4 (/home/asta/tgoskits/wt-feat-net-observe/components/ax-task)
    Checking axfs-ng-vfs v0.8.1 (/home/asta/tgoskits/wt-feat-net-observe/fs/axfs-ng-vfs)
    Checking axpoll-set v0.1.1 (/home/asta/tgoskits/wt-feat-net-observe/components/axpoll-set)
   Compiling starry-signal v0.10.5 (/home/asta/tgoskits/wt-feat-net-observe/os/StarryOS/signal)
    Checking rdrive v0.25.0 (/home/asta/tgoskits/wt-feat-net-observe/drivers/rdrive)
   Compiling ax-tracepoint v0.6.1 (/home/asta/tgoskits/wt-feat-net-observe/components/ax-tracepoint)
    Checking ax-cgroup v0.3.0 (/home/asta/tgoskits/wt-feat-net-observe/components/ax-cgroup)
   Compiling starry-kernel v0.12.1 (/home/asta/tgoskits/wt-feat-net-observe/os/StarryOS/kernel)
    Checking rdif-eth v0.6.0 (/home/asta/tgoskits/wt-feat-net-observe/drivers/interface/rdif-eth)
    Checking rdif-block v0.13.2 (/home/asta/tgoskits/wt-feat-net-observe/drivers/interface/rdif-block)
    Checking rdif-gpu v0.1.0 (/home/asta/tgoskits/wt-feat-net-observe/drivers/interface/rdif-gpu)
    Checking rd-net v0.3.3 (/home/asta/tgoskits/wt-feat-net-observe/drivers/net/rd-net)
    Checking rdif-display v0.5.0 (/home/asta/tgoskits/wt-feat-net-observe/drivers/interface/rdif-display)
    Checking ax-plat v0.15.0 (/home/asta/tgoskits/wt-feat-net-observe/platforms/ax-plat)
    Checking ax-fs-ng v0.11.2 (/home/asta/tgoskits/wt-feat-net-observe/fs/ax-fs-ng)
    Checking axklib v0.9.1 (/home/asta/tgoskits/wt-feat-net-observe/components/axklib)
    Checking ax-input v0.7.0 (/home/asta/tgoskits/wt-feat-net-observe/os/arceos/modules/axinput)
    Checking ax-hal v0.8.4 (/home/asta/tgoskits/wt-feat-net-observe/os/arceos/modules/axhal)
    Checking ax-net v0.13.6 (/home/asta/tgoskits/wt-feat-net-observe/net/ax-net)
    Checking ax-mm v0.8.4 (/home/asta/tgoskits/wt-feat-net-observe/os/arceos/modules/axmm)
    Checking ax-ipi v0.6.5 (/home/asta/tgoskits/wt-feat-net-observe/os/arceos/modules/axipi)
    Checking ax-gpu v0.1.0 (/home/asta/tgoskits/wt-feat-net-observe/os/arceos/modules/axgpu)
    Checking ax-display v0.7.0 (/home/asta/tgoskits/wt-feat-net-observe/os/arceos/modules/axdisplay)
    Checking ax-api v0.8.6 (/home/asta/tgoskits/wt-feat-net-observe/os/arceos/api/arceos_api)
    Checking ax-std v0.7.5 (/home/asta/tgoskits/wt-feat-net-observe/os/arceos/ulib/axstd)
    Finished `dev` profile [unoptimized + debuginfo] target(s) in 9.32s
warning: the following packages contain code that will be rejected by a future version of Rust: bitmaps v3.2.1, chacha20 v0.10.2, core v0.0.0 (/opt/rustup/toolchains/nightly-2026-09-04-x86_64-unknown-linux-gnu/lib/rustlib/src/rust/library/core), memchr v2.8.3
note: to see what the problems were, use the option `--future-incompat-report`, or run `cargo report future-incompatibilities --id 1`
ok: starry-kernel (base, target: x86_64-unknown-none)
[72/140] starry-kernel (feature: axtest, target: x86_64-unknown-none)
          cd /home/asta/tgoskits/wt-feat-net-observe && CARGO_UNSTABLE_JSON_TARGET_SPEC=true cargo clippy --no-deps -p starry-kernel --no-default-features --features axtest --target scripts/targets/bare/x86_64-unknown-none.json -Z json-target-spec -Z build-std=core,alloc -- -D warnings
    Checking ax-task v0.8.4 (/home/asta/tgoskits/wt-feat-net-observe/components/ax-task)
   Compiling ax-runtime v0.13.5 (/home/asta/tgoskits/wt-feat-net-observe/os/arceos/modules/axruntime)
    Checking axtest v0.5.16 (/home/asta/tgoskits/wt-feat-net-observe/components/axtest/axtest)
   Compiling starry-kernel v0.12.1 (/home/asta/tgoskits/wt-feat-net-observe/os/StarryOS/kernel)
    Checking ax-net v0.13.6 (/home/asta/tgoskits/wt-feat-net-observe/net/ax-net)
    Checking ax-input v0.7.0 (/home/asta/tgoskits/wt-feat-net-observe/os/arceos/modules/axinput)
    Checking ax-gpu v0.1.0 (/home/asta/tgoskits/wt-feat-net-observe/os/arceos/modules/axgpu)
    Checking ax-display v0.7.0 (/home/asta/tgoskits/wt-feat-net-observe/os/arceos/modules/axdisplay)
    Checking ax-api v0.8.6 (/home/asta/tgoskits/wt-feat-net-observe/os/arceos/api/arceos_api)
    Checking starry-signal v0.10.5 (/home/asta/tgoskits/wt-feat-net-observe/os/StarryOS/signal)
    Checking ax-posix-api v0.6.8 (/home/asta/tgoskits/wt-feat-net-observe/os/arceos/api/arceos_posix_api)
    Checking ax-std v0.7.5 (/home/asta/tgoskits/wt-feat-net-observe/os/arceos/ulib/axstd)
warning: unused dependency `axtest`
  --> os/StarryOS/kernel/Cargo.toml:61:1
   |
61 | axtest = { workspace = true, optional = true }
   | ^^^^^^^^^^^^^^^^^^^^^^^^^^^^^^^^^^^^^^^^^^^^^^
   |
   = note: `cargo::unused_dependencies` is set to `warn` by default
help: consider removing the dependency on `axtest`
warning: `starry-kernel` (manifest) generated 1 warning
    Finished `dev` profile [unoptimized + debuginfo] target(s) in 8.40s
warning: the following packages contain code that will be rejected by a future version of Rust: bitmaps v3.2.1, chacha20 v0.10.2, core v0.0.0 (/opt/rustup/toolchains/nightly-2026-09-04-x86_64-unknown-linux-gnu/lib/rustlib/src/rust/library/core), memchr v2.8.3
note: to see what the problems were, use the option `--future-incompat-report`, or run `cargo report future-incompatibilities --id 1`
ok: starry-kernel (feature: axtest, target: x86_64-unknown-none)
[73/140] starry-kernel (feature: axtest-coverage, target: x86_64-unknown-none)
          cd /home/asta/tgoskits/wt-feat-net-observe && CARGO_UNSTABLE_JSON_TARGET_SPEC=true cargo clippy --no-deps -p starry-kernel --no-default-features --features axtest-coverage --target scripts/targets/bare/x86_64-unknown-none.json -Z json-target-spec -Z build-std=core,alloc -- -D warnings
    Checking axtest v0.5.16 (/home/asta/tgoskits/wt-feat-net-observe/components/axtest/axtest)
   Compiling starry-kernel v0.12.1 (/home/asta/tgoskits/wt-feat-net-observe/os/StarryOS/kernel)
warning: unused dependency `axtest`
  --> os/StarryOS/kernel/Cargo.toml:61:1
   |
61 | axtest = { workspace = true, optional = true }
   | ^^^^^^^^^^^^^^^^^^^^^^^^^^^^^^^^^^^^^^^^^^^^^^
   |
   = note: `cargo::unused_dependencies` is set to `warn` by default
help: consider removing the dependency on `axtest`
warning: `starry-kernel` (manifest) generated 1 warning
    Finished `dev` profile [unoptimized + debuginfo] target(s) in 6.05s
warning: the following packages contain code that will be rejected by a future version of Rust: bitmaps v3.2.1, chacha20 v0.10.2, core v0.0.0 (/opt/rustup/toolchains/nightly-2026-09-04-x86_64-unknown-linux-gnu/lib/rustlib/src/rust/library/core), memchr v2.8.3
note: to see what the problems were, use the option `--future-incompat-report`, or run `cargo report future-incompatibilities --id 1`
ok: starry-kernel (feature: axtest-coverage, target: x86_64-unknown-none)
[74/140] starry-kernel (feature: dev-log, target: x86_64-unknown-none)
          cd /home/asta/tgoskits/wt-feat-net-observe && CARGO_UNSTABLE_JSON_TARGET_SPEC=true cargo clippy --no-deps -p starry-kernel --no-default-features --features dev-log --target scripts/targets/bare/x86_64-unknown-none.json -Z json-target-spec -Z build-std=core,alloc -- -D warnings
   Compiling starry-kernel v0.12.1 (/home/asta/tgoskits/wt-feat-net-observe/os/StarryOS/kernel)
    Finished `dev` profile [unoptimized + debuginfo] target(s) in 6.12s
warning: the following packages contain code that will be rejected by a future version of Rust: bitmaps v3.2.1, chacha20 v0.10.2, core v0.0.0 (/opt/rustup/toolchains/nightly-2026-09-04-x86_64-unknown-linux-gnu/lib/rustlib/src/rust/library/core), memchr v2.8.3
note: to see what the problems were, use the option `--future-incompat-report`, or run `cargo report future-incompatibilities --id 1`
ok: starry-kernel (feature: dev-log, target: x86_64-unknown-none)
[75/140] starry-kernel (feature: dynamic_debug, target: x86_64-unknown-none)
          cd /home/asta/tgoskits/wt-feat-net-observe && CARGO_UNSTABLE_JSON_TARGET_SPEC=true cargo clippy --no-deps -p starry-kernel --no-default-features --features dynamic_debug --target scripts/targets/bare/x86_64-unknown-none.json -Z json-target-spec -Z build-std=core,alloc -- -D warnings
   Compiling starry-kernel v0.12.1 (/home/asta/tgoskits/wt-feat-net-observe/os/StarryOS/kernel)
    Finished `dev` profile [unoptimized + debuginfo] target(s) in 6.31s
warning: the following packages contain code that will be rejected by a future version of Rust: bitmaps v3.2.1, chacha20 v0.10.2, core v0.0.0 (/opt/rustup/toolchains/nightly-2026-09-04-x86_64-unknown-linux-gnu/lib/rustlib/src/rust/library/core), memchr v2.8.3
note: to see what the problems were, use the option `--future-incompat-report`, or run `cargo report future-incompatibilities --id 1`
ok: starry-kernel (feature: dynamic_debug, target: x86_64-unknown-none)
[76/140] starry-kernel (feature: ext4, target: x86_64-unknown-none)
          cd /home/asta/tgoskits/wt-feat-net-observe && CARGO_UNSTABLE_JSON_TARGET_SPEC=true cargo clippy --no-deps -p starry-kernel --no-default-features --features ext4 --target scripts/targets/bare/x86_64-unknown-none.json -Z json-target-spec -Z build-std=core,alloc -- -D warnings
   Compiling starry-kernel v0.12.1 (/home/asta/tgoskits/wt-feat-net-observe/os/StarryOS/kernel)
    Finished `dev` profile [unoptimized + debuginfo] target(s) in 6.12s
warning: the following packages contain code that will be rejected by a future version of Rust: bitmaps v3.2.1, chacha20 v0.10.2, core v0.0.0 (/opt/rustup/toolchains/nightly-2026-09-04-x86_64-unknown-linux-gnu/lib/rustlib/src/rust/library/core), memchr v2.8.3
note: to see what the problems were, use the option `--future-incompat-report`, or run `cargo report future-incompatibilities --id 1`
ok: starry-kernel (feature: ext4, target: x86_64-unknown-none)
[77/140] starry-kernel (feature: fat, target: x86_64-unknown-none)
          cd /home/asta/tgoskits/wt-feat-net-observe && CARGO_UNSTABLE_JSON_TARGET_SPEC=true cargo clippy --no-deps -p starry-kernel --no-default-features --features fat --target scripts/targets/bare/x86_64-unknown-none.json -Z json-target-spec -Z build-std=core,alloc -- -D warnings
   Compiling starry-kernel v0.12.1 (/home/asta/tgoskits/wt-feat-net-observe/os/StarryOS/kernel)
    Checking ax-fs-ng v0.11.2 (/home/asta/tgoskits/wt-feat-net-observe/fs/ax-fs-ng)
    Checking ax-runtime v0.13.5 (/home/asta/tgoskits/wt-feat-net-observe/os/arceos/modules/axruntime)
    Checking ax-api v0.8.6 (/home/asta/tgoskits/wt-feat-net-observe/os/arceos/api/arceos_api)
    Checking starry-signal v0.10.5 (/home/asta/tgoskits/wt-feat-net-observe/os/StarryOS/signal)
    Checking ax-posix-api v0.6.8 (/home/asta/tgoskits/wt-feat-net-observe/os/arceos/api/arceos_posix_api)
    Checking ax-std v0.7.5 (/home/asta/tgoskits/wt-feat-net-observe/os/arceos/ulib/axstd)
    Finished `dev` profile [unoptimized + debuginfo] target(s) in 7.15s
warning: the following packages contain code that will be rejected by a future version of Rust: bitmaps v3.2.1, chacha20 v0.10.2, core v0.0.0 (/opt/rustup/toolchains/nightly-2026-09-04-x86_64-unknown-linux-gnu/lib/rustlib/src/rust/library/core), memchr v2.8.3
note: to see what the problems were, use the option `--future-incompat-report`, or run `cargo report future-incompatibilities --id 1`
ok: starry-kernel (feature: fat, target: x86_64-unknown-none)
[78/140] starry-kernel (feature: jpeg, target: x86_64-unknown-none)
          cd /home/asta/tgoskits/wt-feat-net-observe && CARGO_UNSTABLE_JSON_TARGET_SPEC=true cargo clippy --no-deps -p starry-kernel --no-default-features --features jpeg --target scripts/targets/bare/x86_64-unknown-none.json -Z json-target-spec -Z build-std=core,alloc -- -D warnings
   Compiling rockchip-pm v0.4.10 (/home/asta/tgoskits/wt-feat-net-observe/drivers/soc/rockchip/rockchip-pm)
   Compiling ax-driver v0.18.1 (/home/asta/tgoskits/wt-feat-net-observe/drivers/ax-driver)
    Checking rockchip-jpeg v0.2.0 (/home/asta/tgoskits/wt-feat-net-observe/drivers/vpu/rockchip-jpeg)
   Compiling starry-kernel v0.12.1 (/home/asta/tgoskits/wt-feat-net-observe/os/StarryOS/kernel)
    Checking axplat-dyn v0.10.4 (/home/asta/tgoskits/wt-feat-net-observe/platforms/axplat-dyn)
    Checking ax-hal v0.8.4 (/home/asta/tgoskits/wt-feat-net-observe/os/arceos/modules/axhal)
    Checking ax-ipi v0.6.5 (/home/asta/tgoskits/wt-feat-net-observe/os/arceos/modules/axipi)
    Checking ax-net v0.13.6 (/home/asta/tgoskits/wt-feat-net-observe/net/ax-net)
    Checking ax-mm v0.8.4 (/home/asta/tgoskits/wt-feat-net-observe/os/arceos/modules/axmm)
    Checking ax-gpu v0.1.0 (/home/asta/tgoskits/wt-feat-net-observe/os/arceos/modules/axgpu)
    Checking ax-display v0.7.0 (/home/asta/tgoskits/wt-feat-net-observe/os/arceos/modules/axdisplay)
    Checking ax-runtime v0.13.5 (/home/asta/tgoskits/wt-feat-net-observe/os/arceos/modules/axruntime)
    Checking ax-api v0.8.6 (/home/asta/tgoskits/wt-feat-net-observe/os/arceos/api/arceos_api)
    Checking starry-signal v0.10.5 (/home/asta/tgoskits/wt-feat-net-observe/os/StarryOS/signal)
    Checking ax-posix-api v0.6.8 (/home/asta/tgoskits/wt-feat-net-observe/os/arceos/api/arceos_posix_api)
    Checking ax-std v0.7.5 (/home/asta/tgoskits/wt-feat-net-observe/os/arceos/ulib/axstd)
    Finished `dev` profile [unoptimized + debuginfo] target(s) in 8.21s
warning: the following packages contain code that will be rejected by a future version of Rust: bitmaps v3.2.1, chacha20 v0.10.2, core v0.0.0 (/opt/rustup/toolchains/nightly-2026-09-04-x86_64-unknown-linux-gnu/lib/rustlib/src/rust/library/core), memchr v2.8.3
note: to see what the problems were, use the option `--future-incompat-report`, or run `cargo report future-incompatibilities --id 1`
ok: starry-kernel (feature: jpeg, target: x86_64-unknown-none)
[79/140] starry-kernel (feature: k230-kpu, target: x86_64-unknown-none)
          cd /home/asta/tgoskits/wt-feat-net-observe && CARGO_UNSTABLE_JSON_TARGET_SPEC=true cargo clippy --no-deps -p starry-kernel --no-default-features --features k230-kpu --target scripts/targets/bare/x86_64-unknown-none.json -Z json-target-spec -Z build-std=core,alloc -- -D warnings
    Checking ax-cpu v0.10.3 (/home/asta/tgoskits/wt-feat-net-observe/components/axcpu)
   Compiling starry-kernel v0.12.1 (/home/asta/tgoskits/wt-feat-net-observe/os/StarryOS/kernel)
    Checking cpu-local v0.4.3 (/home/asta/tgoskits/wt-feat-net-observe/components/cpu-local)
    Checking someboot v0.7.2 (/home/asta/tgoskits/wt-feat-net-observe/platforms/someboot)
    Checking ax-percpu v0.4.24 (/home/asta/tgoskits/wt-feat-net-observe/components/percpu/percpu)
    Checking ax-plat v0.15.0 (/home/asta/tgoskits/wt-feat-net-observe/platforms/ax-plat)
    Checking scope-local v0.6.5 (/home/asta/tgoskits/wt-feat-net-observe/components/scope-local)
    Checking somehal v0.11.3 (/home/asta/tgoskits/wt-feat-net-observe/platforms/somehal)
    Checking ax-fs-ng v0.11.2 (/home/asta/tgoskits/wt-feat-net-observe/fs/ax-fs-ng)
    Checking ax-alloc v0.9.2 (/home/asta/tgoskits/wt-feat-net-observe/memory/ax-alloc)
    Checking axklib v0.9.1 (/home/asta/tgoskits/wt-feat-net-observe/components/axklib)
    Checking ax-driver v0.18.1 (/home/asta/tgoskits/wt-feat-net-observe/drivers/ax-driver)
    Checking axplat-dyn v0.10.4 (/home/asta/tgoskits/wt-feat-net-observe/platforms/axplat-dyn)
    Checking ax-hal v0.8.4 (/home/asta/tgoskits/wt-feat-net-observe/os/arceos/modules/axhal)
    Checking ax-ipi v0.6.5 (/home/asta/tgoskits/wt-feat-net-observe/os/arceos/modules/axipi)
    Checking ax-net v0.13.6 (/home/asta/tgoskits/wt-feat-net-observe/net/ax-net)
    Checking ax-mm v0.8.4 (/home/asta/tgoskits/wt-feat-net-observe/os/arceos/modules/axmm)
    Checking ax-gpu v0.1.0 (/home/asta/tgoskits/wt-feat-net-observe/os/arceos/modules/axgpu)
    Checking ax-display v0.7.0 (/home/asta/tgoskits/wt-feat-net-observe/os/arceos/modules/axdisplay)
    Checking ax-runtime v0.13.5 (/home/asta/tgoskits/wt-feat-net-observe/os/arceos/modules/axruntime)
    Checking ax-api v0.8.6 (/home/asta/tgoskits/wt-feat-net-observe/os/arceos/api/arceos_api)
    Checking starry-signal v0.10.5 (/home/asta/tgoskits/wt-feat-net-observe/os/StarryOS/signal)
    Checking ax-posix-api v0.6.8 (/home/asta/tgoskits/wt-feat-net-observe/os/arceos/api/arceos_posix_api)
    Checking ax-std v0.7.5 (/home/asta/tgoskits/wt-feat-net-observe/os/arceos/ulib/axstd)
    Finished `dev` profile [unoptimized + debuginfo] target(s) in 8.50s
warning: the following packages contain code that will be rejected by a future version of Rust: bitmaps v3.2.1, chacha20 v0.10.2, core v0.0.0 (/opt/rustup/toolchains/nightly-2026-09-04-x86_64-unknown-linux-gnu/lib/rustlib/src/rust/library/core), memchr v2.8.3
note: to see what the problems were, use the option `--future-incompat-report`, or run `cargo report future-incompatibilities --id 1`
ok: starry-kernel (feature: k230-kpu, target: x86_64-unknown-none)
[80/140] starry-kernel (feature: memtrack, target: x86_64-unknown-none)
          cd /home/asta/tgoskits/wt-feat-net-observe && CARGO_UNSTABLE_JSON_TARGET_SPEC=true cargo clippy --no-deps -p starry-kernel --no-default-features --features memtrack --target scripts/targets/bare/x86_64-unknown-none.json -Z json-target-spec -Z build-std=core,alloc -- -D warnings
   Compiling ax-alloc v0.9.2 (/home/asta/tgoskits/wt-feat-net-observe/memory/ax-alloc)
   Compiling starry-kernel v0.12.1 (/home/asta/tgoskits/wt-feat-net-observe/os/StarryOS/kernel)
    Checking axklib v0.9.1 (/home/asta/tgoskits/wt-feat-net-observe/components/axklib)
    Checking ax-driver v0.18.1 (/home/asta/tgoskits/wt-feat-net-observe/drivers/ax-driver)
    Checking axplat-dyn v0.10.4 (/home/asta/tgoskits/wt-feat-net-observe/platforms/axplat-dyn)
    Checking ax-hal v0.8.4 (/home/asta/tgoskits/wt-feat-net-observe/os/arceos/modules/axhal)
    Checking ax-ipi v0.6.5 (/home/asta/tgoskits/wt-feat-net-observe/os/arceos/modules/axipi)
    Checking ax-net v0.13.6 (/home/asta/tgoskits/wt-feat-net-observe/net/ax-net)
    Checking ax-mm v0.8.4 (/home/asta/tgoskits/wt-feat-net-observe/os/arceos/modules/axmm)
    Checking ax-gpu v0.1.0 (/home/asta/tgoskits/wt-feat-net-observe/os/arceos/modules/axgpu)
    Checking ax-display v0.7.0 (/home/asta/tgoskits/wt-feat-net-observe/os/arceos/modules/axdisplay)
    Checking ax-runtime v0.13.5 (/home/asta/tgoskits/wt-feat-net-observe/os/arceos/modules/axruntime)
    Checking ax-api v0.8.6 (/home/asta/tgoskits/wt-feat-net-observe/os/arceos/api/arceos_api)
    Checking starry-signal v0.10.5 (/home/asta/tgoskits/wt-feat-net-observe/os/StarryOS/signal)
    Checking ax-posix-api v0.6.8 (/home/asta/tgoskits/wt-feat-net-observe/os/arceos/api/arceos_posix_api)
    Checking ax-std v0.7.5 (/home/asta/tgoskits/wt-feat-net-observe/os/arceos/ulib/axstd)
    Finished `dev` profile [unoptimized + debuginfo] target(s) in 8.25s
warning: the following packages contain code that will be rejected by a future version of Rust: bitmaps v3.2.1, chacha20 v0.10.2, core v0.0.0 (/opt/rustup/toolchains/nightly-2026-09-04-x86_64-unknown-linux-gnu/lib/rustlib/src/rust/library/core), memchr v2.8.3
note: to see what the problems were, use the option `--future-incompat-report`, or run `cargo report future-incompatibilities --id 1`
ok: starry-kernel (feature: memtrack, target: x86_64-unknown-none)
[81/140] starry-kernel (feature: qperf-metrics, target: x86_64-unknown-none)
          cd /home/asta/tgoskits/wt-feat-net-observe && CARGO_UNSTABLE_JSON_TARGET_SPEC=true cargo clippy --no-deps -p starry-kernel --no-default-features --features qperf-metrics --target scripts/targets/bare/x86_64-unknown-none.json -Z json-target-spec -Z build-std=core,alloc -- -D warnings
    Checking ax-task v0.8.4 (/home/asta/tgoskits/wt-feat-net-observe/components/ax-task)
   Compiling ax-runtime v0.13.5 (/home/asta/tgoskits/wt-feat-net-observe/os/arceos/modules/axruntime)
   Compiling starry-kernel v0.12.1 (/home/asta/tgoskits/wt-feat-net-observe/os/StarryOS/kernel)
    Checking ax-input v0.7.0 (/home/asta/tgoskits/wt-feat-net-observe/os/arceos/modules/axinput)
    Checking ax-net v0.13.6 (/home/asta/tgoskits/wt-feat-net-observe/net/ax-net)
    Checking ax-gpu v0.1.0 (/home/asta/tgoskits/wt-feat-net-observe/os/arceos/modules/axgpu)
    Checking ax-display v0.7.0 (/home/asta/tgoskits/wt-feat-net-observe/os/arceos/modules/axdisplay)
    Checking ax-api v0.8.6 (/home/asta/tgoskits/wt-feat-net-observe/os/arceos/api/arceos_api)
    Checking starry-signal v0.10.5 (/home/asta/tgoskits/wt-feat-net-observe/os/StarryOS/signal)
    Checking ax-posix-api v0.6.8 (/home/asta/tgoskits/wt-feat-net-observe/os/arceos/api/arceos_posix_api)
    Checking ax-std v0.7.5 (/home/asta/tgoskits/wt-feat-net-observe/os/arceos/ulib/axstd)
    Finished `dev` profile [unoptimized + debuginfo] target(s) in 8.52s
warning: the following packages contain code that will be rejected by a future version of Rust: bitmaps v3.2.1, chacha20 v0.10.2, core v0.0.0 (/opt/rustup/toolchains/nightly-2026-09-04-x86_64-unknown-linux-gnu/lib/rustlib/src/rust/library/core), memchr v2.8.3
note: to see what the problems were, use the option `--future-incompat-report`, or run `cargo report future-incompatibilities --id 1`
ok: starry-kernel (feature: qperf-metrics, target: x86_64-unknown-none)
[82/140] starry-kernel (feature: rdif-pinctrl, target: x86_64-unknown-none)
          cd /home/asta/tgoskits/wt-feat-net-observe && CARGO_UNSTABLE_JSON_TARGET_SPEC=true cargo clippy --no-deps -p starry-kernel --no-default-features --features rdif-pinctrl --target scripts/targets/bare/x86_64-unknown-none.json -Z json-target-spec -Z build-std=core,alloc -- -D warnings
   Compiling starry-kernel v0.12.1 (/home/asta/tgoskits/wt-feat-net-observe/os/StarryOS/kernel)
    Finished `dev` profile [unoptimized + debuginfo] target(s) in 6.03s
warning: the following packages contain code that will be rejected by a future version of Rust: bitmaps v3.2.1, chacha20 v0.10.2, core v0.0.0 (/opt/rustup/toolchains/nightly-2026-09-04-x86_64-unknown-linux-gnu/lib/rustlib/src/rust/library/core), memchr v2.8.3
note: to see what the problems were, use the option `--future-incompat-report`, or run `cargo report future-incompatibilities --id 1`
ok: starry-kernel (feature: rdif-pinctrl, target: x86_64-unknown-none)
[83/140] starry-kernel (feature: rga, target: x86_64-unknown-none)
          cd /home/asta/tgoskits/wt-feat-net-observe && CARGO_UNSTABLE_JSON_TARGET_SPEC=true cargo clippy --no-deps -p starry-kernel --no-default-features --features rga --target scripts/targets/bare/x86_64-unknown-none.json -Z json-target-spec -Z build-std=core,alloc -- -D warnings
   Compiling ax-driver v0.18.1 (/home/asta/tgoskits/wt-feat-net-observe/drivers/ax-driver)
    Checking ax-cpu v0.10.3 (/home/asta/tgoskits/wt-feat-net-observe/components/axcpu)
    Checking rockchip-rga v0.3.0 (/home/asta/tgoskits/wt-feat-net-observe/drivers/gpu/rockchip-rga)
   Compiling starry-kernel v0.12.1 (/home/asta/tgoskits/wt-feat-net-observe/os/StarryOS/kernel)
    Checking cpu-local v0.4.3 (/home/asta/tgoskits/wt-feat-net-observe/components/cpu-local)
    Checking someboot v0.7.2 (/home/asta/tgoskits/wt-feat-net-observe/platforms/someboot)
    Checking ax-percpu v0.4.24 (/home/asta/tgoskits/wt-feat-net-observe/components/percpu/percpu)
    Checking ax-plat v0.15.0 (/home/asta/tgoskits/wt-feat-net-observe/platforms/ax-plat)
    Checking scope-local v0.6.5 (/home/asta/tgoskits/wt-feat-net-observe/components/scope-local)
    Checking somehal v0.11.3 (/home/asta/tgoskits/wt-feat-net-observe/platforms/somehal)
    Checking ax-fs-ng v0.11.2 (/home/asta/tgoskits/wt-feat-net-observe/fs/ax-fs-ng)
    Checking ax-alloc v0.9.2 (/home/asta/tgoskits/wt-feat-net-observe/memory/ax-alloc)
    Checking axklib v0.9.1 (/home/asta/tgoskits/wt-feat-net-observe/components/axklib)
    Checking axplat-dyn v0.10.4 (/home/asta/tgoskits/wt-feat-net-observe/platforms/axplat-dyn)
    Checking ax-hal v0.8.4 (/home/asta/tgoskits/wt-feat-net-observe/os/arceos/modules/axhal)
    Checking ax-ipi v0.6.5 (/home/asta/tgoskits/wt-feat-net-observe/os/arceos/modules/axipi)
    Checking ax-net v0.13.6 (/home/asta/tgoskits/wt-feat-net-observe/net/ax-net)
    Checking ax-mm v0.8.4 (/home/asta/tgoskits/wt-feat-net-observe/os/arceos/modules/axmm)
    Checking ax-gpu v0.1.0 (/home/asta/tgoskits/wt-feat-net-observe/os/arceos/modules/axgpu)
    Checking ax-display v0.7.0 (/home/asta/tgoskits/wt-feat-net-observe/os/arceos/modules/axdisplay)
    Checking ax-runtime v0.13.5 (/home/asta/tgoskits/wt-feat-net-observe/os/arceos/modules/axruntime)
    Checking ax-api v0.8.6 (/home/asta/tgoskits/wt-feat-net-observe/os/arceos/api/arceos_api)
    Checking starry-signal v0.10.5 (/home/asta/tgoskits/wt-feat-net-observe/os/StarryOS/signal)
    Checking ax-posix-api v0.6.8 (/home/asta/tgoskits/wt-feat-net-observe/os/arceos/api/arceos_posix_api)
    Checking ax-std v0.7.5 (/home/asta/tgoskits/wt-feat-net-observe/os/arceos/ulib/axstd)
    Finished `dev` profile [unoptimized + debuginfo] target(s) in 8.42s
warning: the following packages contain code that will be rejected by a future version of Rust: bitmaps v3.2.1, chacha20 v0.10.2, core v0.0.0 (/opt/rustup/toolchains/nightly-2026-09-04-x86_64-unknown-linux-gnu/lib/rustlib/src/rust/library/core), memchr v2.8.3
note: to see what the problems were, use the option `--future-incompat-report`, or run `cargo report future-incompatibilities --id 1`
ok: starry-kernel (feature: rga, target: x86_64-unknown-none)
[84/140] starry-kernel (feature: rknpu, target: x86_64-unknown-none)
          cd /home/asta/tgoskits/wt-feat-net-observe && CARGO_UNSTABLE_JSON_TARGET_SPEC=true cargo clippy --no-deps -p starry-kernel --no-default-features --features rknpu --target scripts/targets/bare/x86_64-unknown-none.json -Z json-target-spec -Z build-std=core,alloc -- -D warnings
   Compiling rockchip-npu v0.7.0 (/home/asta/tgoskits/wt-feat-net-observe/drivers/npu/rockchip-npu)
   Compiling ax-driver v0.18.1 (/home/asta/tgoskits/wt-feat-net-observe/drivers/ax-driver)
   Compiling starry-kernel v0.12.1 (/home/asta/tgoskits/wt-feat-net-observe/os/StarryOS/kernel)
    Checking axplat-dyn v0.10.4 (/home/asta/tgoskits/wt-feat-net-observe/platforms/axplat-dyn)
    Checking ax-hal v0.8.4 (/home/asta/tgoskits/wt-feat-net-observe/os/arceos/modules/axhal)
    Checking ax-ipi v0.6.5 (/home/asta/tgoskits/wt-feat-net-observe/os/arceos/modules/axipi)
    Checking ax-net v0.13.6 (/home/asta/tgoskits/wt-feat-net-observe/net/ax-net)
    Checking ax-mm v0.8.4 (/home/asta/tgoskits/wt-feat-net-observe/os/arceos/modules/axmm)
    Checking ax-gpu v0.1.0 (/home/asta/tgoskits/wt-feat-net-observe/os/arceos/modules/axgpu)
    Checking ax-display v0.7.0 (/home/asta/tgoskits/wt-feat-net-observe/os/arceos/modules/axdisplay)
    Checking ax-runtime v0.13.5 (/home/asta/tgoskits/wt-feat-net-observe/os/arceos/modules/axruntime)
    Checking ax-api v0.8.6 (/home/asta/tgoskits/wt-feat-net-observe/os/arceos/api/arceos_api)
    Checking starry-signal v0.10.5 (/home/asta/tgoskits/wt-feat-net-observe/os/StarryOS/signal)
    Checking ax-posix-api v0.6.8 (/home/asta/tgoskits/wt-feat-net-observe/os/arceos/api/arceos_posix_api)
    Checking ax-std v0.7.5 (/home/asta/tgoskits/wt-feat-net-observe/os/arceos/ulib/axstd)
    Finished `dev` profile [unoptimized + debuginfo] target(s) in 8.32s
warning: the following packages contain code that will be rejected by a future version of Rust: bitmaps v3.2.1, chacha20 v0.10.2, core v0.0.0 (/opt/rustup/toolchains/nightly-2026-09-04-x86_64-unknown-linux-gnu/lib/rustlib/src/rust/library/core), memchr v2.8.3
note: to see what the problems were, use the option `--future-incompat-report`, or run `cargo report future-incompatibilities --id 1`
ok: starry-kernel (feature: rknpu, target: x86_64-unknown-none)
[85/140] starry-kernel (feature: sg2002, target: x86_64-unknown-none)
          cd /home/asta/tgoskits/wt-feat-net-observe && CARGO_UNSTABLE_JSON_TARGET_SPEC=true cargo clippy --no-deps -p starry-kernel --no-default-features --features sg2002 --target scripts/targets/bare/x86_64-unknown-none.json -Z json-target-spec -Z build-std=core,alloc -- -D warnings
   Compiling starry-kernel v0.12.1 (/home/asta/tgoskits/wt-feat-net-observe/os/StarryOS/kernel)
    Checking ax-driver v0.18.1 (/home/asta/tgoskits/wt-feat-net-observe/drivers/ax-driver)
    Checking sg2002-tpu v0.4.1 (/home/asta/tgoskits/wt-feat-net-observe/drivers/tpu/sg2002-tpu)
    Checking axplat-dyn v0.10.4 (/home/asta/tgoskits/wt-feat-net-observe/platforms/axplat-dyn)
    Checking ax-hal v0.8.4 (/home/asta/tgoskits/wt-feat-net-observe/os/arceos/modules/axhal)
    Checking ax-ipi v0.6.5 (/home/asta/tgoskits/wt-feat-net-observe/os/arceos/modules/axipi)
    Checking ax-mm v0.8.4 (/home/asta/tgoskits/wt-feat-net-observe/os/arceos/modules/axmm)
    Checking ax-net v0.13.6 (/home/asta/tgoskits/wt-feat-net-observe/net/ax-net)
    Checking ax-gpu v0.1.0 (/home/asta/tgoskits/wt-feat-net-observe/os/arceos/modules/axgpu)
    Checking ax-display v0.7.0 (/home/asta/tgoskits/wt-feat-net-observe/os/arceos/modules/axdisplay)
    Checking ax-runtime v0.13.5 (/home/asta/tgoskits/wt-feat-net-observe/os/arceos/modules/axruntime)
    Checking ax-api v0.8.6 (/home/asta/tgoskits/wt-feat-net-observe/os/arceos/api/arceos_api)
    Checking starry-signal v0.10.5 (/home/asta/tgoskits/wt-feat-net-observe/os/StarryOS/signal)
    Checking ax-posix-api v0.6.8 (/home/asta/tgoskits/wt-feat-net-observe/os/arceos/api/arceos_posix_api)
    Checking ax-std v0.7.5 (/home/asta/tgoskits/wt-feat-net-observe/os/arceos/ulib/axstd)
warning: unused dependency `sg200x-bsp`
   --> os/StarryOS/kernel/Cargo.toml:166:1
    |
166 | sg200x-bsp = { workspace = true, optional = true, features = ["c906", "cv182x-host"] }
    | ^^^^^^^^^^^^^^^^^^^^^^^^^^^^^^^^^^^^^^^^^^^^^^^^^^^^^^^^^^^^^^^^^^^^^^^^^^^^^^^^^^^^^^
    |
    = note: `cargo::unused_dependencies` is set to `warn` by default
help: consider removing the dependency on `sg200x-bsp`
warning: `starry-kernel` (manifest) generated 1 warning
    Finished `dev` profile [unoptimized + debuginfo] target(s) in 8.08s
warning: the following packages contain code that will be rejected by a future version of Rust: bitmaps v3.2.1, chacha20 v0.10.2, core v0.0.0 (/opt/rustup/toolchains/nightly-2026-09-04-x86_64-unknown-linux-gnu/lib/rustlib/src/rust/library/core), memchr v2.8.3
note: to see what the problems were, use the option `--future-incompat-report`, or run `cargo report future-incompatibilities --id 1`
ok: starry-kernel (feature: sg2002, target: x86_64-unknown-none)
[86/140] starry-kernel (feature: sg2002-cvi-usb-camera, target: x86_64-unknown-none)
          cd /home/asta/tgoskits/wt-feat-net-observe && CARGO_UNSTABLE_JSON_TARGET_SPEC=true cargo clippy --no-deps -p starry-kernel --no-default-features --features sg2002-cvi-usb-camera --target scripts/targets/bare/x86_64-unknown-none.json -Z json-target-spec -Z build-std=core,alloc -- -D warnings
    Checking sg200x-jpu v0.1.6 (/home/asta/tgoskits/wt-feat-net-observe/drivers/vpu/sg200x-jpu)
   Compiling starry-kernel v0.12.1 (/home/asta/tgoskits/wt-feat-net-observe/os/StarryOS/kernel)
    Finished `dev` profile [unoptimized + debuginfo] target(s) in 6.32s
warning: the following packages contain code that will be rejected by a future version of Rust: bitmaps v3.2.1, chacha20 v0.10.2, core v0.0.0 (/opt/rustup/toolchains/nightly-2026-09-04-x86_64-unknown-linux-gnu/lib/rustlib/src/rust/library/core), memchr v2.8.3
note: to see what the problems were, use the option `--future-incompat-report`, or run `cargo report future-incompatibilities --id 1`
ok: starry-kernel (feature: sg2002-cvi-usb-camera, target: x86_64-unknown-none)
[87/140] starry-kernel (feature: stack-guard-page, target: x86_64-unknown-none)
          cd /home/asta/tgoskits/wt-feat-net-observe && CARGO_UNSTABLE_JSON_TARGET_SPEC=true cargo clippy --no-deps -p starry-kernel --no-default-features --features stack-guard-page --target scripts/targets/bare/x86_64-unknown-none.json -Z json-target-spec -Z build-std=core,alloc -- -D warnings
   Compiling ax-runtime v0.13.5 (/home/asta/tgoskits/wt-feat-net-observe/os/arceos/modules/axruntime)
   Compiling starry-kernel v0.12.1 (/home/asta/tgoskits/wt-feat-net-observe/os/StarryOS/kernel)
    Checking ax-api v0.8.6 (/home/asta/tgoskits/wt-feat-net-observe/os/arceos/api/arceos_api)
    Checking starry-signal v0.10.5 (/home/asta/tgoskits/wt-feat-net-observe/os/StarryOS/signal)
    Checking ax-posix-api v0.6.8 (/home/asta/tgoskits/wt-feat-net-observe/os/arceos/api/arceos_posix_api)
    Checking ax-std v0.7.5 (/home/asta/tgoskits/wt-feat-net-observe/os/arceos/ulib/axstd)
    Finished `dev` profile [unoptimized + debuginfo] target(s) in 6.99s
warning: the following packages contain code that will be rejected by a future version of Rust: bitmaps v3.2.1, chacha20 v0.10.2, core v0.0.0 (/opt/rustup/toolchains/nightly-2026-09-04-x86_64-unknown-linux-gnu/lib/rustlib/src/rust/library/core), memchr v2.8.3
note: to see what the problems were, use the option `--future-incompat-report`, or run `cargo report future-incompatibilities --id 1`
ok: starry-kernel (feature: stack-guard-page, target: x86_64-unknown-none)
[88/140] starry-kernel (feature: stack-protector, target: x86_64-unknown-none)
          cd /home/asta/tgoskits/wt-feat-net-observe && CARGO_UNSTABLE_JSON_TARGET_SPEC=true cargo clippy --no-deps -p starry-kernel --no-default-features --features stack-protector --target scripts/targets/bare/x86_64-unknown-none.json -Z json-target-spec -Z build-std=core,alloc -- -D warnings
   Compiling ax-runtime v0.13.5 (/home/asta/tgoskits/wt-feat-net-observe/os/arceos/modules/axruntime)
   Compiling starry-kernel v0.12.1 (/home/asta/tgoskits/wt-feat-net-observe/os/StarryOS/kernel)
    Checking ax-api v0.8.6 (/home/asta/tgoskits/wt-feat-net-observe/os/arceos/api/arceos_api)
    Checking starry-signal v0.10.5 (/home/asta/tgoskits/wt-feat-net-observe/os/StarryOS/signal)
    Checking ax-posix-api v0.6.8 (/home/asta/tgoskits/wt-feat-net-observe/os/arceos/api/arceos_posix_api)
    Checking ax-std v0.7.5 (/home/asta/tgoskits/wt-feat-net-observe/os/arceos/ulib/axstd)
    Finished `dev` profile [unoptimized + debuginfo] target(s) in 6.99s
warning: the following packages contain code that will be rejected by a future version of Rust: bitmaps v3.2.1, chacha20 v0.10.2, core v0.0.0 (/opt/rustup/toolchains/nightly-2026-09-04-x86_64-unknown-linux-gnu/lib/rustlib/src/rust/library/core), memchr v2.8.3
note: to see what the problems were, use the option `--future-incompat-report`, or run `cargo report future-incompatibilities --id 1`
ok: starry-kernel (feature: stack-protector, target: x86_64-unknown-none)
[89/140] starry-kernel (feature: uaccess-lock-regression, target: x86_64-unknown-none)
          cd /home/asta/tgoskits/wt-feat-net-observe && CARGO_UNSTABLE_JSON_TARGET_SPEC=true cargo clippy --no-deps -p starry-kernel --no-default-features --features uaccess-lock-regression --target scripts/targets/bare/x86_64-unknown-none.json -Z json-target-spec -Z build-std=core,alloc -- -D warnings
   Compiling starry-kernel v0.12.1 (/home/asta/tgoskits/wt-feat-net-observe/os/StarryOS/kernel)
    Finished `dev` profile [unoptimized + debuginfo] target(s) in 6.04s
warning: the following packages contain code that will be rejected by a future version of Rust: bitmaps v3.2.1, chacha20 v0.10.2, core v0.0.0 (/opt/rustup/toolchains/nightly-2026-09-04-x86_64-unknown-linux-gnu/lib/rustlib/src/rust/library/core), memchr v2.8.3
note: to see what the problems were, use the option `--future-incompat-report`, or run `cargo report future-incompatibilities --id 1`
ok: starry-kernel (feature: uaccess-lock-regression, target: x86_64-unknown-none)
[90/140] starry-kernel (feature: uvc, target: x86_64-unknown-none)
          cd /home/asta/tgoskits/wt-feat-net-observe && CARGO_UNSTABLE_JSON_TARGET_SPEC=true cargo clippy --no-deps -p starry-kernel --no-default-features --features uvc --target scripts/targets/bare/x86_64-unknown-none.json -Z json-target-spec -Z build-std=core,alloc -- -D warnings
    Checking ax-media v0.1.0 (/home/asta/tgoskits/wt-feat-net-observe/drivers/media/ax-media)
   Compiling starry-kernel v0.12.1 (/home/asta/tgoskits/wt-feat-net-observe/os/StarryOS/kernel)
    Checking media-uvc v0.1.0 (/home/asta/tgoskits/wt-feat-net-observe/drivers/media/uvc)
    Finished `dev` profile [unoptimized + debuginfo] target(s) in 6.67s
warning: the following packages contain code that will be rejected by a future version of Rust: bitmaps v3.2.1, chacha20 v0.10.2, core v0.0.0 (/opt/rustup/toolchains/nightly-2026-09-04-x86_64-unknown-linux-gnu/lib/rustlib/src/rust/library/core), memchr v2.8.3
note: to see what the problems were, use the option `--future-incompat-report`, or run `cargo report future-incompatibilities --id 1`
ok: starry-kernel (feature: uvc, target: x86_64-unknown-none)
[91/140] ax-std (base)
          cd /home/asta/tgoskits/wt-feat-net-observe && cargo clippy --no-deps -p ax-std -- -D warnings
warning: unused dependency `ax-posix-api`
   --> os/arceos/ulib/axstd/Cargo.toml:135:1
    |
135 | ax-posix-api.workspace = true
    | ^^^^^^^^^^^^
    |
    = note: `cargo::unused_dependencies` is set to `warn` by default
help: consider removing the dependency on `ax-posix-api`
warning: `ax-std` (manifest) generated 1 warning
    Finished `dev` profile [unoptimized + debuginfo] target(s) in 0.24s
ok: ax-std (base)
[92/140] ax-std (feature: alloc)
          cd /home/asta/tgoskits/wt-feat-net-observe && cargo clippy --no-deps -p ax-std --no-default-features --features alloc -- -D warnings
warning: unused dependency `ax-posix-api`
   --> os/arceos/ulib/axstd/Cargo.toml:135:1
    |
135 | ax-posix-api.workspace = true
    | ^^^^^^^^^^^^
    |
    = note: `cargo::unused_dependencies` is set to `warn` by default
help: consider removing the dependency on `ax-posix-api`
warning: `ax-std` (manifest) generated 1 warning
    Finished `dev` profile [unoptimized + debuginfo] target(s) in 0.17s
ok: ax-std (feature: alloc)
[93/140] ax-std (feature: arceos)
          cd /home/asta/tgoskits/wt-feat-net-observe && cargo clippy --no-deps -p ax-std --no-default-features --features arceos -- -D warnings
    Finished `dev` profile [unoptimized + debuginfo] target(s) in 0.17s
ok: ax-std (feature: arceos)
[94/140] ax-std (feature: backtrace)
          cd /home/asta/tgoskits/wt-feat-net-observe && cargo clippy --no-deps -p ax-std --no-default-features --features backtrace -- -D warnings
warning: unused dependency `ax-posix-api`
   --> os/arceos/ulib/axstd/Cargo.toml:135:1
    |
135 | ax-posix-api.workspace = true
    | ^^^^^^^^^^^^
    |
    = note: `cargo::unused_dependencies` is set to `warn` by default
help: consider removing the dependency on `ax-posix-api`
warning: `ax-std` (manifest) generated 1 warning
    Finished `dev` profile [unoptimized + debuginfo] target(s) in 0.15s
ok: ax-std (feature: backtrace)
[95/140] ax-std (feature: default)
          cd /home/asta/tgoskits/wt-feat-net-observe && AX_TARGET=x86_64-unknown-none cargo clippy --no-deps -p ax-std --no-default-features --features std-compat,fs,net -- -D warnings
    Checking ax-net v0.13.6 (/home/asta/tgoskits/wt-feat-net-observe/net/ax-net)
    Checking ax-runtime v0.13.5 (/home/asta/tgoskits/wt-feat-net-observe/os/arceos/modules/axruntime)
    Checking ax-api v0.8.6 (/home/asta/tgoskits/wt-feat-net-observe/os/arceos/api/arceos_api)
    Checking ax-posix-api v0.6.8 (/home/asta/tgoskits/wt-feat-net-observe/os/arceos/api/arceos_posix_api)
    Checking ax-std v0.7.5 (/home/asta/tgoskits/wt-feat-net-observe/os/arceos/ulib/axstd)
    Finished `dev` profile [unoptimized + debuginfo] target(s) in 2.20s
ok: ax-std (feature: default)
[96/140] ax-std (feature: display)
          cd /home/asta/tgoskits/wt-feat-net-observe && cargo clippy --no-deps -p ax-std --no-default-features --features display -- -D warnings
warning: unused dependency `ax-posix-api`
   --> os/arceos/ulib/axstd/Cargo.toml:135:1
    |
135 | ax-posix-api.workspace = true
    | ^^^^^^^^^^^^
    |
    = note: `cargo::unused_dependencies` is set to `warn` by default
help: consider removing the dependency on `ax-posix-api`
warning: `ax-std` (manifest) generated 1 warning
    Finished `dev` profile [unoptimized + debuginfo] target(s) in 0.16s
ok: ax-std (feature: display)
[97/140] ax-std (feature: dns)
          cd /home/asta/tgoskits/wt-feat-net-observe && cargo clippy --no-deps -p ax-std --no-default-features --features dns -- -D warnings
    Checking ax-net v0.13.6 (/home/asta/tgoskits/wt-feat-net-observe/net/ax-net)
    Checking ax-runtime v0.13.5 (/home/asta/tgoskits/wt-feat-net-observe/os/arceos/modules/axruntime)
    Checking ax-api v0.8.6 (/home/asta/tgoskits/wt-feat-net-observe/os/arceos/api/arceos_api)
    Checking ax-posix-api v0.6.8 (/home/asta/tgoskits/wt-feat-net-observe/os/arceos/api/arceos_posix_api)
    Checking ax-std v0.7.5 (/home/asta/tgoskits/wt-feat-net-observe/os/arceos/ulib/axstd)
warning: unused dependency `ax-posix-api`
   --> os/arceos/ulib/axstd/Cargo.toml:135:1
    |
135 | ax-posix-api.workspace = true
    | ^^^^^^^^^^^^
    |
    = note: `cargo::unused_dependencies` is set to `warn` by default
help: consider removing the dependency on `ax-posix-api`
warning: `ax-std` (manifest) generated 1 warning
    Finished `dev` profile [unoptimized + debuginfo] target(s) in 1.79s
ok: ax-std (feature: dns)
[98/140] ax-std (feature: dwarf)
          cd /home/asta/tgoskits/wt-feat-net-observe && cargo clippy --no-deps -p ax-std --no-default-features --features dwarf -- -D warnings
warning: unused dependency `ax-posix-api`
   --> os/arceos/ulib/axstd/Cargo.toml:135:1
    |
135 | ax-posix-api.workspace = true
    | ^^^^^^^^^^^^
    |
    = note: `cargo::unused_dependencies` is set to `warn` by default
help: consider removing the dependency on `ax-posix-api`
warning: `ax-std` (manifest) generated 1 warning
    Finished `dev` profile [unoptimized + debuginfo] target(s) in 0.20s
ok: ax-std (feature: dwarf)
[99/140] ax-std (feature: ext-ld)
          cd /home/asta/tgoskits/wt-feat-net-observe && cargo clippy --no-deps -p ax-std --no-default-features --features ext-ld -- -D warnings
warning: unused dependency `ax-posix-api`
   --> os/arceos/ulib/axstd/Cargo.toml:135:1
    |
135 | ax-posix-api.workspace = true
    | ^^^^^^^^^^^^
    |
    = note: `cargo::unused_dependencies` is set to `warn` by default
help: consider removing the dependency on `ax-posix-api`
warning: `ax-std` (manifest) generated 1 warning
    Finished `dev` profile [unoptimized + debuginfo] target(s) in 0.15s
ok: ax-std (feature: ext-ld)
[100/140] ax-std (feature: ext4fs)
          cd /home/asta/tgoskits/wt-feat-net-observe && cargo clippy --no-deps -p ax-std --no-default-features --features ext4fs -- -D warnings
warning: unused dependency `ax-posix-api`
   --> os/arceos/ulib/axstd/Cargo.toml:135:1
    |
135 | ax-posix-api.workspace = true
    | ^^^^^^^^^^^^
    |
    = note: `cargo::unused_dependencies` is set to `warn` by default
help: consider removing the dependency on `ax-posix-api`
warning: `ax-std` (manifest) generated 1 warning
    Finished `dev` profile [unoptimized + debuginfo] target(s) in 0.16s
ok: ax-std (feature: ext4fs)
[101/140] ax-std (feature: fatfs)
          cd /home/asta/tgoskits/wt-feat-net-observe && cargo clippy --no-deps -p ax-std --no-default-features --features fatfs -- -D warnings
warning: unused dependency `ax-posix-api`
   --> os/arceos/ulib/axstd/Cargo.toml:135:1
    |
135 | ax-posix-api.workspace = true
    | ^^^^^^^^^^^^
    |
    = note: `cargo::unused_dependencies` is set to `warn` by default
help: consider removing the dependency on `ax-posix-api`
warning: `ax-std` (manifest) generated 1 warning
    Finished `dev` profile [unoptimized + debuginfo] target(s) in 0.19s
ok: ax-std (feature: fatfs)
[102/140] ax-std (feature: fd)
          cd /home/asta/tgoskits/wt-feat-net-observe && cargo clippy --no-deps -p ax-std --no-default-features --features fd -- -D warnings
warning: unused dependency `ax-posix-api`
   --> os/arceos/ulib/axstd/Cargo.toml:135:1
    |
135 | ax-posix-api.workspace = true
    | ^^^^^^^^^^^^
    |
    = note: `cargo::unused_dependencies` is set to `warn` by default
help: consider removing the dependency on `ax-posix-api`
warning: `ax-std` (manifest) generated 1 warning
    Finished `dev` profile [unoptimized + debuginfo] target(s) in 0.14s
ok: ax-std (feature: fd)
[103/140] ax-std (feature: fp-simd)
          cd /home/asta/tgoskits/wt-feat-net-observe && cargo clippy --no-deps -p ax-std --no-default-features --features fp-simd -- -D warnings
warning: unused dependency `ax-posix-api`
   --> os/arceos/ulib/axstd/Cargo.toml:135:1
    |
135 | ax-posix-api.workspace = true
    | ^^^^^^^^^^^^
    |
    = note: `cargo::unused_dependencies` is set to `warn` by default
help: consider removing the dependency on `ax-posix-api`
warning: `ax-std` (manifest) generated 1 warning
    Finished `dev` profile [unoptimized + debuginfo] target(s) in 0.16s
ok: ax-std (feature: fp-simd)
[104/140] ax-std (feature: fs)
          cd /home/asta/tgoskits/wt-feat-net-observe && cargo clippy --no-deps -p ax-std --no-default-features --features fs -- -D warnings
warning: unused dependency `ax-posix-api`
   --> os/arceos/ulib/axstd/Cargo.toml:135:1
    |
135 | ax-posix-api.workspace = true
    | ^^^^^^^^^^^^
    |
    = note: `cargo::unused_dependencies` is set to `warn` by default
help: consider removing the dependency on `ax-posix-api`
warning: `ax-std` (manifest) generated 1 warning
    Finished `dev` profile [unoptimized + debuginfo] target(s) in 0.15s
ok: ax-std (feature: fs)
[105/140] ax-std (feature: hv)
          cd /home/asta/tgoskits/wt-feat-net-observe && cargo clippy --no-deps -p ax-std --no-default-features --features hv -- -D warnings
warning: unused dependency `ax-posix-api`
   --> os/arceos/ulib/axstd/Cargo.toml:135:1
    |
135 | ax-posix-api.workspace = true
    | ^^^^^^^^^^^^
    |
    = note: `cargo::unused_dependencies` is set to `warn` by default
help: consider removing the dependency on `ax-posix-api`
warning: `ax-std` (manifest) generated 1 warning
    Finished `dev` profile [unoptimized + debuginfo] target(s) in 0.16s
ok: ax-std (feature: hv)
[106/140] ax-std (feature: input)
          cd /home/asta/tgoskits/wt-feat-net-observe && cargo clippy --no-deps -p ax-std --no-default-features --features input -- -D warnings
warning: unused dependency `ax-posix-api`
   --> os/arceos/ulib/axstd/Cargo.toml:135:1
    |
135 | ax-posix-api.workspace = true
    | ^^^^^^^^^^^^
    |
    = note: `cargo::unused_dependencies` is set to `warn` by default
help: consider removing the dependency on `ax-posix-api`
warning: `ax-std` (manifest) generated 1 warning
    Finished `dev` profile [unoptimized + debuginfo] target(s) in 0.16s
ok: ax-std (feature: input)
[107/140] ax-std (feature: ipi)
          cd /home/asta/tgoskits/wt-feat-net-observe && cargo clippy --no-deps -p ax-std --no-default-features --features ipi -- -D warnings
warning: unused dependency `ax-posix-api`
   --> os/arceos/ulib/axstd/Cargo.toml:135:1
    |
135 | ax-posix-api.workspace = true
    | ^^^^^^^^^^^^
    |
    = note: `cargo::unused_dependencies` is set to `warn` by default
help: consider removing the dependency on `ax-posix-api`
warning: `ax-std` (manifest) generated 1 warning
    Finished `dev` profile [unoptimized + debuginfo] target(s) in 0.15s
ok: ax-std (feature: ipi)
[108/140] ax-std (feature: lockdep)
          cd /home/asta/tgoskits/wt-feat-net-observe && cargo clippy --no-deps -p ax-std --no-default-features --features lockdep -- -D warnings
warning: unused dependency `ax-posix-api`
   --> os/arceos/ulib/axstd/Cargo.toml:135:1
    |
135 | ax-posix-api.workspace = true
    | ^^^^^^^^^^^^
    |
    = note: `cargo::unused_dependencies` is set to `warn` by default
help: consider removing the dependency on `ax-posix-api`
warning: `ax-std` (manifest) generated 1 warning
    Finished `dev` profile [unoptimized + debuginfo] target(s) in 0.15s
ok: ax-std (feature: lockdep)
[109/140] ax-std (feature: net)
          cd /home/asta/tgoskits/wt-feat-net-observe && cargo clippy --no-deps -p ax-std --no-default-features --features net -- -D warnings
    Checking ax-std v0.7.5 (/home/asta/tgoskits/wt-feat-net-observe/os/arceos/ulib/axstd)
warning: unused dependency `ax-posix-api`
   --> os/arceos/ulib/axstd/Cargo.toml:135:1
    |
135 | ax-posix-api.workspace = true
    | ^^^^^^^^^^^^
    |
    = note: `cargo::unused_dependencies` is set to `warn` by default
help: consider removing the dependency on `ax-posix-api`
warning: `ax-std` (manifest) generated 1 warning
    Finished `dev` profile [unoptimized + debuginfo] target(s) in 0.23s
ok: ax-std (feature: net)
[110/140] ax-std (feature: nvme)
          cd /home/asta/tgoskits/wt-feat-net-observe && cargo clippy --no-deps -p ax-std --no-default-features --features nvme -- -D warnings
warning: unused dependency `ax-posix-api`
   --> os/arceos/ulib/axstd/Cargo.toml:135:1
    |
135 | ax-posix-api.workspace = true
    | ^^^^^^^^^^^^
    |
    = note: `cargo::unused_dependencies` is set to `warn` by default
help: consider removing the dependency on `ax-posix-api`
warning: `ax-std` (manifest) generated 1 warning
    Finished `dev` profile [unoptimized + debuginfo] target(s) in 0.14s
ok: ax-std (feature: nvme)
[111/140] ax-std (feature: paging)
          cd /home/asta/tgoskits/wt-feat-net-observe && cargo clippy --no-deps -p ax-std --no-default-features --features paging -- -D warnings
warning: unused dependency `ax-posix-api`
   --> os/arceos/ulib/axstd/Cargo.toml:135:1
    |
135 | ax-posix-api.workspace = true
    | ^^^^^^^^^^^^
    |
    = note: `cargo::unused_dependencies` is set to `warn` by default
help: consider removing the dependency on `ax-posix-api`
warning: `ax-std` (manifest) generated 1 warning
    Finished `dev` profile [unoptimized + debuginfo] target(s) in 0.15s
ok: ax-std (feature: paging)
[112/140] ax-std (feature: qperf-metrics)
          cd /home/asta/tgoskits/wt-feat-net-observe && cargo clippy --no-deps -p ax-std --no-default-features --features qperf-metrics -- -D warnings
warning: unused dependency `ax-posix-api`
   --> os/arceos/ulib/axstd/Cargo.toml:135:1
    |
135 | ax-posix-api.workspace = true
    | ^^^^^^^^^^^^
    |
    = note: `cargo::unused_dependencies` is set to `warn` by default
help: consider removing the dependency on `ax-posix-api`
warning: `ax-std` (manifest) generated 1 warning
    Finished `dev` profile [unoptimized + debuginfo] target(s) in 0.15s
ok: ax-std (feature: qperf-metrics)
[113/140] ax-std (feature: rtc)
          cd /home/asta/tgoskits/wt-feat-net-observe && cargo clippy --no-deps -p ax-std --no-default-features --features rtc -- -D warnings
warning: unused dependency `ax-posix-api`
   --> os/arceos/ulib/axstd/Cargo.toml:135:1
    |
135 | ax-posix-api.workspace = true
    | ^^^^^^^^^^^^
    |
    = note: `cargo::unused_dependencies` is set to `warn` by default
help: consider removing the dependency on `ax-posix-api`
warning: `ax-std` (manifest) generated 1 warning
    Finished `dev` profile [unoptimized + debuginfo] target(s) in 0.15s
ok: ax-std (feature: rtc)
[114/140] ax-std (feature: smp)
          cd /home/asta/tgoskits/wt-feat-net-observe && cargo clippy --no-deps -p ax-std --no-default-features --features smp -- -D warnings
warning: unused dependency `ax-posix-api`
   --> os/arceos/ulib/axstd/Cargo.toml:135:1
    |
135 | ax-posix-api.workspace = true
    | ^^^^^^^^^^^^
    |
    = note: `cargo::unused_dependencies` is set to `warn` by default
help: consider removing the dependency on `ax-posix-api`
warning: `ax-std` (manifest) generated 1 warning
    Finished `dev` profile [unoptimized + debuginfo] target(s) in 0.15s
ok: ax-std (feature: smp)
[115/140] ax-std (feature: stack-guard-page)
          cd /home/asta/tgoskits/wt-feat-net-observe && cargo clippy --no-deps -p ax-std --no-default-features --features stack-guard-page -- -D warnings
warning: unused dependency `ax-posix-api`
   --> os/arceos/ulib/axstd/Cargo.toml:135:1
    |
135 | ax-posix-api.workspace = true
    | ^^^^^^^^^^^^
    |
    = note: `cargo::unused_dependencies` is set to `warn` by default
help: consider removing the dependency on `ax-posix-api`
warning: `ax-std` (manifest) generated 1 warning
    Finished `dev` profile [unoptimized + debuginfo] target(s) in 0.15s
ok: ax-std (feature: stack-guard-page)
[116/140] ax-std (feature: stack-protector)
          cd /home/asta/tgoskits/wt-feat-net-observe && cargo clippy --no-deps -p ax-std --no-default-features --features stack-protector -- -D warnings
warning: unused dependency `ax-posix-api`
   --> os/arceos/ulib/axstd/Cargo.toml:135:1
    |
135 | ax-posix-api.workspace = true
    | ^^^^^^^^^^^^
    |
    = note: `cargo::unused_dependencies` is set to `warn` by default
help: consider removing the dependency on `ax-posix-api`
warning: `ax-std` (manifest) generated 1 warning
    Finished `dev` profile [unoptimized + debuginfo] target(s) in 0.15s
ok: ax-std (feature: stack-protector)
[117/140] ax-std (feature: std-compat)
          cd /home/asta/tgoskits/wt-feat-net-observe && cargo clippy --no-deps -p ax-std --no-default-features --features std-compat -- -D warnings
    Finished `dev` profile [unoptimized + debuginfo] target(s) in 0.15s
ok: ax-std (feature: std-compat)
[118/140] ax-std (feature: task-ext)
          cd /home/asta/tgoskits/wt-feat-net-observe && cargo clippy --no-deps -p ax-std --no-default-features --features task-ext -- -D warnings
warning: unused dependency `ax-posix-api`
   --> os/arceos/ulib/axstd/Cargo.toml:135:1
    |
135 | ax-posix-api.workspace = true
    | ^^^^^^^^^^^^
    |
    = note: `cargo::unused_dependencies` is set to `warn` by default
help: consider removing the dependency on `ax-posix-api`
warning: `ax-std` (manifest) generated 1 warning
    Finished `dev` profile [unoptimized + debuginfo] target(s) in 0.14s
ok: ax-std (feature: task-ext)
[119/140] ax-std (feature: tls)
          cd /home/asta/tgoskits/wt-feat-net-observe && cargo clippy --no-deps -p ax-std --no-default-features --features tls -- -D warnings
warning: unused dependency `ax-posix-api`
   --> os/arceos/ulib/axstd/Cargo.toml:135:1
    |
135 | ax-posix-api.workspace = true
    | ^^^^^^^^^^^^
    |
    = note: `cargo::unused_dependencies` is set to `warn` by default
help: consider removing the dependency on `ax-posix-api`
warning: `ax-std` (manifest) generated 1 warning
    Finished `dev` profile [unoptimized + debuginfo] target(s) in 0.14s
ok: ax-std (feature: tls)
[120/140] ax-std (feature: tracepoint-hooks)
          cd /home/asta/tgoskits/wt-feat-net-observe && cargo clippy --no-deps -p ax-std --no-default-features --features tracepoint-hooks -- -D warnings
warning: unused dependency `ax-posix-api`
   --> os/arceos/ulib/axstd/Cargo.toml:135:1
    |
135 | ax-posix-api.workspace = true
    | ^^^^^^^^^^^^
    |
    = note: `cargo::unused_dependencies` is set to `warn` by default
help: consider removing the dependency on `ax-posix-api`
warning: `ax-std` (manifest) generated 1 warning
    Finished `dev` profile [unoptimized + debuginfo] target(s) in 0.14s
ok: ax-std (feature: tracepoint-hooks)
[121/140] ax-std (feature: usb)
          cd /home/asta/tgoskits/wt-feat-net-observe && cargo clippy --no-deps -p ax-std --no-default-features --features usb -- -D warnings
warning: unused dependency `ax-posix-api`
   --> os/arceos/ulib/axstd/Cargo.toml:135:1
    |
135 | ax-posix-api.workspace = true
    | ^^^^^^^^^^^^
    |
    = note: `cargo::unused_dependencies` is set to `warn` by default
help: consider removing the dependency on `ax-posix-api`
warning: `ax-std` (manifest) generated 1 warning
    Finished `dev` profile [unoptimized + debuginfo] target(s) in 0.21s
ok: ax-std (feature: usb)
[122/140] ax-std (feature: uspace)
          cd /home/asta/tgoskits/wt-feat-net-observe && cargo clippy --no-deps -p ax-std --no-default-features --features uspace -- -D warnings
warning: unused dependency `ax-posix-api`
   --> os/arceos/ulib/axstd/Cargo.toml:135:1
    |
135 | ax-posix-api.workspace = true
    | ^^^^^^^^^^^^
    |
    = note: `cargo::unused_dependencies` is set to `warn` by default
help: consider removing the dependency on `ax-posix-api`
warning: `ax-std` (manifest) generated 1 warning
    Finished `dev` profile [unoptimized + debuginfo] target(s) in 0.17s
ok: ax-std (feature: uspace)
[123/140] ax-std (feature: virtio-gpu)
          cd /home/asta/tgoskits/wt-feat-net-observe && cargo clippy --no-deps -p ax-std --no-default-features --features virtio-gpu -- -D warnings
warning: unused dependency `ax-posix-api`
   --> os/arceos/ulib/axstd/Cargo.toml:135:1
    |
135 | ax-posix-api.workspace = true
    | ^^^^^^^^^^^^
    |
    = note: `cargo::unused_dependencies` is set to `warn` by default
help: consider removing the dependency on `ax-posix-api`
warning: `ax-std` (manifest) generated 1 warning
    Finished `dev` profile [unoptimized + debuginfo] target(s) in 0.15s
ok: ax-std (feature: virtio-gpu)
[124/140] ax-std (feature: virtio-input)
          cd /home/asta/tgoskits/wt-feat-net-observe && cargo clippy --no-deps -p ax-std --no-default-features --features virtio-input -- -D warnings
warning: unused dependency `ax-posix-api`
   --> os/arceos/ulib/axstd/Cargo.toml:135:1
    |
135 | ax-posix-api.workspace = true
    | ^^^^^^^^^^^^
    |
    = note: `cargo::unused_dependencies` is set to `warn` by default
help: consider removing the dependency on `ax-posix-api`
warning: `ax-std` (manifest) generated 1 warning
    Finished `dev` profile [unoptimized + debuginfo] target(s) in 0.15s
ok: ax-std (feature: virtio-input)
[125/140] ax-std (feature: virtio-net)
          cd /home/asta/tgoskits/wt-feat-net-observe && cargo clippy --no-deps -p ax-std --no-default-features --features virtio-net -- -D warnings
warning: unused dependency `ax-posix-api`
   --> os/arceos/ulib/axstd/Cargo.toml:135:1
    |
135 | ax-posix-api.workspace = true
    | ^^^^^^^^^^^^
    |
    = note: `cargo::unused_dependencies` is set to `warn` by default
help: consider removing the dependency on `ax-posix-api`
warning: `ax-std` (manifest) generated 1 warning
    Finished `dev` profile [unoptimized + debuginfo] target(s) in 0.15s
ok: ax-std (feature: virtio-net)
[126/140] ax-std (feature: virtio-socket)
          cd /home/asta/tgoskits/wt-feat-net-observe && cargo clippy --no-deps -p ax-std --no-default-features --features virtio-socket -- -D warnings
warning: unused dependency `ax-posix-api`
   --> os/arceos/ulib/axstd/Cargo.toml:135:1
    |
135 | ax-posix-api.workspace = true
    | ^^^^^^^^^^^^
    |
    = note: `cargo::unused_dependencies` is set to `warn` by default
help: consider removing the dependency on `ax-posix-api`
warning: `ax-std` (manifest) generated 1 warning
    Finished `dev` profile [unoptimized + debuginfo] target(s) in 0.15s
ok: ax-std (feature: virtio-socket)
[127/140] ax-std (feature: vsock)
          cd /home/asta/tgoskits/wt-feat-net-observe && cargo clippy --no-deps -p ax-std --no-default-features --features vsock -- -D warnings
    Checking ax-net v0.13.6 (/home/asta/tgoskits/wt-feat-net-observe/net/ax-net)
    Checking ax-runtime v0.13.5 (/home/asta/tgoskits/wt-feat-net-observe/os/arceos/modules/axruntime)
    Checking ax-api v0.8.6 (/home/asta/tgoskits/wt-feat-net-observe/os/arceos/api/arceos_api)
    Checking ax-posix-api v0.6.8 (/home/asta/tgoskits/wt-feat-net-observe/os/arceos/api/arceos_posix_api)
    Checking ax-std v0.7.5 (/home/asta/tgoskits/wt-feat-net-observe/os/arceos/ulib/axstd)
warning: unused dependency `ax-posix-api`
   --> os/arceos/ulib/axstd/Cargo.toml:135:1
    |
135 | ax-posix-api.workspace = true
    | ^^^^^^^^^^^^
    |
    = note: `cargo::unused_dependencies` is set to `warn` by default
help: consider removing the dependency on `ax-posix-api`
warning: `ax-std` (manifest) generated 1 warning
    Finished `dev` profile [unoptimized + debuginfo] target(s) in 1.70s
ok: ax-std (feature: vsock)
[128/140] ax-std (feature: wake-ipi)
          cd /home/asta/tgoskits/wt-feat-net-observe && cargo clippy --no-deps -p ax-std --no-default-features --features wake-ipi -- -D warnings
warning: unused dependency `ax-posix-api`
   --> os/arceos/ulib/axstd/Cargo.toml:135:1
    |
135 | ax-posix-api.workspace = true
    | ^^^^^^^^^^^^
    |
    = note: `cargo::unused_dependencies` is set to `warn` by default
help: consider removing the dependency on `ax-posix-api`
warning: `ax-std` (manifest) generated 1 warning
    Finished `dev` profile [unoptimized + debuginfo] target(s) in 0.14s
ok: ax-std (feature: wake-ipi)
[129/140] ax-std (feature: host-test)
          cd /home/asta/tgoskits/wt-feat-net-observe && cargo clippy --no-deps -p ax-std --tests --no-default-features --features host-test -- -D warnings
    Finished `dev` profile [unoptimized + debuginfo] target(s) in 0.15s
ok: ax-std (feature: host-test)
[130/140] starryos (base)
          cd /home/asta/tgoskits/wt-feat-net-observe && cargo clippy --no-deps -p starryos -- -D warnings
    Checking ax-net v0.13.6 (/home/asta/tgoskits/wt-feat-net-observe/net/ax-net)
    Checking ax-tracepoint v0.6.1 (/home/asta/tgoskits/wt-feat-net-observe/components/ax-tracepoint)
    Checking ax-runtime v0.13.5 (/home/asta/tgoskits/wt-feat-net-observe/os/arceos/modules/axruntime)
    Checking ax-api v0.8.6 (/home/asta/tgoskits/wt-feat-net-observe/os/arceos/api/arceos_api)
    Checking starry-signal v0.10.5 (/home/asta/tgoskits/wt-feat-net-observe/os/StarryOS/signal)
    Checking ax-posix-api v0.6.8 (/home/asta/tgoskits/wt-feat-net-observe/os/arceos/api/arceos_posix_api)
    Checking ax-std v0.7.5 (/home/asta/tgoskits/wt-feat-net-observe/os/arceos/ulib/axstd)
    Checking starry-kernel v0.12.1 (/home/asta/tgoskits/wt-feat-net-observe/os/StarryOS/kernel)
    Checking starryos v0.5.39 (/home/asta/tgoskits/wt-feat-net-observe/os/StarryOS/starryos)
    Finished `dev` profile [unoptimized + debuginfo] target(s) in 8.81s
ok: starryos (base)
[131/140] starryos (feature: axtest-coverage)
          cd /home/asta/tgoskits/wt-feat-net-observe && cargo clippy --no-deps -p starryos --no-default-features --features axtest-coverage -- -D warnings
    Checking ax-net v0.13.6 (/home/asta/tgoskits/wt-feat-net-observe/net/ax-net)
    Checking ax-runtime v0.13.5 (/home/asta/tgoskits/wt-feat-net-observe/os/arceos/modules/axruntime)
    Checking ax-api v0.8.6 (/home/asta/tgoskits/wt-feat-net-observe/os/arceos/api/arceos_api)
    Checking starry-signal v0.10.5 (/home/asta/tgoskits/wt-feat-net-observe/os/StarryOS/signal)
    Checking ax-posix-api v0.6.8 (/home/asta/tgoskits/wt-feat-net-observe/os/arceos/api/arceos_posix_api)
    Checking ax-std v0.7.5 (/home/asta/tgoskits/wt-feat-net-observe/os/arceos/ulib/axstd)
    Checking starry-kernel v0.12.1 (/home/asta/tgoskits/wt-feat-net-observe/os/StarryOS/kernel)
    Checking starryos v0.5.39 (/home/asta/tgoskits/wt-feat-net-observe/os/StarryOS/starryos)
    Finished `dev` profile [unoptimized + debuginfo] target(s) in 7.44s
ok: starryos (feature: axtest-coverage)
[132/140] starryos (feature: jpeg)
          cd /home/asta/tgoskits/wt-feat-net-observe && cargo clippy --no-deps -p starryos --no-default-features --features jpeg -- -D warnings
    Checking ax-net v0.13.6 (/home/asta/tgoskits/wt-feat-net-observe/net/ax-net)
    Checking ax-runtime v0.13.5 (/home/asta/tgoskits/wt-feat-net-observe/os/arceos/modules/axruntime)
    Checking ax-api v0.8.6 (/home/asta/tgoskits/wt-feat-net-observe/os/arceos/api/arceos_api)
    Checking starry-signal v0.10.5 (/home/asta/tgoskits/wt-feat-net-observe/os/StarryOS/signal)
    Checking ax-posix-api v0.6.8 (/home/asta/tgoskits/wt-feat-net-observe/os/arceos/api/arceos_posix_api)
    Checking ax-std v0.7.5 (/home/asta/tgoskits/wt-feat-net-observe/os/arceos/ulib/axstd)
    Checking starry-kernel v0.12.1 (/home/asta/tgoskits/wt-feat-net-observe/os/StarryOS/kernel)
    Checking starryos v0.5.39 (/home/asta/tgoskits/wt-feat-net-observe/os/StarryOS/starryos)
    Finished `dev` profile [unoptimized + debuginfo] target(s) in 7.60s
ok: starryos (feature: jpeg)
[133/140] starryos (feature: k230)
          cd /home/asta/tgoskits/wt-feat-net-observe && cargo clippy --no-deps -p starryos --no-default-features --features k230 -- -D warnings
    Checking ax-net v0.13.6 (/home/asta/tgoskits/wt-feat-net-observe/net/ax-net)
    Checking ax-runtime v0.13.5 (/home/asta/tgoskits/wt-feat-net-observe/os/arceos/modules/axruntime)
    Checking ax-api v0.8.6 (/home/asta/tgoskits/wt-feat-net-observe/os/arceos/api/arceos_api)
    Checking starry-signal v0.10.5 (/home/asta/tgoskits/wt-feat-net-observe/os/StarryOS/signal)
    Checking ax-posix-api v0.6.8 (/home/asta/tgoskits/wt-feat-net-observe/os/arceos/api/arceos_posix_api)
    Checking ax-std v0.7.5 (/home/asta/tgoskits/wt-feat-net-observe/os/arceos/ulib/axstd)
    Checking starry-kernel v0.12.1 (/home/asta/tgoskits/wt-feat-net-observe/os/StarryOS/kernel)
    Checking starryos v0.5.39 (/home/asta/tgoskits/wt-feat-net-observe/os/StarryOS/starryos)
    Finished `dev` profile [unoptimized + debuginfo] target(s) in 7.57s
ok: starryos (feature: k230)
[134/140] starryos (feature: lockdep)
          cd /home/asta/tgoskits/wt-feat-net-observe && cargo clippy --no-deps -p starryos --no-default-features --features lockdep -- -D warnings
    Checking ax-net v0.13.6 (/home/asta/tgoskits/wt-feat-net-observe/net/ax-net)
    Checking ax-runtime v0.13.5 (/home/asta/tgoskits/wt-feat-net-observe/os/arceos/modules/axruntime)
    Checking ax-api v0.8.6 (/home/asta/tgoskits/wt-feat-net-observe/os/arceos/api/arceos_api)
    Checking starry-signal v0.10.5 (/home/asta/tgoskits/wt-feat-net-observe/os/StarryOS/signal)
    Checking ax-posix-api v0.6.8 (/home/asta/tgoskits/wt-feat-net-observe/os/arceos/api/arceos_posix_api)
    Checking ax-std v0.7.5 (/home/asta/tgoskits/wt-feat-net-observe/os/arceos/ulib/axstd)
    Checking starry-kernel v0.12.1 (/home/asta/tgoskits/wt-feat-net-observe/os/StarryOS/kernel)
    Checking starryos v0.5.39 (/home/asta/tgoskits/wt-feat-net-observe/os/StarryOS/starryos)
    Finished `dev` profile [unoptimized + debuginfo] target(s) in 7.86s
ok: starryos (feature: lockdep)
[135/140] starryos (feature: nixos)
          cd /home/asta/tgoskits/wt-feat-net-observe && cargo clippy --no-deps -p starryos --no-default-features --features nixos -- -D warnings
    Checking starryos v0.5.39 (/home/asta/tgoskits/wt-feat-net-observe/os/StarryOS/starryos)
    Finished `dev` profile [unoptimized + debuginfo] target(s) in 0.41s
ok: starryos (feature: nixos)
[136/140] starryos (feature: qperf)
          cd /home/asta/tgoskits/wt-feat-net-observe && cargo clippy --no-deps -p starryos --no-default-features --features qperf -- -D warnings
    Checking ax-net v0.13.6 (/home/asta/tgoskits/wt-feat-net-observe/net/ax-net)
    Checking ax-runtime v0.13.5 (/home/asta/tgoskits/wt-feat-net-observe/os/arceos/modules/axruntime)
    Checking ax-api v0.8.6 (/home/asta/tgoskits/wt-feat-net-observe/os/arceos/api/arceos_api)
    Checking starry-signal v0.10.5 (/home/asta/tgoskits/wt-feat-net-observe/os/StarryOS/signal)
    Checking ax-posix-api v0.6.8 (/home/asta/tgoskits/wt-feat-net-observe/os/arceos/api/arceos_posix_api)
    Checking ax-std v0.7.5 (/home/asta/tgoskits/wt-feat-net-observe/os/arceos/ulib/axstd)
    Checking starry-kernel v0.12.1 (/home/asta/tgoskits/wt-feat-net-observe/os/StarryOS/kernel)
    Checking starryos v0.5.39 (/home/asta/tgoskits/wt-feat-net-observe/os/StarryOS/starryos)
    Finished `dev` profile [unoptimized + debuginfo] target(s) in 7.95s
ok: starryos (feature: qperf)
[137/140] starryos (feature: qperf-metrics)
          cd /home/asta/tgoskits/wt-feat-net-observe && cargo clippy --no-deps -p starryos --no-default-features --features qperf-metrics -- -D warnings
    Checking ax-net v0.13.6 (/home/asta/tgoskits/wt-feat-net-observe/net/ax-net)
    Checking ax-runtime v0.13.5 (/home/asta/tgoskits/wt-feat-net-observe/os/arceos/modules/axruntime)
    Checking ax-api v0.8.6 (/home/asta/tgoskits/wt-feat-net-observe/os/arceos/api/arceos_api)
    Checking starry-signal v0.10.5 (/home/asta/tgoskits/wt-feat-net-observe/os/StarryOS/signal)
    Checking ax-posix-api v0.6.8 (/home/asta/tgoskits/wt-feat-net-observe/os/arceos/api/arceos_posix_api)
    Checking ax-std v0.7.5 (/home/asta/tgoskits/wt-feat-net-observe/os/arceos/ulib/axstd)
    Checking starry-kernel v0.12.1 (/home/asta/tgoskits/wt-feat-net-observe/os/StarryOS/kernel)
    Checking starryos v0.5.39 (/home/asta/tgoskits/wt-feat-net-observe/os/StarryOS/starryos)
    Finished `dev` profile [unoptimized + debuginfo] target(s) in 7.92s
ok: starryos (feature: qperf-metrics)
[138/140] starryos (feature: rga)
          cd /home/asta/tgoskits/wt-feat-net-observe && cargo clippy --no-deps -p starryos --no-default-features --features rga -- -D warnings
    Checking ax-net v0.13.6 (/home/asta/tgoskits/wt-feat-net-observe/net/ax-net)
    Checking ax-runtime v0.13.5 (/home/asta/tgoskits/wt-feat-net-observe/os/arceos/modules/axruntime)
    Checking ax-api v0.8.6 (/home/asta/tgoskits/wt-feat-net-observe/os/arceos/api/arceos_api)
    Checking starry-signal v0.10.5 (/home/asta/tgoskits/wt-feat-net-observe/os/StarryOS/signal)
    Checking ax-posix-api v0.6.8 (/home/asta/tgoskits/wt-feat-net-observe/os/arceos/api/arceos_posix_api)
    Checking ax-std v0.7.5 (/home/asta/tgoskits/wt-feat-net-observe/os/arceos/ulib/axstd)
    Checking starry-kernel v0.12.1 (/home/asta/tgoskits/wt-feat-net-observe/os/StarryOS/kernel)
    Checking starryos v0.5.39 (/home/asta/tgoskits/wt-feat-net-observe/os/StarryOS/starryos)
    Finished `dev` profile [unoptimized + debuginfo] target(s) in 7.61s
ok: starryos (feature: rga)
[139/140] starryos (feature: rknpu)
          cd /home/asta/tgoskits/wt-feat-net-observe && cargo clippy --no-deps -p starryos --no-default-features --features rknpu -- -D warnings
    Checking ax-net v0.13.6 (/home/asta/tgoskits/wt-feat-net-observe/net/ax-net)
    Checking ax-runtime v0.13.5 (/home/asta/tgoskits/wt-feat-net-observe/os/arceos/modules/axruntime)
    Checking ax-api v0.8.6 (/home/asta/tgoskits/wt-feat-net-observe/os/arceos/api/arceos_api)
    Checking starry-signal v0.10.5 (/home/asta/tgoskits/wt-feat-net-observe/os/StarryOS/signal)
    Checking ax-posix-api v0.6.8 (/home/asta/tgoskits/wt-feat-net-observe/os/arceos/api/arceos_posix_api)
    Checking ax-std v0.7.5 (/home/asta/tgoskits/wt-feat-net-observe/os/arceos/ulib/axstd)
    Checking starry-kernel v0.12.1 (/home/asta/tgoskits/wt-feat-net-observe/os/StarryOS/kernel)
    Checking starryos v0.5.39 (/home/asta/tgoskits/wt-feat-net-observe/os/StarryOS/starryos)
    Finished `dev` profile [unoptimized + debuginfo] target(s) in 7.68s
ok: starryos (feature: rknpu)
[140/140] starryos (feature: stack-protector)
          cd /home/asta/tgoskits/wt-feat-net-observe && cargo clippy --no-deps -p starryos --no-default-features --features stack-protector -- -D warnings
    Checking ax-runtime v0.13.5 (/home/asta/tgoskits/wt-feat-net-observe/os/arceos/modules/axruntime)
    Checking ax-api v0.8.6 (/home/asta/tgoskits/wt-feat-net-observe/os/arceos/api/arceos_api)
    Checking starry-signal v0.10.5 (/home/asta/tgoskits/wt-feat-net-observe/os/StarryOS/signal)
    Checking ax-posix-api v0.6.8 (/home/asta/tgoskits/wt-feat-net-observe/os/arceos/api/arceos_posix_api)
    Checking ax-std v0.7.5 (/home/asta/tgoskits/wt-feat-net-observe/os/arceos/ulib/axstd)
    Checking starry-kernel v0.12.1 (/home/asta/tgoskits/wt-feat-net-observe/os/StarryOS/kernel)
    Checking starryos v0.5.39 (/home/asta/tgoskits/wt-feat-net-observe/os/StarryOS/starryos)
    Finished `dev` profile [unoptimized + debuginfo] target(s) in 6.50s
ok: starryos (feature: stack-protector)
clippy summary: 5 package(s), 140 check(s), 5 package(s) passed, 0 package(s) failed, 0 package(s) skipped
passed checks: 140, failed checks: 0, skipped checks: 0
clippy finished at: 2026-10-02 07:16:15 +0000
clippy elapsed: 12m 20s
all clippy checks passed
CLIPPY_EXIT=0
