=~=~=~=~=~=~=~=~=~=~=~= MobaXterm log 2026.09.28 02:47:50 =~=~=~=~=~=~=~=~=~=~=~=
[ 14.017155 0:4294967296 ax_runtime::bootstrap:202] runtime console active: serial0, ttyS0
Boot at 1970-01-01 00:00:14.017184360 UTC

[ 14.020218 0:4294967305 sdmmc_protocol::sdio::init::state_machine:102] sdio: submit bus op ResetAll
[ 14.021921 0:4294967305 ax_fs_ng::block::runtime::hctx:237] prepared block hctx 0 on CPU 0 with hardware depth 1
[ 14.022075 0:4294967305 ax_fs_ng::block::runtime::lifecycle::device:336] block device cvsd IRQ source 0 (IrqId { domain: IrqDomainId(7), hwirq: HwIrq(36) }) fixed to CPU 0 for queue mask 0x1
[ 14.023455 0:4294967306 sdmmc_protocol::sdio::init::state_machine:102] sdio: submit bus op PowerOn
[ 14.033884 0:4294967306 sdmmc_protocol::sdio::init::state_machine:102] sdio: submit bus op SwitchVoltage(V330)
[ 14.040146 0:4294967306 sdmmc_protocol::sdio::init::state_machine:63] sdio: submit bus op SetBusWidth(Bit1)
[ 14.040253 0:4294967306 sdmmc_protocol::sdio::init::state_machine:63] sdio: submit bus op SetClock(Identification)
[ 14.064948 0:4294967306 sdmmc_protocol::sdio::init::state_machine::identify:175] sdio: detected Sd ocr=0xc1ff8000
[ 14.066873 0:4294967306 sdmmc_protocol::sdio::init::state_machine::identify:340] sdio: CSD capacity_blocks=Some(124735488)
[ 14.067484 0:4294967306 sdmmc_protocol::sdio::init::state_machine::identify:354] sdio: switch SD bus width to 4-bit
[ 14.068735 0:4294967306 sdmmc_protocol::sdio::init::state_machine:63] sdio: submit bus op SetBusWidth(Bit4)
[ 14.069663 0:4294967306 sdmmc_protocol::sdio::init::state_machine:63] sdio: submit bus op SetClock(Default)
[ 14.075093 0:4294967306 sdmmc_protocol::sdio::init::state_machine::sd:185] sdio: SD speed selected HighSpeed
[ 14.075809 0:4294967306 sdmmc_protocol::sdio::init::state_machine:237] sdio: init done kind=Sd sd_v2=true high_capacity=true rca=0xaaaa ocr=0xc1ff8000 host_bus_width=Bit4 ext_csd_bus_width=None ext_csd_timing=None
[ 14.075891 0:4294967306 sdmmc_protocol::rdif::queue:173] sdmmc block init complete: kind=Sd high_capacity=true rca=43690 capacity_blocks=124735488 cache_enabled=false
[ 14.078625 0:4294967296 ax_fs_ng::root:353]     partition 1 name=None fs=None lba 2048..133120
[ 14.079670 0:4294967296 ax_fs_ng::root:353]     partition 2 name=None fs=Some(Ext4) lba 133120..5033984
[ 14.079750 0:4294967296 ax_fs_ng::root:369]   block device 0 (cvsd) has Mbr partition table with 2 partitions
[ 14.080270 0:4294967296 ax_fs_ng::root:479]   matched root by device path on disk0 partition 2 (<unnamed>, fs=ext4, lba 133120..5033984)
[ 14.080365 0:4294967296 ax_fs_ng:100] Initialize filesystem subsystem...
[ 14.080387 0:4294967296 ax_fs_ng:101]   selected root device: disk0 partition 2 (<unnamed>, fs=ext4, lba 133120..5033984)
[ 14.412598 0:4294967296 ax_fs_ng:113]   filesystem type: "ext4"
[ 14.412925 0:4294967296 ax_input:25] Initialize input subsystem...
[ 14.415422 0:4294967296 ax_runtime::irq:193] registered wlan0-g0-s0 IRQ IrqId { domain: IrqDomainId(7), hwirq: HwIrq(38) } on fixed CPU 0
[ 14.415648 0:4294967307 aic8800::rdif::device::endpoints::startup:90] [wifi] AIC owner startup timeout armed for 60s
[ 14.415685 0:4294967307 aic8800::rdif::device::endpoints::startup:98] [wifi] AIC owner startup waiting 1ms for SDIO1 reset settle
[ 14.416923 0:4294967307 aic8800::rdif::device::endpoints::startup:157] [wifi] AIC owner reset settle complete; starting SDIO card enumeration
[ 14.416953 0:4294967307 aic8800::rdif::owner::progress:135] [wifi] SDIO completion IRQ enabled; submitting IO-card initialization
[ 14.458938 0:4294967307 aic8800::rdif::owner::progress:443] [wifi] detected supported AIC SDIO variant Aic8800D80
[ 16.048024 0:4294967307 aic8800::device::startup:312] [wifi] AIC ME_CONFIG capability profile: d80-ht40-sgi
[ 16.052710 0:4294967296 ax_net::queue_runtime:827] [wifi] secure startup connection entropy prepared
[ 16.053472 0:4294967307 aic8800::device::mailbox:278] [wifi] stale station association cleared before connect
[ 16.458936 0:4294967307 aic8800::device::probe:394] [wifi-probe] tx_writes=0 dt=2000ms period_avg=0us max=0us hist=0/0/0/0/0 | write n=0 avg=0us min=18446744073709551us max=0us bytes=0 calls=0.0 | size blk 1/2/3/4-6/7-9/10+ n=0/0/0/0/0/0 avg=0/0/0/0/0/0us | credit n=0 min=0 max=0 avgx10=0 backoff=0 avg=0us | gap rx0 n=0 avg=0us | rx1 n=0 avg=0us | rx2+ n=0 avg=0us | supply core n=0 avg=0us | ring n=0 avg=0us | none n=0 avg=0us | scans=373 deferred=0 tx_ready=0 | steps=23992 per_tx_write=23992.0 owner_calls=23992
[ 16.459047 0:4294967307 aic8800::device::probe:465] [wifi-probe-rx] reads=1119 data_reads=373 avg=184us min=74us max=360us bytes=190976 items=373 data_frames=0 data_confirmations=0 control_confirmations=362 control_indications=11 prints=0 | size <=512 n=373 avg=184us | <=2k n=0 avg=0us | <=8k n=0 avg=0us | >8k n=0 avg=0us | control n=746 avg=36us min=0us max=301us | credit n=0 avg=0us | other n=737 avg=212us | rdif_at_write 0/1/2-3/4+=0/0/0/0 | queue_at_arrival=0/0/0/0
[ 16.945767 0:4294967307 aic8800::device::data_plane:403] [wifi] association complete; learned firmware vif=0 station=0
[ 16.966362 0:4294967307 aic8800::device::control:171] [wifi] WPA2 EAPOL frame consumed by handshake state machine
[ 16.972295 0:4294967307 aic8800::device::control:171] [wifi] WPA2 EAPOL frame consumed by handshake state machine
[ 16.976115 0:4294967307 aic8800::device::mailbox:305] [wifi] WPA2 keys installed and control port enabled
[ 16.976159 0:4294967307 aic8800::rdif::owner::output:280] [wifi] control result queued for network runtime
[ 16.976372 0:4294967307 aic8800::rdif::device::endpoints::control:95] [wifi] control result consumed by network runtime
[ 16.976673 0:4294967296 ax_net:386] Initialize network subsystem...
[ 16.977693 0:4294967296 ax_net:408]   use NIC 0: "wlan0"
[ 16.978591 0:4294967296 ax_net:443]   Wi-Fi control for wlan0 is owned by CPU 0
[ 16.978623 0:4294967296 ax_net:455] wlan0:
[ 16.978641 0:4294967296 ax_net:456]   id:   2
[ 16.978658 0:4294967296 ax_net:457]   mac:  38-7a-cc-9b-2c-c8
[ 16.978684 0:4294967296 ax_net:474]   mode: dhcp
[ 16.978710 0:4294967296 ax_net:523] Device: lo
[ 16.978732 0:4294967296 ax_net:523] Device: wlan0
[ 16.978763 0:4294967296 ax_net::service:554] wlan0: DHCP enabled
[ 18.020995 0:4294967308 ax_net::service:436] wlan0: DHCP offered address 192.168.137.107 from 192.168.137.1
[ 18.086672 0:4294967307 ax_net::queue_runtime::executor::probe:194] [netprobe] dt=2034ms iters=48108 polls=48099 poll_us=2 waits=15 wait_us=73952 yields=0 | wait_kind notify=15@73952us deadline=0@0us hist=8/0/1/2/4 | wake n=48099 avg=60595us hist=13/81/145/334/47526 | owner_calls=48099 skipped=0 owner_us=3 max=500us slow=8 | tx_submit=3 tx_done=3 rx_done=1 | ready 0/1/2-3/4+=48099/0/0/0 | irq=190 | park xfer=26743us handoff=386us n=4
[ 18.980638 0:4294967296 ax_net:996] DHCP bootstrap timed out

[ 18.980739 0:4294967296 ax_net:684] Initialize vsock subsystem...
[ 18.980764 0:4294967296 ax_net:686]   No vsock device found!
[ 18.980783 0:4294967296 ax_runtime::bootstrap:236] Primary CPU 0 init OK.
[ 18.981178 0:4294967296 ax_fs_ng::block::runtime::lifecycle::device:431] block device cvsd online with 1 hctxs across 1 CPUs
[ 18.983191 0:4294967296 ax_tracepoint:327] tracepoint_data_start: 0xffffffff80748c58, tracepoint_data_end: 0xffffffff80748d00
[ 18.983296 0:4294967296 ax_tracepoint:370] tracepoint_data_len: 7
[ 18.983324 0:4294967296 ax_tracepoint:389] tracepoint registered: sched:sched_process_exit
[ 18.983404 0:4294967296 ax_tracepoint:389] tracepoint registered: sched:sched_process_fork
[ 18.983433 0:4294967296 ax_tracepoint:389] tracepoint registered: sched:sched_switch
[ 18.983455 0:4294967296 ax_tracepoint:389] tracepoint registered: syscalls:sys_clone
[ 18.983476 0:4294967296 ax_tracepoint:389] tracepoint registered: raw_syscalls:sys_enter
[ 18.983498 0:4294967296 ax_tracepoint:389] tracepoint registered: syscalls:sys_enter_openat
[ 18.983520 0:4294967296 ax_tracepoint:389] tracepoint registered: syscalls:sys_mkdirat
Initialized 7 tracepoints
kmod subsystem initialized
[ 18.988056 0:4294967296 starry_kernel::pseudofs:88] Initialize pseudofs...
[ 18.990005 0:4294967296 starry_kernel::pseudofs::dev::tty::serial:238] ttyS0 registered: path=/serial@04140000, alias=Some(0), paddr=0x4140000, irq=Some(Source(FdtInterrupt(FdtIrqSpec { controller: 116, cells: [44, 4] })))
[ 18.992062 0:4294967296 starry_kernel::pseudofs::dev::tty::serial:238] ttyS1 registered: path=/serial@04150000, alias=Some(1), paddr=0x4150000, irq=Some(Source(FdtInterrupt(FdtIrqSpec { controller: 116, cells: [45, 4] })))
Welcome to Starry OS!
[ 18.993786 0:4294967296 starry_kernel::pseudofs::dev::tty::serial:238] ttyS2 registered: path=/serial@04160000, alias=Some(2), paddr=0x4160000, irq=Some(Source(FdtInterrupt(FdtIrqSpec { controller: 116, cells: [46, 4] })))
STARRY_LEGACY_BOARD_INIT
[ 18.995499 0:4294967296 starry_kernel::pseudofs::dev::tty::serial:238] ttyS3 registered: path=/serial@04170000, alias=Some(3), paddr=0x4170000, irq=Some(Source(FdtInterrupt(FdtIrqSpec { controller: 116, cells: [47, 4] })))
USER=root
[ 18.995595 0:4294967296 starry_kernel::pseudofs::dev::tty::serial:182] /dev/console bound to runtime console ttyS0
HOSTNAME=starry
[ 18.997747 0:4294967296 sg2002_tpu::tpu::device:181] TPU device initialized
SHLVL=1
[ 18.997833 0:4294967296 starry_kernel::pseudofs::dev::tpu::device:249] [TPU] TDMA IRQ IrqId { domain: IrqDomainId(7), hwirq: HwIrq(76) } registered and enabled
HOME=/root
[ 18.997864 0:4294967296 starry_kernel::pseudofs::dev::tpu::device:361] [TPU] resource tdma=[0xc100000, +0x1000) tiu=[0xc101000, +0x1000) irq=Some(IrqId { domain: IrqDomainId(7), hwirq: HwIrq(76) }) irq_wait=true source=fdt
TERM=xterm-256color
[ 18.999283 0:4294967317 starry_kernel::pseudofs::dev::tpu::device:307] [TPU] worker thread started
PATH=/usr/local/sbin:/usr/local/bin:/usr/sbin:/usr/bin:/sbin:/bin
[ 18.999748 0:4294967296 starry_kernel::pseudofs:82] Mounted devfs at /dev
PWD=/
[ 18.999830 0:4294967296 starry_kernel::pseudofs::usbfs:57] usbfs: initializing manager

[ 18.999863 0:4294967296 starry_kernel::pseudofs::usbfs::manager:1773] usbfs: discovered 0 USB host(s)
[ 18.999884 0:4294967296 starry_kernel::pseudofs::usbfs:60] usbfs: no USB host found, skip mounting usbfs
[ 19.000023 0:4294967296 starry_kernel::pseudofs:82] Mounted tmpfs at /dev/shm
[ 19.000306 0:4294967296 starry_kernel::pseudofs:82] Mounted tmpfs at /tmp
[ 19.000425 0:4294967296 starry_kernel::pseudofs:82] Mounted mqueue at /dev/mqueue
[ 19.000863 0:4294967296 starry_kernel::dyn_debug:63] debug_init: initializing dynamic debug sites
[ 19.002607 0:4294967296 starry_kernel::dyn_debug:66] debug_init: found 218 dynamic debug sites
[ 19.002714 0:4294967296 starry_kernel::pseudofs::proc:89] Read kallsyms, size: 1090KB
[ 19.021609 0:4294967307 aic8800::device::probe:394] [wifi-probe] tx_writes=4 dt=2562ms period_avg=263681us max=1007295us hist=0/0/0/0/3 | write n=4 avg=197us min=127us max=377us bytes=2560 calls=2.0 | size blk 1/2/3/4-6/7-9/10+ n=3/1/0/0/0/0 avg=137/377/0/0/0/0us | credit n=3 min=127 max=127 avgx10=1270 backoff=0 avg=0us | gap rx0 n=0 avg=0us | rx1 n=0 avg=0us | rx2+ n=3 avg=351355us | supply core n=0 avg=0us | ring n=0 avg=0us | none n=3 avg=351355us | scans=17 deferred=0 tx_ready=0 | steps=26683 per_tx_write=6670.7 owner_calls=26681
[ 19.021723 0:4294967307 aic8800::device::probe:465] [wifi-probe-rx] reads=51 data_reads=17 avg=135us min=116us max=188us bytes=9216 items=18 data_frames=5 data_confirmations=2 control_confirmations=3 control_indications=8 prints=0 | size <=512 n=16 avg=132us | <=2k n=1 avg=171us | <=8k n=0 avg=0us | >8k n=0 avg=0us | control n=34 avg=61us min=0us max=510us | credit n=3 avg=83us | other n=6 avg=100us | rdif_at_write 0/1/2-3/4+=4/0/0/0 | queue_at_arrival=2/1/0/0
[ 19.044139 0:4294967296 starry_kernel::task::timer::alarm:75] Initialize alarm...
[ 19.297940 0:4294967322 starry_kernel::syscall::task::wait:380] sys_waitpid <= pid: -1, options: WaitPidOptions(0x0)
[ 19.336826 0:4294967323 starry_kernel::task::signal:763] Send signal SIGCHLD to process 1
[ 19.340137 0:4294967322 starry_kernel::syscall::task::wait:380] sys_waitpid <= pid: -1, options: WaitPidOptions(WNOHANG)
[ 19.382937 0:4294967322 starry_kernel::syscall::task::wait:380] sys_waitpid <= pid: -1, options: WaitPidOptions(0x0)
[ 19.399467 0:8589934619 starry_kernel::task::signal:763] Send signal SIGCHLD to process 1
[ 19.399976 0:4294967322 starry_kernel::syscall::task::wait:380] sys_waitpid <= pid: -1, options: WaitPidOptions(WNOHANG)
[ 19.429583 0:4294967322 starry_kernel::syscall::task::wait:380] sys_waitpid <= pid: -1, options: WaitPidOptions(0x0)
/bin/sh: [ 19.462969 0:12884901915 starry_kernel::task::ops:539] Task(12884901915, "busybox") exit with code: 256
can't access tty; job control turned off[ 19.463506 0:12884901915 starry_kernel::task::signal:763] Send signal SIGCHLD to process 1

[ 19.464111 0:4294967322 starry_kernel::syscall::task::wait:380] sys_waitpid <= pid: -1, options: WaitPidOptions(WNOHANG)
root@starry:~# [ 19.482780 0:17179869211 starry_kernel::task::user:83] Enter user space: ip=0x6013d7ae, sp=0x3ffffef80

[ 19.485462 0:4294967322 starry_kernel::syscall::task::wait:380] sys_waitpid <= pid: -1, options: WaitPidOptions(0x0)
root@starry:~# [ 19.523606 0:17179869211 starry_kernel::task::ops:539] Task(17179869211, "busybox") exit with code: 256
[ 19.524220 0:17179869211 starry_kernel::task::signal:763] Send signal SIGCHLD to process 1
[ 19.525404 0:4294967322 starry_kernel::syscall::task::wait:380] sys_waitpid <= pid: -1, options: WaitPidOptions(WNOHANG)
[ 19.547052 0:21474836507 starry_kernel::task::user:83] Enter user space: ip=0x6013d7ae, sp=0x3ffffedc0
[ 19.554703 0:4294967322 starry_kernel::syscall::task::wait:380] sys_waitpid <= pid: -1, options: WaitPidOptions(0x0)
[ 19.600013 0:21474836507 starry_kernel::task::ops:539] Task(21474836507, "busybox") exit with code: 0
[ 19.600670 0:21474836507 starry_kernel::task::signal:763] Send signal SIGCHLD to process 1
[ 19.601149 0:4294967322 starry_kernel::syscall::task::wait:380] sys_waitpid <= pid: -1, options: WaitPidOptions(WNOHANG)
[ 19.619389 0:25769803803 starry_kernel::task::user:83] Enter user space: ip=0x6013d7ae, sp=0x3ffffedc0
[ 19.642694 0:4294967322 starry_kernel::syscall::task::wait:380] sys_waitpid <= pid: -1, options: WaitPidOptions(0x0)
[ 19.661843 0:25769803803 starry_kernel::task::ops:539] Task(25769803803, "busybox") exit with code: 0
[ 19.664837 0:25769803803 starry_kernel::task::signal:763] Send signal SIGCHLD to process 1
[ 19.665394 0:4294967322 starry_kernel::syscall::task::wait:380] sys_waitpid <= pid: -1, options: WaitPidOptions(WNOHANG)
[ 19.685243 0:30064771099 starry_kernel::task::user:83] Enter user space: ip=0x6013d7ae, sp=0x3ffffeba0
[ 19.686896 0:4294967322 starry_kernel::syscall::task::wait:380] sys_waitpid <= pid: -1, options: WaitPidOptions(0x0)
[ 19.731459 0:30064771099 starry_kernel::task::ops:539] Task(30064771099, "busybox") exit with code: 0
[ 19.732129 0:30064771099 starry_kernel::task::signal:763] Send signal SIGCHLD to process 1
[ 19.733410 0:4294967322 starry_kernel::syscall::task::wait:380] sys_waitpid <= pid: -1, options: WaitPidOptions(WNOHANG)
[ 19.752972 0:34359738395 starry_kernel::task::user:83] Enter user space: ip=0x6013d7ae, sp=0x3ffffeba0
[ 19.755332 0:4294967322 starry_kernel::syscall::task::wait:380] sys_waitpid <= pid: -1, options: WaitPidOptions(0x0)
[ 19.802238 0:34359738395 starry_kernel::task::ops:539] Task(34359738395, "busybox") exit with code: 0
[ 19.803133 0:34359738395 starry_kernel::task::signal:763] Send signal SIGCHLD to process 1
[ 19.804599 0:4294967322 starry_kernel::syscall::task::wait:380] sys_waitpid <= pid: -1, options: WaitPidOptions(WNOHANG)
[ 19.823572 0:38654705691 starry_kernel::task::user:83] Enter user space: ip=0x6013d7ae, sp=0x3ffffeba0
[ 19.825879 0:4294967322 starry_kernel::syscall::task::wait:380] sys_waitpid <= pid: -1, options: WaitPidOptions(0x0)
[ 19.871855 0:38654705691 starry_kernel::task::ops:539] Task(38654705691, "busybox") exit with code: 0
[ 19.872456 0:38654705691 starry_kernel::task::signal:763] Send signal SIGCHLD to process 1
[ 19.873630 0:4294967322 starry_kernel::syscall::task::wait:380] sys_waitpid <= pid: -1, options: WaitPidOptions(WNOHANG)
[ 19.892997 0:42949672987 starry_kernel::task::user:83] Enter user space: ip=0x6013d7ae, sp=0x3ffffeba0
[ 19.895458 0:4294967322 starry_kernel::syscall::task::wait:380] sys_waitpid <= pid: -1, options: WaitPidOptions(0x0)
[ 19.939686 0:42949672987 starry_kernel::task::ops:539] Task(42949672987, "busybox") exit with code: 0
[ 19.940336 0:42949672987 starry_kernel::task::signal:763] Send signal SIGCHLD to process 1
[ 19.941811 0:4294967322 starry_kernel::syscall::task::wait:380] sys_waitpid <= pid: -1, options: WaitPidOptions(WNOHANG)
[ 19.960451 0:47244640283 starry_kernel::task::user:83] Enter user space: ip=0x6013d7ae, sp=0x3ffffeba0
[ 19.982699 0:4294967322 starry_kernel::syscall::task::wait:380] sys_waitpid <= pid: -1, options: WaitPidOptions(0x0)
[ 20.005800 0:47244640283 starry_kernel::task::ops:539] Task(47244640283, "busybox") exit with code: 0
[ 20.006459 0:47244640283 starry_kernel::task::signal:763] Send signal SIGCHLD to process 1
[ 20.006959 0:4294967322 starry_kernel::syscall::task::wait:380] sys_waitpid <= pid: -1, options: WaitPidOptions(WNOHANG)
[ 20.026398 0:51539607579 starry_kernel::task::user:83] Enter user space: ip=0x6013d7ae, sp=0x3ffffeba0
[ 20.052731 0:4294967322 starry_kernel::syscall::task::wait:380] sys_waitpid <= pid: -1, options: WaitPidOptions(0x0)
[ 20.070899 0:51539607579 starry_kernel::task::ops:539] Task(51539607579, "busybox") exit with code: 0
[ 20.071519 0:51539607579 starry_kernel::task::signal:763] Send signal SIGCHLD to process 1
[ 20.072084 0:4294967322 starry_kernel::syscall::task::wait:380] sys_waitpid <= pid: -1, options: WaitPidOptions(WNOHANG)
[ 20.091849 0:55834574875 starry_kernel::task::user:83] Enter user space: ip=0x6013d7ae, sp=0x3ffffeba0
[ 20.099583 0:4294967322 starry_kernel::syscall::task::wait:380] sys_waitpid <= pid: -1, options: WaitPidOptions(0x0)
[ 20.138729 0:55834574875 starry_kernel::task::ops:539] Task(55834574875, "busybox") exit with code: 0
[ 20.139343 0:55834574875 starry_kernel::task::signal:763] Send signal SIGCHLD to process 1
[ 20.139862 0:4294967322 starry_kernel::syscall::task::wait:380] sys_waitpid <= pid: -1, options: WaitPidOptions(WNOHANG)
[ 20.159495 0:60129542171 starry_kernel::task::user:83] Enter user space: ip=0x6013d7ae, sp=0x3ffffeba0
[ 20.166933 0:4294967322 starry_kernel::syscall::task::wait:380] sys_waitpid <= pid: -1, options: WaitPidOptions(0x0)
[ 20.207860 0:60129542171 starry_kernel::task::ops:539] Task(60129542171, "busybox") exit with code: 0
[ 20.208537 0:60129542171 starry_kernel::task::signal:763] Send signal SIGCHLD to process 1
[ 20.209266 0:4294967322 starry_kernel::syscall::task::wait:380] sys_waitpid <= pid: -1, options: WaitPidOptions(WNOHANG)
[ 20.233972 0:64424509467 starry_kernel::task::user:83] Enter user space: ip=0x6013d7ae, sp=0x3ffffef80
[ 20.238075 0:4294967322 starry_kernel::syscall::task::wait:380] sys_waitpid <= pid: -1, options: WaitPidOptions(0x0)
[ 20.275905 0:64424509467 starry_kernel::task::ops:539] Task(64424509467, "busybox") exit with code: 0
[ 20.278780 0:64424509467 starry_kernel::task::signal:763] Send signal SIGCHLD to process 1
[ 20.279736 0:4294967322 starry_kernel::syscall::task::wait:380] sys_waitpid <= pid: -1, options: WaitPidOptions(WNOHANG)

root@starry:~# 
root@starry:~# 
root@starry:~# ip addr
[ 25.117098 0:68719476763 starry_kernel::task::user:83] Enter user space: ip=0x6013d7ae, sp=0x3fffff570
[ 25.119458 0:4294967322 starry_kernel::syscall::task::wait:380] sys_waitpid <= pid: -1, options: WaitPidOptions(0x0)
1: lo: <LOOPBACK,UP,LOWER_UP> mtu 1500 qdisc noqueue state UP qlen 1000
[ 25.169924 0:68719476763 starry_kernel::task::ops:539] Task(68719476763, "busybox") exit with code: 0
    link/loopback 00:00:00:00:00:00 brd 00:00:00:00:00:00
[ 25.170531 0:68719476763 starry_kernel::task::signal:763] Send signal SIGCHLD to process 1
    inet 127.0.0.1/8 scope host dynamic lo
[ 25.171468 0:4294967322 starry_kernel::syscall::task::wait:380] sys_waitpid <= pid: -1, options: WaitPidOptions(WNOHANG)
2: wlan0: <BROADCAST,MULTICAST,UP,LOWER_UP> mtu 1500 qdisc mq state UP qlen 1000
    link/ether 38:7a:cc:9b:2c:c8 brd ff:ff:ff:ff:ff:ff
    inet 192.168.137.107/24 brd 192.168.137.255 scope global dynamic wlan0
root@starry:~# iperdfdf3 -s 1
[ 32.628097 0:73014444059 starry_kernel::task::user:83] Enter user space: ip=0x6013d7ae, sp=0x3fffff570
[ 32.631607 0:4294967322 starry_kernel::syscall::task::wait:380] sys_waitpid <= pid: -1, options: WaitPidOptions(0x0)
-----------------------------------------------------------
Server listening on 5201 (test #1)
-----------------------------------------------------------
[ 41.210471 0:4294967307 ax_net::queue_runtime::executor::probe:194] [netprobe] dt=23123ms iters=32 polls=25 poll_us=16 waits=16 wait_us=1445092 yields=0 | wait_kind notify=16@1445092us deadline=0@0us hist=9/0/0/2/5 | wake n=25 avg=37710us hist=0/8/10/1/6 | owner_calls=25 skipped=0 owner_us=60 max=341us slow=1 | tx_submit=3 tx_done=3 rx_done=3 | ready 0/1/2-3/4+=25/0/0/0 | irq=21 | park xfer=7394022us handoff=1325us n=3
Accepted connection from 192.168.137.1, port 50104
[ 41.210591 0:4294967307 aic8800::device::probe:394] [wifi-probe] tx_writes=3 dt=22188ms period_avg=340762us max=1000506us hist=0/0/0/0/3 | write n=3 avg=242us min=147us max=408us bytes=1536 calls=2.0 | size blk 1/2/3/4-6/7-9/10+ n=3/0/0/0/0/0 avg=242/0/0/0/0/0us | credit n=0 min=0 max=0 avgx10=0 backoff=0 avg=0us | gap rx0 n=0 avg=0us | rx1 n=0 avg=0us | rx2+ n=3 avg=340519us | supply core n=0 avg=0us | ring n=0 avg=0us | none n=3 avg=340519us | scans=2 deferred=0 tx_ready=0 | steps=21 per_tx_write=7.0 owner_calls=19
[  5] local 192.168.137.107 port 5201 connected to 192.168.137.1 port 50105
[ 41.210654 0:4294967307 aic8800::device::probe:465] [wifi-probe-rx] reads=6 data_reads=2 avg=151us min=145us max=158us bytes=1024 items=2 data_frames=2 data_confirmations=0 control_confirmations=0 control_indications=0 prints=0 | size <=512 n=2 avg=151us | <=2k n=0 avg=0us | <=8k n=0 avg=0us | >8k n=0 avg=0us | control n=4 avg=82us min=0us max=167us | credit n=0 avg=0us | other n=0 avg=0us | rdif_at_write 0/1/2-3/4+=3/0/0/0 | queue_at_arrival=3/0/0/0
[ 41.277181 0:4294967324 starry_kernel::task::user:83] Enter user space: ip=0x601524d0, sp=0x428af0
[ ID] Interval           Transfer     Bitrate
[  5]   0.00-1.00   sec  1.75 MBytes  14.7 Mbits/sec                  
[ 43.210475 0:4294967307 ax_net::queue_runtime::executor::probe:194] [netprobe] dt=2000ms iters=3700 polls=2753 poll_us=20 waits=1900 wait_us=835 yields=0 | wait_kind notify=1900@835us deadline=0@0us hist=954/1/70/152/723 | wake n=2732 avg=345us hist=0/819/409/702/802 | owner_calls=2732 skipped=21 owner_us=119 max=2981us slow=434 | tx_submit=495 tx_done=492 rx_done=3112 | ready 0/1/2-3/4+=2706/26/0/0 | irq=2360 | park xfer=1768us handoff=257us n=634
[ 43.210594 0:4294967307 aic8800::device::probe:394] [wifi-probe] tx_writes=219 dt=2000ms period_avg=110350us max=22170442us hist=43/2/13/38/123 | write n=219 avg=181us min=115us max=1532us bytes=112128 calls=1.81 | size blk 1/2/3/4-6/7-9/10+ n=219/0/0/0/0/0 avg=181/0/0/0/0/0us | credit n=3 min=127 max=128 avgx10=1276 backoff=0 avg=0us | gap rx0 n=115 avg=1106us | rx1 n=0 avg=0us | rx2+ n=104 avg=230765us | supply core n=45 avg=57us | ring n=0 avg=0us | none n=174 avg=138645us | scans=111 deferred=0 tx_ready=0 | steps=5457 per_tx_write=24.9 owner_calls=2733
[  5]   1.00-2.00   sec  2.62 MBytes  22.0 Mbits/sec                  
[ 43.210655 0:4294967307 aic8800::device::probe:465] [wifi-probe-rx] reads=1243 data_reads=566 avg=1213us min=137us max=3947us bytes=5140992 items=3116 data_frames=3115 data_confirmations=0 control_confirmations=0 control_indications=1 prints=0 | size <=512 n=11 avg=209us | <=2k n=93 avg=574us | <=8k n=191 avg=983us | >8k n=271 avg=1635us | control n=677 avg=320us min=0us max=1832us | credit n=3 avg=70us | other n=0 avg=0us | rdif_at_write 0/1/2-3/4+=217/2/0/0 | queue_at_arrival=174/95/142/84
[  5]   2.00-3.00   sec  3.25 MBytes  27.3 Mbits/sec                  
[ 45.211977 0:4294967307 ax_net::queue_runtime::executor::probe:194] [netprobe] dt=2001ms iters=3963 polls=2901 poll_us=25 waits=2129 wait_us=703 yields=0 | wait_kind notify=2129@703us deadline=0@0us hist=1063/2/60/133/871 | wake n=2871 avg=402us hist=0/818/324/721/1008 | owner_calls=2871 skipped=30 owner_us=138 max=1768us slow=534 | tx_submit=555 tx_done=553 rx_done=4850 | ready 0/1/2-3/4+=2845/26/0/0 | irq=2335 | park xfer=1496us handoff=234us n=645
[ 45.212106 0:4294967307 aic8800::device::probe:394] [wifi-probe] tx_writes=202 dt=2001ms period_avg=9653us max=70222us hist=60/6/7/24/105 | write n=202 avg=191us min=114us max=1593us bytes=103424 calls=1.82 | size blk 1/2/3/4-6/7-9/10+ n=202/0/0/0/0/0 avg=191/0/0/0/0/0us | credit n=5 min=124 max=132 avgx10=1290 backoff=0 avg=0us | gap rx0 n=120 avg=850us | rx1 n=0 avg=0us | rx2+ n=82 avg=22063us | supply core n=75 avg=690us | ring n=2 avg=5499us | none n=125 avg=14787us | scans=85 deferred=0 tx_ready=4 | steps=7221 per_tx_write=35.7 owner_calls=2870
[  5]   3.00-4.00   sec  3.62 MBytes  30.4 Mbits/sec                  
[ 45.212170 0:4294967307 aic8800::device::probe:465] [wifi-probe-rx] reads=1255 data_reads=585 avg=1594us min=366us max=3817us bytes=7930368 items=4850 data_frames=4850 data_confirmations=0 control_confirmations=0 control_indications=0 prints=0 | size <=512 n=0 avg=0us | <=2k n=70 avg=578us | <=8k n=136 avg=1009us | >8k n=379 avg=1992us | control n=670 avg=387us min=0us max=2039us | credit n=5 avg=60us | other n=0 avg=0us | rdif_at_write 0/1/2-3/4+=198/4/0/0 | queue_at_arrival=128/76/127/223
[  5]   4.00-5.00   sec  3.62 MBytes  30.4 Mbits/sec                  
[ 47.212237 0:4294967307 ax_net::queue_runtime::executor::probe:194] [netprobe] dt=2000ms iters=3924 polls=2867 poll_us=24 waits=2118 wait_us=695 yields=0 | wait_kind notify=2118@695us deadline=0@0us hist=1060/2/49/115/892 | wake n=2845 avg=446us hist=0/795/263/676/1111 | owner_calls=2845 skipped=22 owner_us=150 max=2029us slow=556 | tx_submit=583 tx_done=578 rx_done=5586 | ready 0/1/2-3/4+=2806/38/1/0 | irq=2211 | park xfer=1537us handoff=219us n=606
[ 47.212450 0:4294967307 aic8800::device::probe:394] [wifi-probe] tx_writes=198 dt=2000ms period_avg=10225us max=69791us hist=82/6/4/15/91 | write n=198 avg=207us min=114us max=2156us bytes=101376 calls=1.82 | size blk 1/2/3/4-6/7-9/10+ n=198/0/0/0/0/0 avg=207/0/0/0/0/0us | credit n=4 min=126 max=128 avgx10=1272 backoff=0 avg=0us | gap rx0 n=126 avg=504us | rx1 n=0 avg=0us | rx2+ n=72 avg=26666us | supply core n=94 avg=565us | ring n=2 avg=112us | none n=102 avg=18923us | scans=72 deferred=0 tx_ready=4 | steps=7890 per_tx_write=39.8 owner_calls=2846
[  5]   5.00-6.00   sec  4.12 MBytes  34.6 Mbits/sec                  
[ 47.212514 0:4294967307 aic8800::device::probe:465] [wifi-probe-rx] reads=1185 data_reads=557 avg=1826us min=363us max=3816us bytes=9123328 items=5606 data_frames=5606 data_confirmations=0 control_confirmations=0 control_indications=0 prints=0 | size <=512 n=0 avg=0us | <=2k n=50 avg=516us | <=8k n=108 avg=1043us | >8k n=399 avg=2203us | control n=628 avg=378us min=0us max=1707us | credit n=4 avg=70us | other n=0 avg=0us | rdif_at_write 0/1/2-3/4+=190/8/0/0 | queue_at_arrival=104/66/108/306
[  5]   6.00-7.00   sec  3.75 MBytes  31.4 Mbits/sec                  
[ 49.212518 0:4294967307 ax_net::queue_runtime::executor::probe:194] [netprobe] dt=2000ms iters=3989 polls=2917 poll_us=26 waits=2151 wait_us=685 yields=0 | wait_kind notify=2151@685us deadline=0@0us hist=1075/0/53/131/892 | wake n=2894 avg=429us hist=0/813/297/682/1102 | owner_calls=2894 skipped=23 owner_us=145 max=2024us slow=549 | tx_submit=577 tx_done=573 rx_done=5513 | ready 0/1/2-3/4+=2866/27/1/0 | irq=2263 | park xfer=1510us handoff=214us n=618
[ 49.212649 0:4294967307 aic8800::device::probe:394] [wifi-probe] tx_writes=204 dt=2000ms period_avg=9610us max=77766us hist=75/7/6/23/93 | write n=204 avg=211us min=115us max=2752us bytes=104448 calls=1.85 | size blk 1/2/3/4-6/7-9/10+ n=204/0/0/0/0/0 avg=211/0/0/0/0/0us | credit n=5 min=120 max=132 avgx10=1274 backoff=0 avg=0us | gap rx0 n=132 avg=603us | rx1 n=0 avg=0us | rx2+ n=72 avg=25521us | supply core n=89 avg=786us | ring n=4 avg=4606us | none n=111 avg=16475us | scans=73 deferred=0 tx_ready=4 | steps=7853 per_tx_write=38.4 owner_calls=2893
[  5]   7.00-8.00   sec  3.88 MBytes  32.5 Mbits/sec                  
[ 49.212713 0:4294967307 aic8800::device::probe:465] [wifi-probe-rx] reads=1208 data_reads=567 avg=1769us min=364us max=4932us bytes=8940544 items=5493 data_frames=5493 data_confirmations=0 control_confirmations=0 control_indications=0 prints=0 | size <=512 n=0 avg=0us | <=2k n=60 avg=574us | <=8k n=111 avg=982us | >8k n=396 avg=2171us | control n=641 avg=384us min=0us max=1886us | credit n=5 avg=146us | other n=0 avg=0us | rdif_at_write 0/1/2-3/4+=196/7/1/0 | queue_at_arrival=115/69/114/278
[  5]   8.00-9.00   sec  4.00 MBytes  33.6 Mbits/sec                  
[ 51.224376 0:4294967307 ax_net::queue_runtime::executor::probe:194] [netprobe] dt=2011ms iters=3998 polls=2922 poll_us=24 waits=2153 wait_us=688 yields=0 | wait_kind notify=2153@688us deadline=0@0us hist=1079/0/47/138/889 | wake n=2902 avg=445us hist=0/823/279/665/1135 | owner_calls=2902 skipped=20 owner_us=146 max=2038us slow=537 | tx_submit=584 tx_done=598 rx_done=5639 | ready 0/1/2-3/4+=2871/31/0/0 | irq=2210 | park xfer=1569us handoff=218us n=598
[ 51.224500 0:4294967307 aic8800::device::probe:394] [wifi-probe] tx_writes=206 dt=2011ms period_avg=10000us max=79352us hist=87/8/4/18/89 | write n=206 avg=190us min=112us max=1638us bytes=105472 calls=1.84 | size blk 1/2/3/4-6/7-9/10+ n=206/0/0/0/0/0 avg=190/0/0/0/0/0us | credit n=5 min=120 max=131 avgx10=1266 backoff=0 avg=0us | gap rx0 n=137 avg=431us | rx1 n=0 avg=0us | rx2+ n=69 avg=28430us | supply core n=100 avg=355us | ring n=0 avg=0us | none n=106 avg=18729us | scans=68 deferred=0 tx_ready=3 | steps=7985 per_tx_write=38.7 owner_calls=2902
[  5]   9.00-10.00  sec  3.88 MBytes  32.4 Mbits/sec                  
[ 51.224564 0:4294967307 aic8800::device::probe:465] [wifi-probe-rx] reads=1174 data_reads=553 avg=1856us min=363us max=4945us bytes=9176064 items=5639 data_frames=5639 data_confirmations=0 control_confirmations=0 control_indications=0 prints=0 | size <=512 n=0 avg=0us | <=2k n=58 avg=521us | <=8k n=110 avg=1061us | >8k n=385 avg=2284us | control n=621 avg=367us min=0us max=2001us | credit n=5 avg=58us | other n=0 avg=0us | rdif_at_write 0/1/2-3/4+=201/5/0/0 | queue_at_arrival=105/62/108/310
[  5]  10.00-11.01  sec  4.00 MBytes  33.5 Mbits/sec                  
[ 53.224864 0:4294967307 ax_net::queue_runtime::executor::probe:194] [netprobe] dt=2000ms iters=4183 polls=3074 poll_us=22 waits=2227 wait_us=651 yields=0 | wait_kind notify=2227@651us deadline=0@0us hist=1114/1/48/131/933 | wake n=3053 avg=442us hist=0/884/315/710/1144 | owner_calls=3053 skipped=21 owner_us=146 max=2076us slow=578 | tx_submit=621 tx_done=621 rx_done=5814 | ready 0/1/2-3/4+=3018/34/1/0 | irq=2358 | park xfer=1355us handoff=223us n=634
[ 53.224988 0:4294967307 aic8800::device::probe:394] [wifi-probe] tx_writes=222 dt=2000ms period_avg=9081us max=73320us hist=95/6/4/21/96 | write n=222 avg=183us min=112us max=1539us bytes=113664 calls=1.86 | size blk 1/2/3/4-6/7-9/10+ n=222/0/0/0/0/0 avg=183/0/0/0/0/0us | credit n=5 min=123 max=130 avgx10=1266 backoff=0 avg=0us | gap rx0 n=149 avg=490us | rx1 n=0 avg=0us | rx2+ n=73 avg=26059us | supply core n=106 avg=310us | ring n=3 avg=7627us | none n=113 avg=16988us | scans=74 deferred=0 tx_ready=4 | steps=8283 per_tx_write=37.3 owner_calls=3053
[  5]  11.01-12.00  sec  4.00 MBytes  33.7 Mbits/sec                  
[ 53.225049 0:4294967307 aic8800::device::probe:465] [wifi-probe-rx] reads=1248 data_reads=587 avg=1822us min=364us max=4538us bytes=9467904 items=5814 data_frames=5814 data_confirmations=0 control_confirmations=0 control_indications=0 prints=0 | size <=512 n=0 avg=0us | <=2k n=61 avg=575us | <=8k n=112 avg=963us | >8k n=414 avg=2238us | control n=661 avg=365us min=0us max=2174us | credit n=5 avg=75us | other n=0 avg=0us | rdif_at_write 0/1/2-3/4+=217/5/0/0 | queue_at_arrival=116/74/108/323
[  5]  12.00-13.00  sec  3.75 MBytes  31.3 Mbits/sec                  
[ 55.229115 0:4294967307 ax_net::queue_runtime::executor::probe:194] [netprobe] dt=2004ms iters=3904 polls=2875 poll_us=24 waits=2065 wait_us=721 yields=0 | wait_kind notify=2065@721us deadline=0@0us hist=1031/2/45/144/843 | wake n=2850 avg=439us hist=0/835/293/663/1059 | owner_calls=2850 skipped=25 owner_us=143 max=2262us slow=521 | tx_submit=613 tx_done=613 rx_done=5340 | ready 0/1/2-3/4+=2823/24/3/0 | irq=2199 | park xfer=1601us handoff=216us n=590
[  5]  13.00-14.00  sec  3.62 MBytes  30.5 Mbits/sec                  
[ 55.229235 0:4294967307 aic8800::device::probe:394] [wifi-probe] tx_writes=212 dt=2004ms period_avg=9442us max=75968us hist=94/6/3/12/97 | write n=212 avg=199us min=111us max=1906us bytes=108544 calls=1.86 | size blk 1/2/3/4-6/7-9/10+ n=212/0/0/0/0/0 avg=199/0/0/0/0/0us | credit n=5 min=111 max=129 avgx10=1228 backoff=0 avg=0us | gap rx0 n=141 avg=592us | rx1 n=0 avg=0us | rx2+ n=71 avg=26421us | supply core n=102 avg=153us | ring n=5 avg=7123us | none n=105 avg=18173us | scans=70 deferred=0 tx_ready=2 | steps=7644 per_tx_write=36.0 owner_calls=2850
[ 55.229297 0:4294967307 aic8800::device::probe:465] [wifi-probe-rx] reads=1158 data_reads=544 avg=1796us min=363us max=5173us bytes=8695808 items=5340 data_frames=5340 data_confirmations=0 control_confirmations=0 control_indications=0 prints=0 | size <=512 n=0 avg=0us | <=2k n=54 avg=505us | <=8k n=116 avg=975us | >8k n=374 avg=2238us | control n=614 avg=361us min=0us max=1842us | credit n=5 avg=75us | other n=0 avg=0us | rdif_at_write 0/1/2-3/4+=203/7/1/1 | queue_at_arrival=110/69/107/327
[  5]  14.00-15.00  sec  3.88 MBytes  32.5 Mbits/sec                  
[ 57.229590 0:4294967307 ax_net::queue_runtime::executor::probe:194] [netprobe] dt=2000ms iters=4121 polls=3017 poll_us=24 waits=2214 wait_us=652 yields=0 | wait_kind notify=2214@652us deadline=0@0us hist=1110/1/53/120/930 | wake n=2996 avg=435us hist=0/862/292/708/1134 | owner_calls=2996 skipped=21 owner_us=149 max=2142us slow=583 | tx_submit=598 tx_done=594 rx_done=5724 | ready 0/1/2-3/4+=2953/41/2/0 | irq=2334 | park xfer=1396us handoff=214us n=632
[  5]  15.00-16.00  sec  4.00 MBytes  33.5 Mbits/sec                  
[ 57.229839 0:4294967307 aic8800::device::probe:394] [wifi-probe] tx_writes=210 dt=2000ms period_avg=9503us max=65110us hist=81/8/11/10/100 | write n=210 avg=195us min=112us max=1786us bytes=107520 calls=1.86 | size blk 1/2/3/4-6/7-9/10+ n=210/0/0/0/0/0 avg=195/0/0/0/0/0us | credit n=5 min=119 max=132 avgx10=1252 backoff=0 avg=0us | gap rx0 n=135 avg=643us | rx1 n=0 avg=0us | rx2+ n=75 avg=24903us | supply core n=96 avg=538us | ring n=1 avg=60us | none n=113 avg=16839us | scans=76 deferred=0 tx_ready=5 | steps=8168 per_tx_write=38.8 owner_calls=2996
[ 57.229901 0:4294967307 aic8800::device::probe:465] [wifi-probe-rx] reads=1247 data_reads=586 avg=1795us min=363us max=4106us bytes=9342976 items=5736 data_frames=5736 data_confirmations=0 control_confirmations=0 control_indications=0 prints=0 | size <=512 n=0 avg=0us | <=2k n=59 avg=536us | <=8k n=113 avg=1032us | >8k n=414 avg=2183us | control n=661 avg=382us min=0us max=1727us | credit n=5 avg=65us | other n=0 avg=0us | rdif_at_write 0/1/2-3/4+=204/4/2/0 | queue_at_arrival=115/73/121/289
[  5]  16.00-17.00  sec  4.00 MBytes  33.6 Mbits/sec                  
[ 59.230159 0:4294967307 ax_net::queue_runtime::executor::probe:194] [netprobe] dt=2000ms iters=3940 polls=2886 poll_us=25 waits=2112 wait_us=696 yields=0 | wait_kind notify=2112@696us deadline=0@0us hist=1058/1/48/112/893 | wake n=2860 avg=441us hist=0/834/256/667/1103 | owner_calls=2860 skipped=26 owner_us=149 max=2030us slow=539 | tx_submit=592 tx_done=593 rx_done=5644 | ready 0/1/2-3/4+=2823/36/1/0 | irq=2192 | park xfer=1578us handoff=202us n=590
[  5]  17.00-18.01  sec  4.00 MBytes  33.4 Mbits/sec                  
[ 59.230284 0:4294967307 aic8800::device::probe:394] [wifi-probe] tx_writes=208 dt=2000ms period_avg=9612us max=76775us hist=93/2/6/14/93 | write n=208 avg=193us min=111us max=1751us bytes=106496 calls=1.83 | size blk 1/2/3/4-6/7-9/10+ n=208/0/0/0/0/0 avg=193/0/0/0/0/0us | credit n=4 min=122 max=128 avgx10=1250 backoff=0 avg=0us | gap rx0 n=142 avg=586us | rx1 n=0 avg=0us | rx2+ n=66 avg=28424us | supply core n=103 avg=1002us | ring n=2 avg=9486us | none n=103 avg=17835us | scans=66 deferred=0 tx_ready=5 | steps=7939 per_tx_write=38.1 owner_calls=2860
[ 59.230348 0:4294967307 aic8800::device::probe:465] [wifi-probe-rx] reads=1159 data_reads=546 avg=1856us min=363us max=3936us bytes=9159680 items=5632 data_frames=5632 data_confirmations=0 control_confirmations=0 control_indications=0 prints=0 | size <=512 n=0 avg=0us | <=2k n=47 avg=496us | <=8k n=98 avg=953us | >8k n=401 avg=2236us | control n=613 avg=385us min=0us max=2062us | credit n=4 avg=54us | other n=0 avg=0us | rdif_at_write 0/1/2-3/4+=201/6/1/0 | queue_at_arrival=105/65/104/317
[  5]  18.01-19.00  sec  3.88 MBytes  32.6 Mbits/sec                  
[ 61.230383 0:4294967307 ax_net::queue_runtime::executor::probe:194] [netprobe] dt=2000ms iters=3917 polls=2862 poll_us=23 waits=2115 wait_us=695 yields=0 | wait_kind notify=2115@695us deadline=0@0us hist=1062/0/47/110/896 | wake n=2842 avg=455us hist=0/798/270/653/1121 | owner_calls=2842 skipped=20 owner_us=150 max=2036us slow=539 | tx_submit=583 tx_done=580 rx_done=5670 | ready 0/1/2-3/4+=2804/36/2/0 | irq=2180 | park xfer=1554us handoff=217us n=591
[  5]  19.00-20.00  sec  3.88 MBytes  32.5 Mbits/sec                  
[ 61.230501 0:4294967307 aic8800::device::probe:394] [wifi-probe] tx_writes=202 dt=2000ms period_avg=9846us max=69513us hist=81/8/4/15/94 | write n=202 avg=193us min=112us max=2059us bytes=103424 calls=1.83 | size blk 1/2/3/4-6/7-9/10+ n=202/0/0/0/0/0 avg=193/0/0/0/0/0us | credit n=5 min=123 max=131 avgx10=1270 backoff=0 avg=0us | gap rx0 n=132 avg=573us | rx1 n=0 avg=0us | rx2+ n=70 avg=26775us | supply core n=97 avg=1179us | ring n=1 avg=141us | none n=104 avg=17647us | scans=70 deferred=0 tx_ready=7 | steps=7954 per_tx_write=39.3 owner_calls=2842
[ 61.230561 0:4294967307 aic8800::device::probe:465] [wifi-probe-rx] reads=1160 data_reads=545 avg=1901us min=366us max=4730us bytes=9218048 items=5670 data_frames=5670 data_confirmations=0 control_confirmations=0 control_indications=0 prints=0 | size <=512 n=0 avg=0us | <=2k n=53 avg=557us | <=8k n=95 avg=1039us | >8k n=397 avg=2286us | control n=615 avg=356us min=0us max=1494us | credit n=5 avg=59us | other n=0 avg=0us | rdif_at_write 0/1/2-3/4+=199/3/0/0 | queue_at_arrival=105/67/112/300
[  5]  20.00-21.00  sec  2.75 MBytes  23.1 Mbits/sec                  
[ 63.230963 0:4294967307 ax_net::queue_runtime::executor::probe:194] [netprobe] dt=2000ms iters=3355 polls=2446 poll_us=25 waits=1819 wait_us=851 yields=0 | wait_kind notify=1819@851us deadline=0@0us hist=909/1/41/99/769 | wake n=2425 avg=477us hist=0/670/235/552/968 | owner_calls=2425 skipped=21 owner_us=150 max=2051us slow=464 | tx_submit=504 tx_done=502 rx_done=4910 | ready 0/1/2-3/4+=2396/29/0/0 | irq=1829 | park xfer=2091us handoff=214us n=497
[  5]  21.00-22.00  sec  4.12 MBytes  34.6 Mbits/sec                  
[ 63.233008 0:4294967307 aic8800::device::probe:394] [wifi-probe] tx_writes=170 dt=2002ms period_avg=11648us max=114930us hist=74/6/5/12/73 | write n=170 avg=209us min=112us max=2076us bytes=87040 calls=1.84 | size blk 1/2/3/4-6/7-9/10+ n=170/0/0/0/0/0 avg=209/0/0/0/0/0us | credit n=4 min=125 max=129 avgx10=1270 backoff=0 avg=0us | gap rx0 n=116 avg=704us | rx1 n=0 avg=0us | rx2+ n=54 avg=34498us | supply core n=88 avg=1239us | ring n=1 avg=99us | none n=81 avg=22660us | scans=54 deferred=0 tx_ready=6 | steps=6856 per_tx_write=40.3 owner_calls=2427
[ 63.233142 0:4294967307 aic8800::device::probe:465] [wifi-probe-rx] reads=972 data_reads=459 avg=1927us min=365us max=4118us bytes=7980032 items=4910 data_frames=4910 data_confirmations=0 control_confirmations=0 control_indications=0 prints=0 | size <=512 n=0 avg=0us | <=2k n=41 avg=547us | <=8k n=79 avg=1024us | >8k n=339 avg=2305us | control n=513 avg=372us min=0us max=2117us | credit n=4 avg=52us | other n=0 avg=0us | rdif_at_write 0/1/2-3/4+=162/8/0/0 | queue_at_arrival=82/51/90/281
[  5]  22.00-23.00  sec  2.88 MBytes  24.1 Mbits/sec                  
[ 65.254110 0:4294967307 ax_net::queue_runtime::executor::probe:194] [netprobe] dt=2023ms iters=3097 polls=2267 poll_us=24 waits=1668 wait_us=962 yields=0 | wait_kind notify=1668@962us deadline=0@0us hist=830/0/37/100/701 | wake n=2250 avg=448us hist=0/634/232/521/863 | owner_calls=2250 skipped=17 owner_us=149 max=1787us slow=431 | tx_submit=459 tx_done=467 rx_done=4339 | ready 0/1/2-3/4+=2221/29/0/0 | irq=1747 | park xfer=2449us handoff=208us n=471
[  5]  23.00-24.00  sec  3.00 MBytes  25.2 Mbits/sec                  
[ 65.254236 0:4294967307 aic8800::device::probe:394] [wifi-probe] tx_writes=162 dt=2021ms period_avg=12584us max=121266us hist=65/5/7/10/75 | write n=162 avg=205us min=112us max=1827us bytes=82944 calls=1.80 | size blk 1/2/3/4-6/7-9/10+ n=162/0/0/0/0/0 avg=205/0/0/0/0/0us | credit n=4 min=117 max=131 avgx10=1237 backoff=0 avg=0us | gap rx0 n=107 avg=555us | rx1 n=0 avg=0us | rx2+ n=55 avg=35380us | supply core n=76 avg=1390us | ring n=2 avg=3745us | none n=84 avg=22526us | scans=54 deferred=0 tx_ready=5 | steps=6157 per_tx_write=38.0 owner_calls=2248
[ 65.254300 0:4294967307 aic8800::device::probe:465] [wifi-probe-rx] reads=928 data_reads=437 avg=1804us min=364us max=4217us bytes=7059968 items=4339 data_frames=4339 data_confirmations=0 control_confirmations=0 control_indications=0 prints=0 | size <=512 n=0 avg=0us | <=2k n=37 avg=445us | <=8k n=85 avg=998us | >8k n=315 avg=2182us | control n=491 avg=392us min=0us max=1795us | credit n=4 avg=69us | other n=0 avg=0us | rdif_at_write 0/1/2-3/4+=156/6/0/0 | queue_at_arrival=85/48/90/236
[  5]  24.00-25.00  sec  3.00 MBytes  25.2 Mbits/sec                  
[ 67.254275 0:4294967307 ax_net::queue_runtime::executor::probe:194] [netprobe] dt=2000ms iters=3392 polls=2479 poll_us=23 waits=1827 wait_us=842 yields=0 | wait_kind notify=1827@842us deadline=0@0us hist=915/1/44/107/760 | wake n=2464 avg=461us hist=0/695/250/575/944 | owner_calls=2464 skipped=15 owner_us=152 max=2145us slow=463 | tx_submit=504 tx_done=498 rx_done=4731 | ready 0/1/2-3/4+=2426/35/3/0 | irq=1896 | park xfer=1999us handoff=208us n=520
[  5]  25.00-26.00  sec  3.62 MBytes  30.4 Mbits/sec                  
[ 67.254400 0:4294967307 aic8800::device::probe:394] [wifi-probe] tx_writes=179 dt=2000ms period_avg=11198us max=105506us hist=74/4/4/15/82 | write n=179 avg=212us min=112us max=1955us bytes=91648 calls=1.83 | size blk 1/2/3/4-6/7-9/10+ n=179/0/0/0/0/0 avg=212/0/0/0/0/0us | credit n=4 min=127 max=132 avgx10=1300 backoff=0 avg=0us | gap rx0 n=118 avg=832us | rx1 n=0 avg=0us | rx2+ n=61 avg=30628us | supply core n=84 avg=658us | ring n=3 avg=61us | none n=92 avg=20772us | scans=62 deferred=0 tx_ready=4 | steps=6721 per_tx_write=37.5 owner_calls=2464
[ 67.254463 0:4294967307 aic8800::device::probe:465] [wifi-probe-rx] reads=1002 data_reads=470 avg=1835us min=365us max=5044us bytes=7697408 items=4731 data_frames=4731 data_confirmations=0 control_confirmations=0 control_indications=0 prints=0 | size <=512 n=0 avg=0us | <=2k n=50 avg=533us | <=8k n=90 avg=966us | >8k n=330 avg=2270us | control n=532 avg=357us min=0us max=2455us | credit n=4 avg=61us | other n=0 avg=0us | rdif_at_write 0/1/2-3/4+=172/6/1/0 | queue_at_arrival=96/53/96/258
[  5]  26.00-27.00  sec  3.38 MBytes  28.4 Mbits/sec                  
[ 69.255216 0:4294967307 ax_net::queue_runtime::executor::probe:194] [netprobe] dt=2000ms iters=3302 polls=2431 poll_us=26 waits=1743 wait_us=893 yields=0 | wait_kind notify=1743@893us deadline=0@0us hist=872/1/45/89/736 | wake n=2404 avg=457us hist=0/682/232/572/918 | owner_calls=2404 skipped=27 owner_us=147 max=2284us slow=445 | tx_submit=492 tx_done=498 rx_done=4722 | ready 0/1/2-3/4+=2379/24/1/0 | irq=1859 | park xfer=2152us handoff=214us n=495
[  5]  27.00-28.00  sec  3.12 MBytes  26.2 Mbits/sec                  
[ 69.255335 0:4294967307 aic8800::device::probe:394] [wifi-probe] tx_writes=176 dt=2000ms period_avg=11332us max=72128us hist=73/6/2/17/78 | write n=176 avg=204us min=113us max=1783us bytes=90112 calls=1.82 | size blk 1/2/3/4-6/7-9/10+ n=176/0/0/0/0/0 avg=204/0/0/0/0/0us | credit n=4 min=124 max=127 avgx10=1257 backoff=0 avg=0us | gap rx0 n=120 avg=660us | rx1 n=0 avg=0us | rx2+ n=56 avg=33556us | supply core n=85 avg=562us | ring n=2 avg=10538us | none n=89 avg=21231us | scans=55 deferred=0 tx_ready=3 | steps=6669 per_tx_write=37.8 owner_calls=2404
[ 69.255398 0:4294967307 aic8800::device::probe:465] [wifi-probe-rx] reads=985 data_reads=465 avg=1839us min=317us max=4809us bytes=7682048 items=4722 data_frames=4722 data_confirmations=0 control_confirmations=0 control_indications=0 prints=0 | size <=512 n=0 avg=0us | <=2k n=49 avg=599us | <=8k n=83 avg=1033us | >8k n=333 avg=2222us | control n=520 avg=369us min=0us max=1582us | credit n=4 avg=51us | other n=0 avg=0us | rdif_at_write 0/1/2-3/4+=170/6/0/0 | queue_at_arrival=90/50/85/268
[  5]  28.00-29.00  sec  3.50 MBytes  29.3 Mbits/sec                  
[ 71.255783 0:4294967307 ax_net::queue_runtime::executor::probe:194] [netprobe] dt=2000ms iters=3620 polls=2641 poll_us=24 waits=1963 wait_us=775 yields=0 | wait_kind notify=1963@775us deadline=0@0us hist=982/1/43/116/821 | wake n=2618 avg=487us hist=0/743/231/588/1056 | owner_calls=2618 skipped=23 owner_us=147 max=2092us slow=472 | tx_submit=543 tx_done=541 rx_done=5264 | ready 0/1/2-3/4+=2595/22/1/0 | irq=1933 | park xfer=1877us handoff=209us n=518
[  5]  29.00-30.00  sec  3.88 MBytes  32.6 Mbits/sec                  
[ 71.255914 0:4294967307 aic8800::device::probe:394] [wifi-probe] tx_writes=189 dt=2000ms period_avg=10706us max=103405us hist=84/5/5/16/79 | write n=189 avg=195us min=111us max=2009us bytes=96768 calls=1.84 | size blk 1/2/3/4-6/7-9/10+ n=189/0/0/0/0/0 avg=195/0/0/0/0/0us | credit n=4 min=125 max=129 avgx10=1267 backoff=0 avg=0us | gap rx0 n=130 avg=550us | rx1 n=0 avg=0us | rx2+ n=59 avg=32459us | supply core n=93 avg=428us | ring n=0 avg=0us | none n=96 avg=20279us | scans=60 deferred=0 tx_ready=2 | steps=7372 per_tx_write=39.0 owner_calls=2618
[  5]  30.00-30.07  sec   256 KBytes  31.2 Mbits/sec                  
[ 71.255978 0:4294967307 aic8800::device::probe:465] [wifi-probe-rx] reads=1014 data_reads=477 avg=1967us min=364us max=3817us bytes=8555008 items=5264 data_frames=5264 data_confirmations=0 control_confirmations=0 control_indications=0 prints=0 | size <=512 n=0 avg=0us | <=2k n=48 avg=551us | <=8k n=86 avg=1024us | >8k n=343 avg=2401us | control n=537 avg=336us min=0us max=1848us | credit n=4 avg=53us | other n=0 avg=0us | rdif_at_write 0/1/2-3/4+=186/3/0/0 | queue_at_arrival=97/50/89/306
- - - - - - - - - - - - - - - - - - - - - - - - -
[ 71.361180 0:4294967324 starry_kernel::task::ops:539] Task(4294967324, "iperf3") exit with code: 0
[ ID] Interval           Transfer     Bitrate
[  5]   0.00-30.07  sec   107 MBytes  29.9 Mbits/sec                  receiver
-----------------------------------------------------------
Server listening on 5201 (test #2)
-----------------------------------------------------------
[ 78.071688 0:4294967307 ax_net::queue_runtime::executor::probe:194] [netprobe] dt=6815ms iters=234 polls=177 poll_us=20 waits=118 wait_us=57528 yields=0 | wait_kind notify=118@57528us deadline=0@0us hist=62/1/3/7/45 | wake n=176 avg=432us hist=0/56/31/38/51 | owner_calls=176 skipped=1 owner_us=125 max=1082us slow=23 | tx_submit=30 tx_done=32 rx_done=235 | ready 0/1/2-3/4+=174/2/0/0 | irq=149 | park xfer=187369us handoff=282us n=36
Accepted connection from 192.168.137.1, port 56122
[ 78.071856 0:4294967307 aic8800::device::probe:394] [wifi-probe] tx_writes=17 dt=6815ms period_avg=6876us max=29172us hist=4/0/0/1/12 | write n=17 avg=196us min=112us max=653us bytes=8704 calls=1.76 | size blk 1/2/3/4-6/7-9/10+ n=17/0/0/0/0/0 avg=196/0/0/0/0/0us | credit n=0 min=0 max=0 avgx10=0 backoff=0 avg=0us | gap rx0 n=10 avg=1174us | rx1 n=0 avg=0us | rx2+ n=7 avg=14545us | supply core n=4 avg=47us | ring n=0 avg=0us | none n=13 avg=8721us | scans=10 deferred=0 tx_ready=0 | steps=387 per_tx_write=22.7 owner_calls=176
[  5] local 192.168.137.107 port 5201 connected to 192.168.137.1 port 56123
[ 78.071920 0:4294967307 aic8800::device::probe:465] [wifi-probe-rx] reads=74 data_reads=32 avg=1452us min=139us max=3446us bytes=372736 items=237 data_frames=237 data_confirmations=0 control_confirmations=0 control_indications=0 prints=0 | size <=512 n=8 avg=163us | <=2k n=3 avg=345us | <=8k n=5 avg=1320us | >8k n=16 avg=2346us | control n=42 avg=278us min=0us max=795us | credit n=0 avg=0us | other n=0 avg=0us | rdif_at_write 0/1/2-3/4+=17/0/0/0 | queue_at_arrival=12/3/5/11
[ 78.112306 0:8589934620 starry_kernel::task::user:83] Enter user space: ip=0x601524d0, sp=0x428af0
[ ID] Interval           Transfer     Bitrate         Retr  Cwnd
[  5]   0.00-1.00   sec  1.62 MBytes  13.6 Mbits/sec    0   0.00 Bytes       
[ 80.072343 0:4294967307 ax_net::queue_runtime::executor::probe:194] [netprobe] dt=2000ms iters=8325 polls=6084 poll_us=12 waits=4622 wait_us=316 yields=0 | wait_kind notify=3411@274us deadline=1211@435us hist=2365/14/189/1540/514 | wake n=6075 avg=291us hist=0/2121/693/1269/1992 | owner_calls=6075 skipped=9 owner_us=65 max=2693us slow=447 | tx_submit=2236 tx_done=2209 rx_done=315 | ready 0/1/2-3/4+=6052/5/6/12 | irq=4155 | park xfer=626us handoff=269us n=913
[  5]   1.00-2.00   sec  1.50 MBytes  12.6 Mbits/sec    0   0.00 Bytes       
[ 80.072503 0:4294967307 aic8800::device::probe:394] [wifi-probe] tx_writes=812 dt=2000ms period_avg=10718us max=6708913us hist=0/86/312/165/249 | write n=812 avg=873us min=130us max=4034us bytes=3379712 calls=2.18 | size blk 1/2/3/4-6/7-9/10+ n=7/0/265/91/41/408 avg=158/0/517/798/1121/1107us | credit n=1623 min=2 max=128 avgx10=33 backoff=1219 avg=533us | gap rx0 n=651 avg=816us | rx1 n=0 avg=0us | rx2+ n=162 avg=46071us | supply core n=662 avg=1217us | ring n=106 avg=177us | none n=45 avg=159335us | scans=167 deferred=0 tx_ready=121 | steps=6345 per_tx_write=7.8 owner_calls=6075
[ 80.072569 0:4294967307 aic8800::device::probe:465] [wifi-probe-rx] reads=549 data_reads=191 avg=165us min=99us max=689us bytes=108032 items=317 data_frames=317 data_confirmations=0 control_confirmations=0 control_indications=0 prints=0 | size <=512 n=172 avg=147us | <=2k n=19 avg=327us | <=8k n=0 avg=0us | >8k n=0 avg=0us | control n=358 avg=91us min=0us max=811us | credit n=1623 avg=67us | other n=0 avg=0us | rdif_at_write 0/1/2-3/4+=248/98/59/407 | queue_at_arrival=151/136/353/1584
[  5]   2.00-3.00   sec  1.38 MBytes  11.5 Mbits/sec    0   0.00 Bytes       
[ 82.072461 0:4294967307 ax_net::queue_runtime::executor::probe:194] [netprobe] dt=2000ms iters=8612 polls=6337 poll_us=13 waits=4670 wait_us=308 yields=0 | wait_kind notify=3450@259us deadline=1220@449us hist=2391/19/207/1559/494 | wake n=6330 avg=284us hist=0/2151/815/1443/1921 | owner_calls=6330 skipped=7 owner_us=65 max=2472us slow=338 | tx_submit=2044 tx_done=2044 rx_done=285 | ready 0/1/2-3/4+=6298/9/7/16 | irq=4341 | park xfer=601us handoff=258us n=956
[  5]   3.00-4.00   sec  1.38 MBytes  11.5 Mbits/sec    0   0.00 Bytes       
[ 82.072588 0:4294967307 aic8800::device::probe:394] [wifi-probe] tx_writes=866 dt=2000ms period_avg=2312us max=58567us hist=0/123/353/159/231 | write n=866 avg=795us min=198us max=3644us bytes=3133952 calls=2.15 | size blk 1/2/3/4-6/7-9/10+ n=0/3/354/150/49/310 avg=0/1161/573/665/976/1079us | credit n=1777 min=2 max=58 avgx10=31 backoff=1228 avg=553us | gap rx0 n=723 avg=551us | rx1 n=0 avg=0us | rx2+ n=142 avg=6438us | supply core n=755 avg=1132us | ring n=69 avg=161us | none n=41 avg=10899us | scans=148 deferred=0 tx_ready=111 | steps=6588 per_tx_write=7.6 owner_calls=6330
[ 82.072650 0:4294967307 aic8800::device::probe:465] [wifi-probe-rx] reads=506 data_reads=179 avg=165us min=97us max=1427us bytes=100352 items=285 data_frames=285 data_confirmations=0 control_confirmations=0 control_indications=0 prints=0 | size <=512 n=163 avg=153us | <=2k n=16 avg=281us | <=8k n=0 avg=0us | >8k n=0 avg=0us | control n=327 avg=92us min=0us max=1620us | credit n=1777 avg=71us | other n=0 avg=0us | rdif_at_write 0/1/2-3/4+=322/135/76/333 | queue_at_arrival=113/86/286/1551
[  5]   4.00-5.00   sec  2.50 MBytes  21.0 Mbits/sec    0   0.00 Bytes       
[ 84.072735 0:4294967307 ax_net::queue_runtime::executor::probe:194] [netprobe] dt=2000ms iters=8718 polls=6343 poll_us=14 waits=4901 wait_us=276 yields=0 | wait_kind notify=3912@236us deadline=989@436us hist=2511/18/239/1548/585 | wake n=6333 avg=305us hist=0/2100/608/1488/2137 | owner_calls=6333 skipped=10 owner_us=76 max=3656us slow=768 | tx_submit=3452 tx_done=3448 rx_done=433 | ready 0/1/2-3/4+=6296/6/7/24 | irq=4299 | park xfer=420us handoff=285us n=1120
[  5]   5.00-6.00   sec  2.38 MBytes  19.9 Mbits/sec    0   0.00 Bytes       
[ 84.072859 0:4294967307 aic8800::device::probe:394] [wifi-probe] tx_writes=1021 dt=2000ms period_avg=1958us max=129564us hist=0/35/425/304/257 | write n=1021 avg=1014us min=312us max=4495us bytes=5286400 calls=2.32 | size blk 1/2/3/4-6/7-9/10+ n=0/0/126/103/52/740 avg=0/0/664/631/969/1130us | credit n=1292 min=2 max=127 avgx10=46 backoff=997 avg=537us | gap rx0 n=849 avg=431us | rx1 n=0 avg=0us | rx2+ n=173 avg=3451us | supply core n=937 avg=765us | ring n=64 avg=515us | none n=21 avg=10152us | scans=175 deferred=0 tx_ready=147 | steps=6681 per_tx_write=6.5 owner_calls=6333
[ 84.072921 0:4294967307 aic8800::device::probe:465] [wifi-probe-rx] reads=585 data_reads=205 avg=178us min=97us max=675us bytes=124928 items=435 data_frames=435 data_confirmations=0 control_confirmations=0 control_indications=0 prints=0 | size <=512 n=170 avg=136us | <=2k n=34 avg=374us | <=8k n=1 avg=503us | >8k n=0 avg=0us | control n=380 avg=95us min=0us max=1725us | credit n=1292 avg=70us | other n=0 avg=0us | rdif_at_write 0/1/2-3/4+=212/62/71/676 | queue_at_arrival=85/97/234/3045
[  5]   6.00-7.00   sec  2.50 MBytes  21.0 Mbits/sec    0   0.00 Bytes       
[ 86.072735 0:4294967307 ax_net::queue_runtime::executor::probe:194] [netprobe] dt=2000ms iters=8722 polls=6394 poll_us=16 waits=4813 wait_us=273 yields=0 | wait_kind notify=4010@237us deadline=803@452us hist=2460/16/255/1483/599 | wake n=6382 avg=309us hist=0/2016/624/1664/2078 | owner_calls=6382 skipped=12 owner_us=81 max=2870us slow=868 | tx_submit=3763 tx_done=3763 rx_done=447 | ready 0/1/2-3/4+=6329/9/15/29 | irq=4391 | park xfer=382us handoff=274us n=1225
[  5]   7.00-8.00   sec  2.75 MBytes  23.1 Mbits/sec    0   0.00 Bytes       
[ 86.072885 0:4294967307 aic8800::device::probe:394] [wifi-probe] tx_writes=1131 dt=2000ms period_avg=1768us max=38139us hist=0/35/492/316/288 | write n=1131 avg=982us min=317us max=4593us bytes=5769216 calls=2.33 | size blk 1/2/3/4-6/7-9/10+ n=0/0/136/144/65/786 avg=0/0/659/610/1007/1103us | credit n=1149 min=2 max=85 avgx10=52 backoff=806 avg=561us | gap rx0 n=955 avg=343us | rx1 n=0 avg=0us | rx2+ n=176 avg=3189us | supply core n=1031 avg=663us | ring n=73 avg=148us | none n=27 avg=7203us | scans=177 deferred=0 tx_ready=157 | steps=6756 per_tx_write=5.9 owner_calls=6382
[ 86.072948 0:4294967307 aic8800::device::probe:465] [wifi-probe-rx] reads=595 data_reads=209 avg=195us min=96us max=965us bytes=129024 items=447 data_frames=447 data_confirmations=0 control_confirmations=0 control_indications=0 prints=0 | size <=512 n=169 avg=145us | <=2k n=40 avg=405us | <=8k n=0 avg=0us | >8k n=0 avg=0us | control n=386 avg=115us min=0us max=2599us | credit n=1149 avg=75us | other n=0 avg=0us | rdif_at_write 0/1/2-3/4+=244/63/97/727 | queue_at_arrival=101/102/322/3245
[  5]   8.00-9.01   sec  2.50 MBytes  20.9 Mbits/sec    0   0.00 Bytes       
[ 88.072795 0:4294967307 ax_net::queue_runtime::executor::probe:194] [netprobe] dt=2000ms iters=8681 polls=6363 poll_us=15 waits=4797 wait_us=277 yields=0 | wait_kind notify=3954@240us deadline=843@449us hist=2463/29/249/1442/614 | wake n=6354 avg=305us hist=0/2041/624/1663/2026 | owner_calls=6354 skipped=9 owner_us=79 max=4042us slow=808 | tx_submit=3577 tx_done=3577 rx_done=463 | ready 0/1/2-3/4+=6314/5/4/31 | irq=4393 | park xfer=400us handoff=271us n=1198
[  5]   9.01-10.00  sec  2.50 MBytes  21.1 Mbits/sec    0   0.00 Bytes       
[ 88.072993 0:4294967307 aic8800::device::probe:394] [wifi-probe] tx_writes=1090 dt=2000ms period_avg=1835us max=31999us hist=0/38/476/299/277 | write n=1090 avg=973us min=260us max=5110us bytes=5490176 calls=2.29 | size blk 1/2/3/4-6/7-9/10+ n=0/0/142/142/69/737 avg=0/0/705/586/972/1099us | credit n=1191 min=2 max=98 avgx10=50 backoff=851 avg=551us | gap rx0 n=910 avg=472us | rx1 n=0 avg=0us | rx2+ n=179 avg=2848us | supply core n=972 avg=707us | ring n=74 avg=203us | none n=43 avg=5508us | scans=180 deferred=0 tx_ready=138 | steps=6735 per_tx_write=6.1 owner_calls=6355
[ 88.073056 0:4294967307 aic8800::device::probe:465] [wifi-probe-rx] reads=622 data_reads=221 avg=200us min=98us max=1836us bytes=135680 items=463 data_frames=463 data_confirmations=0 control_confirmations=0 control_indications=0 prints=0 | size <=512 n=179 avg=154us | <=2k n=42 avg=394us | <=8k n=0 avg=0us | >8k n=0 avg=0us | control n=401 avg=114us min=0us max=1548us | credit n=1191 avg=71us | other n=0 avg=0us | rdif_at_write 0/1/2-3/4+=274/50/90/676 | queue_at_arrival=117/125/374/2961
[  5]  10.00-11.00  sec  2.38 MBytes  19.9 Mbits/sec    0   0.00 Bytes       
[ 90.073004 0:4294967307 ax_net::queue_runtime::executor::probe:194] [netprobe] dt=2000ms iters=8884 polls=6441 poll_us=14 waits=5031 wait_us=267 yields=0 | wait_kind notify=4085@225us deadline=946@448us hist=2586/9/290/1503/643 | wake n=6434 avg=311us hist=0/2124/591/1483/2236 | owner_calls=6434 skipped=7 owner_us=77 max=3361us slow=896 | tx_submit=3763 tx_done=3763 rx_done=441 | ready 0/1/2-3/4+=6401/5/8/20 | irq=4363 | park xfer=354us handoff=299us n=1181
[  5]  11.00-12.00  sec  2.88 MBytes  24.1 Mbits/sec    0   0.00 Bytes       
[ 90.073121 0:4294967307 aic8800::device::probe:394] [wifi-probe] tx_writes=1075 dt=2000ms period_avg=1859us max=39270us hist=0/31/422/353/269 | write n=1075 avg=1038us min=316us max=4253us bytes=5763072 calls=2.36 | size blk 1/2/3/4-6/7-9/10+ n=0/1/107/78/61/828 avg=0/1984/661/740/934/1121us | credit n=1210 min=2 max=121 avgx10=50 backoff=950 avg=552us | gap rx0 n=895 avg=491us | rx1 n=0 avg=0us | rx2+ n=181 avg=2445us | supply core n=1004 avg=717us | ring n=55 avg=205us | none n=17 avg=8916us | scans=184 deferred=0 tx_ready=160 | steps=6781 per_tx_write=6.3 owner_calls=6433
[ 90.073209 0:4294967307 aic8800::device::probe:465] [wifi-probe-rx] reads=606 data_reads=211 avg=194us min=100us max=928us bytes=128512 items=441 data_frames=441 data_confirmations=0 control_confirmations=0 control_indications=0 prints=0 | size <=512 n=172 avg=144us | <=2k n=39 avg=417us | <=8k n=0 avg=0us | >8k n=0 avg=0us | control n=395 avg=97us min=0us max=1803us | credit n=1210 avg=69us | other n=0 avg=0us | rdif_at_write 0/1/2-3/4+=230/50/58/737 | queue_at_arrival=72/62/223/3387
[  5]  12.00-13.00  sec  2.62 MBytes  22.0 Mbits/sec    0   0.00 Bytes       
[ 92.073217 0:4294967307 ax_net::queue_runtime::executor::probe:194] [netprobe] dt=2000ms iters=8300 polls=6035 poll_us=17 waits=4667 wait_us=286 yields=0 | wait_kind notify=4000@260us deadline=667@443us hist=2388/15/311/1395/558 | wake n=6022 avg=316us hist=0/1852/568/1594/2008 | owner_calls=6022 skipped=13 owner_us=82 max=2563us slow=935 | tx_submit=3981 tx_done=3985 rx_done=434 | ready 0/1/2-3/4+=5982/5/3/32 | irq=4070 | park xfer=432us handoff=271us n=1205
[  5]  13.00-14.00  sec  2.75 MBytes  23.1 Mbits/sec    0   0.00 Bytes       
[ 92.073347 0:4294967307 aic8800::device::probe:394] [wifi-probe] tx_writes=1130 dt=2000ms period_avg=1770us max=43000us hist=0/27/478/381/244 | write n=1130 avg=1015us min=287us max=4666us bytes=6109696 calls=2.39 | size blk 1/2/3/4-6/7-9/10+ n=0/1/89/105/55/880 avg=0/400/525/630/1030/1111us | credit n=933 min=2 max=100 avgx10=62 backoff=672 avg=547us | gap rx0 n=968 avg=283us | rx1 n=0 avg=0us | rx2+ n=162 avg=3574us | supply core n=1045 avg=557us | ring n=69 avg=123us | none n=16 avg=16388us | scans=163 deferred=0 tx_ready=148 | steps=6367 per_tx_write=5.6 owner_calls=6022
[ 92.073409 0:4294967307 aic8800::device::probe:465] [wifi-probe-rx] reads=531 data_reads=184 avg=188us min=98us max=653us bytes=117248 items=434 data_frames=434 data_confirmations=0 control_confirmations=0 control_indications=0 prints=0 | size <=512 n=147 avg=139us | <=2k n=36 avg=380us | <=8k n=1 avg=426us | >8k n=0 avg=0us | control n=347 avg=102us min=0us max=1447us | credit n=933 avg=73us | other n=0 avg=0us | rdif_at_write 0/1/2-3/4+=185/35/61/849 | queue_at_arrival=85/91/419/3400
[  5]  14.00-15.00  sec  2.25 MBytes  18.9 Mbits/sec    0   0.00 Bytes       
[ 94.075063 0:4294967307 ax_net::queue_runtime::executor::probe:194] [netprobe] dt=2001ms iters=8080 polls=5826 poll_us=16 waits=4609 wait_us=302 yields=0 | wait_kind notify=3731@271us deadline=878@431us hist=2351/12/235/1496/515 | wake n=5817 avg=302us hist=0/1896/477/1444/2000 | owner_calls=5817 skipped=9 owner_us=78 max=4618us slow=763 | tx_submit=3290 tx_done=3317 rx_done=358 | ready 0/1/2-3/4+=5781/5/10/21 | irq=3811 | park xfer=559us handoff=228us n=1071
[  5]  15.00-16.00  sec  2.50 MBytes  20.9 Mbits/sec    0   0.00 Bytes       
[ 94.075219 0:4294967307 aic8800::device::probe:394] [wifi-probe] tx_writes=980 dt=2001ms period_avg=2038us max=110763us hist=0/28/495/256/201 | write n=980 avg=944us min=291us max=5243us bytes=5085696 calls=2.33 | size blk 1/2/3/4-6/7-9/10+ n=0/3/102/119/50/706 avg=0/338/490/649/876/1066us | credit n=1162 min=2 max=101 avgx10=48 backoff=886 avg=531us | gap rx0 n=861 avg=443us | rx1 n=0 avg=0us | rx2+ n=118 avg=5856us | supply core n=892 avg=735us | ring n=64 avg=176us | none n=23 avg=17633us | scans=124 deferred=0 tx_ready=89 | steps=6119 per_tx_write=6.2 owner_calls=5817
[ 94.075284 0:4294967307 aic8800::device::probe:465] [wifi-probe-rx] reads=418 data_reads=147 avg=219us min=99us max=1637us bytes=96256 items=360 data_frames=360 data_confirmations=0 control_confirmations=0 control_indications=0 prints=0 | size <=512 n=111 avg=172us | <=2k n=36 avg=363us | <=8k n=0 avg=0us | >8k n=0 avg=0us | control n=271 avg=118us min=0us max=2557us | credit n=1162 avg=72us | other n=0 avg=0us | rdif_at_write 0/1/2-3/4+=220/59/64/637 | queue_at_arrival=88/100/443/2668
[  5]  16.00-17.00  sec  2.62 MBytes  22.1 Mbits/sec    0   0.00 Bytes       
[ 96.083284 0:4294967307 ax_net::queue_runtime::executor::probe:194] [netprobe] dt=2008ms iters=8154 polls=5926 poll_us=15 waits=4576 wait_us=306 yields=0 | wait_kind notify=3743@277us deadline=833@438us hist=2338/22/245/1372/599 | wake n=5912 avg=302us hist=0/1919/521/1535/1937 | owner_calls=5912 skipped=14 owner_us=76 max=2139us slow=778 | tx_submit=3414 tx_done=3414 rx_done=409 | ready 0/1/2-3/4+=5886/2/8/16 | irq=4012 | park xfer=525us handoff=251us n=1115
[  5]  17.00-18.00  sec  2.00 MBytes  16.8 Mbits/sec    0   0.00 Bytes       
[ 96.083411 0:4294967307 aic8800::device::probe:394] [wifi-probe] tx_writes=1010 dt=2008ms period_avg=1976us max=41110us hist=0/43/428/305/234 | write n=1010 avg=959us min=232us max=4030us bytes=5234176 calls=2.30 | size blk 1/2/3/4-6/7-9/10+ n=0/0/117/112/51/730 avg=0/0/456/639/931/1090us | credit n=1123 min=2 max=84 avgx10=50 backoff=836 avg=539us | gap rx0 n=854 avg=517us | rx1 n=0 avg=0us | rx2+ n=156 avg=3755us | supply core n=888 avg=703us | ring n=97 avg=332us | none n=25 avg=14850us | scans=160 deferred=0 tx_ready=124 | steps=6245 per_tx_write=6.1 owner_calls=5912
[ 96.083475 0:4294967307 aic8800::device::probe:465] [wifi-probe-rx] reads=526 data_reads=183 avg=208us min=98us max=2672us bytes=114176 items=409 data_frames=409 data_confirmations=0 control_confirmations=0 control_indications=0 prints=0 | size <=512 n=145 avg=151us | <=2k n=38 avg=423us | <=8k n=0 avg=0us | >8k n=0 avg=0us | control n=343 avg=100us min=0us max=2076us | credit n=1123 avg=71us | other n=0 avg=0us | rdif_at_write 0/1/2-3/4+=234/40/79/657 | queue_at_arrival=123/169/478/2644
[  5]  18.00-19.00  sec  2.50 MBytes  21.0 Mbits/sec    0   0.00 Bytes       
[ 98.084430 0:4294967307 ax_net::queue_runtime::executor::probe:194] [netprobe] dt=2001ms iters=8787 polls=6382 poll_us=16 waits=4935 wait_us=271 yields=0 | wait_kind notify=4062@232us deadline=873@455us hist=2511/15/277/1571/561 | wake n=6368 avg=306us hist=0/2037/577/1707/2047 | owner_calls=6368 skipped=14 owner_us=77 max=2516us slow=816 | tx_submit=3689 tx_done=3658 rx_done=399 | ready 0/1/2-3/4+=6337/3/10/18 | irq=4252 | park xfer=386us handoff=257us n=1192
[  5]  19.00-20.00  sec  2.62 MBytes  22.0 Mbits/sec    0   0.00 Bytes       
[ 98.084554 0:4294967307 aic8800::device::probe:394] [wifi-probe] tx_writes=1099 dt=2001ms period_avg=1832us max=39927us hist=0/41/499/319/240 | write n=1099 avg=958us min=227us max=4509us bytes=5607936 calls=2.35 | size blk 1/2/3/4-6/7-9/10+ n=0/0/125/153/57/764 avg=0/0/581/609/863/1097us | credit n=1234 min=2 max=96 avgx10=49 backoff=883 avg=556us | gap rx0 n=952 avg=394us | rx1 n=0 avg=0us | rx2+ n=148 avg=3952us | supply core n=1040 avg=685us | ring n=41 avg=143us | none n=19 avg=12695us | scans=150 deferred=0 tx_ready=128 | steps=6699 per_tx_write=6.0 owner_calls=6368
[ 98.084619 0:4294967307 aic8800::device::probe:465] [wifi-probe-rx] reads=496 data_reads=173 avg=215us min=97us max=1824us bytes=111104 items=399 data_frames=399 data_confirmations=0 control_confirmations=0 control_indications=0 prints=0 | size <=512 n=132 avg=154us | <=2k n=41 avg=413us | <=8k n=0 avg=0us | >8k n=0 avg=0us | control n=323 avg=102us min=0us max=2544us | credit n=1234 avg=72us | other n=0 avg=0us | rdif_at_write 0/1/2-3/4+=232/63/100/704 | queue_at_arrival=60/77/404/3124
[  5]  20.00-21.00  sec  2.38 MBytes  19.9 Mbits/sec    0   0.00 Bytes       
[100.084451 0:4294967307 ax_net::queue_runtime::executor::probe:194] [netprobe] dt=2000ms iters=9305 polls=6769 poll_us=15 waits=5241 wait_us=251 yields=0 | wait_kind notify=4217@202us deadline=1024@451us hist=2690/15/289/1676/571 | wake n=6758 avg=303us hist=0/2230/638/1656/2234 | owner_calls=6758 skipped=11 owner_us=75 max=3745us slow=837 | tx_submit=3625 tx_done=3625 rx_done=439 | ready 0/1/2-3/4+=6710/7/12/29 | irq=4577 | park xfer=307us handoff=262us n=1199
[  5]  21.00-22.00  sec  2.75 MBytes  23.0 Mbits/sec    0   0.00 Bytes       
[100.084581 0:4294967307 aic8800::device::probe:394] [wifi-probe] tx_writes=1088 dt=2000ms period_avg=1837us max=41334us hist=0/45/459/320/264 | write n=1088 avg=977us min=274us max=3670us bytes=5557760 calls=2.36 | size blk 1/2/3/4-6/7-9/10+ n=0/1/135/126/67/759 avg=0/491/492/620/883/1132us | credit n=1371 min=2 max=77 avgx10=46 backoff=1031 avg=554us | gap rx0 n=908 avg=472us | rx1 n=0 avg=0us | rx2+ n=179 avg=2829us | supply core n=1015 avg=782us | ring n=56 avg=216us | none n=16 avg=8082us | scans=182 deferred=0 tx_ready=158 | steps=7112 per_tx_write=6.5 owner_calls=6759
[100.084643 0:4294967307 aic8800::device::probe:465] [wifi-probe-rx] reads=628 data_reads=223 avg=174us min=97us max=718us bytes=129024 items=439 data_frames=439 data_confirmations=0 control_confirmations=0 control_indications=0 prints=0 | size <=512 n=194 avg=144us | <=2k n=29 avg=374us | <=8k n=0 avg=0us | >8k n=0 avg=0us | control n=405 avg=114us min=0us max=3772us | credit n=1371 avg=71us | other n=0 avg=0us | rdif_at_write 0/1/2-3/4+=233/56/90/709 | queue_at_arrival=72/88/292/3197
[  5]  22.00-23.00  sec  2.50 MBytes  21.0 Mbits/sec    0   0.00 Bytes       
[102.084610 0:4294967307 ax_net::queue_runtime::executor::probe:194] [netprobe] dt=2000ms iters=8352 polls=6121 poll_us=16 waits=4624 wait_us=288 yields=0 | wait_kind notify=3941@260us deadline=683@448us hist=2374/13/280/1311/646 | wake n=6111 avg=313us hist=0/1893/574/1676/1968 | owner_calls=6111 skipped=10 owner_us=83 max=2943us slow=903 | tx_submit=3875 tx_done=3879 rx_done=452 | ready 0/1/2-3/4+=6067/6/10/28 | irq=4230 | park xfer=412us handoff=268us n=1224
[  5]  23.00-24.00  sec  2.88 MBytes  24.1 Mbits/sec    0   0.00 Bytes       
[102.084745 0:4294967307 aic8800::device::probe:394] [wifi-probe] tx_writes=1119 dt=2000ms period_avg=1789us max=44206us hist=0/32/477/344/266 | write n=1119 avg=1003us min=262us max=5420us bytes=5947392 calls=2.33 | size blk 1/2/3/4-6/7-9/10+ n=0/1/110/109/46/853 avg=0/356/572/676/866/1109us | credit n=979 min=2 max=120 avgx10=60 backoff=689 avg=552us | gap rx0 n=942 avg=352us | rx1 n=0 avg=0us | rx2+ n=178 avg=3076us | supply core n=1021 avg=589us | ring n=75 avg=187us | none n=24 avg=11005us | scans=182 deferred=0 tx_ready=142 | steps=6485 per_tx_write=5.7 owner_calls=6110
[102.084811 0:4294967307 aic8800::device::probe:465] [wifi-probe-rx] reads=614 data_reads=216 avg=182us min=99us max=1381us bytes=131584 items=452 data_frames=452 data_confirmations=0 control_confirmations=0 control_indications=0 prints=0 | size <=512 n=179 avg=138us | <=2k n=37 avg=392us | <=8k n=0 avg=0us | >8k n=0 avg=0us | control n=398 avg=100us min=0us max=2533us | credit n=979 avg=76us | other n=0 avg=0us | rdif_at_write 0/1/2-3/4+=252/33/54/780 | queue_at_arrival=99/117/434/3208
[  5]  24.00-25.00  sec  3.12 MBytes  26.2 Mbits/sec    0   0.00 Bytes       
[104.084781 0:4294967307 ax_net::queue_runtime::executor::probe:194] [netprobe] dt=2000ms iters=8231 polls=5996 poll_us=17 waits=4636 wait_us=280 yields=0 | wait_kind notify=4134@258us deadline=502@463us hist=2385/18/330/1299/604 | wake n=5984 avg=323us hist=0/1789/537/1633/2025 | owner_calls=5984 skipped=12 owner_us=89 max=3908us slow=1052 | tx_submit=4358 tx_done=4354 rx_done=466 | ready 0/1/2-3/4+=5933/0/12/39 | irq=4086 | park xfer=388us handoff=275us n=1277
[  5]  25.00-26.00  sec  2.75 MBytes  23.1 Mbits/sec    0   0.00 Bytes       
[104.084909 0:4294967307 aic8800::device::probe:394] [wifi-probe] tx_writes=1195 dt=2000ms period_avg=1654us max=36774us hist=0/28/496/401/270 | write n=1195 avg=1046us min=315us max=4960us bytes=6674944 calls=2.43 | size blk 1/2/3/4-6/7-9/10+ n=0/0/72/82/46/995 avg=0/0/535/749/841/1117us | credit n=720 min=2 max=84 avgx10=79 backoff=506 avg=566us | gap rx0 n=1016 avg=262us | rx1 n=0 avg=0us | rx2+ n=178 avg=2582us | supply core n=1147 avg=437us | ring n=33 avg=152us | none n=14 avg=15659us | scans=180 deferred=0 tx_ready=162 | steps=6342 per_tx_write=5.3 owner_calls=5985
[104.084971 0:4294967307 aic8800::device::probe:465] [wifi-probe-rx] reads=592 data_reads=206 avg=204us min=98us max=3095us bytes=124928 items=466 data_frames=466 data_confirmations=0 control_confirmations=0 control_indications=0 prints=0 | size <=512 n=169 avg=161us | <=2k n=37 avg=400us | <=8k n=0 avg=0us | >8k n=0 avg=0us | control n=386 avg=102us min=0us max=2831us | credit n=720 avg=78us | other n=0 avg=0us | rdif_at_write 0/1/2-3/4+=182/22/70/921 | queue_at_arrival=47/84/290/3954
[  5]  26.00-27.00  sec  2.88 MBytes  24.1 Mbits/sec    0   0.00 Bytes       
[106.085100 0:4294967307 ax_net::queue_runtime::executor::probe:194] [netprobe] dt=2000ms iters=8472 polls=6166 poll_us=16 waits=4754 wait_us=273 yields=0 | wait_kind notify=4084@244us deadline=670@448us hist=2435/15/316/1382/606 | wake n=6152 avg=317us hist=0/1904/534/1661/2053 | owner_calls=6152 skipped=14 owner_us=86 max=3376us slow=968 | tx_submit=4068 tx_done=4072 rx_done=407 | ready 0/1/2-3/4+=6102/6/8/36 | irq=4141 | park xfer=394us handoff=263us n=1240
[  5]  27.00-28.00  sec  2.88 MBytes  24.1 Mbits/sec    0   0.00 Bytes       
[106.085532 0:4294967307 aic8800::device::probe:394] [wifi-probe] tx_writes=1160 dt=2000ms period_avg=1744us max=45477us hist=0/41/502/365/252 | write n=1160 avg=1011us min=313us max=4647us bytes=6243328 calls=2.38 | size blk 1/2/3/4-6/7-9/10+ n=0/0/97/116/45/902 avg=0/0/566/670/809/1113us | credit n=953 min=2 max=96 avgx10=62 backoff=680 avg=549us | gap rx0 n=1006 avg=382us | rx1 n=0 avg=0us | rx2+ n=155 avg=3005us | supply core n=1092 avg=574us | ring n=53 avg=160us | none n=16 avg=13401us | scans=156 deferred=0 tx_ready=138 | steps=6472 per_tx_write=5.5 owner_calls=6151
[106.085643 0:4294967307 aic8800::device::probe:465] [wifi-probe-rx] reads=528 data_reads=186 avg=193us min=98us max=2992us bytes=113664 items=407 data_frames=407 data_confirmations=0 control_confirmations=0 control_indications=0 prints=0 | size <=512 n=151 avg=155us | <=2k n=35 avg=353us | <=8k n=0 avg=0us | >8k n=0 avg=0us | control n=342 avg=118us min=0us max=2877us | credit n=953 avg=76us | other n=0 avg=0us | rdif_at_write 0/1/2-3/4+=203/48/71/838 | queue_at_arrival=69/87/308/3601
[  5]  28.00-29.00  sec  3.00 MBytes  25.2 Mbits/sec    0   0.00 Bytes       
[108.085230 0:4294967307 ax_net::queue_runtime::executor::probe:194] [netprobe] dt=2000ms iters=8631 polls=6278 poll_us=16 waits=4846 wait_us=273 yields=0 | wait_kind notify=4119@241us deadline=727@453us hist=2479/21/294/1416/636 | wake n=6268 avg=309us hist=0/1960/590/1654/2064 | owner_calls=6268 skipped=10 owner_us=81 max=5165us slow=947 | tx_submit=4017 tx_done=4013 rx_done=441 | ready 0/1/2-3/4+=6228/5/5/30 | irq=4258 | park xfer=380us handoff=261us n=1252
[  5]  29.00-30.00  sec  2.50 MBytes  21.0 Mbits/sec    0   0.00 Bytes       
[108.085878 0:4294967307 aic8800::device::probe:394] [wifi-probe] tx_writes=1149 dt=2000ms period_avg=1725us max=36746us hist=0/34/478/390/247 | write n=1149 avg=999us min=268us max=5791us bytes=6152192 calls=2.36 | size blk 1/2/3/4-6/7-9/10+ n=0/2/101/114/46/886 avg=0/412/555/629/911/1103us | credit n=1010 min=2 max=96 avgx10=59 backoff=735 avg=558us | gap rx0 n=984 avg=336us | rx1 n=0 avg=0us | rx2+ n=164 avg=3067us | supply core n=1060 avg=573us | ring n=68 avg=198us | none n=20 avg=10638us | scans=170 deferred=0 tx_ready=138 | steps=6633 per_tx_write=5.7 owner_calls=6271
- - - - - - - - - - - - - - - - - - - - - - - - -
[108.085995 0:4294967307 aic8800::device::probe:465] [wifi-probe-rx] reads=578 data_reads=204 avg=200us min=99us max=1070us bytes=123904 items=441 data_frames=441 data_confirmations=0 control_confirmations=0 control_indications=0 prints=0 | size <=512 n=169 avg=154us | <=2k n=35 avg=422us | <=8k n=0 avg=0us | >8k n=0 avg=0us | control n=374 avg=99us min=0us max=1491us | credit n=1010 avg=72us | other n=0 avg=0us | rdif_at_write 0/1/2-3/4+=214/51/73/811 | queue_at_arrival=88/136/406/3390
[ ID] Interval           Transfer     Bitrate         Retr
[108.202804 0:8589934620 starry_kernel::task::ops:539] Task(8589934620, "iperf3") exit with code: 0
[  5]   0.00-30.01  sec  73.8 MBytes  20.6 Mbits/sec    0            sender
-----------------------------------------------------------
Server listening on 5201 (test #3)
-----------------------------------------------------------
[117.600807 0:4294967307 ax_net::queue_runtime::executor::probe:194] [netprobe] dt=9515ms iters=773 polls=539 poll_us=10 waits=478 wait_us=19828 yields=0 | wait_kind notify=308@30511us deadline=170@472us hist=243/1/11/134/89 | wake n=538 avg=304us hist=0/206/55/63/214 | owner_calls=538 skipped=1 owner_us=49 max=684us slow=17 | tx_submit=50 tx_done=81 rx_done=31 | ready 0/1/2-3/4+=537/0/0/1 | irq=338 | park xfer=195303us handoff=147us n=48
Accepted connection from 192.168.137.1, port 50597
[117.600922 0:4294967307 aic8800::device::probe:394] [wifi-probe] tx_writes=32 dt=9515ms period_avg=6622us max=59926us hist=1/2/7/10/12 | write n=32 avg=667us min=134us max=1526us bytes=119296 calls=2.12 | size blk 1/2/3/4-6/7-9/10+ n=5/0/9/2/1/15 avg=152/0/429/522/671/1000us | credit n=182 min=2 max=40 avgx10=25 backoff=170 avg=577us | gap rx0 n=27 avg=4562us | rx1 n=0 avg=0us | rx2+ n=5 avg=13477us | supply core n=24 avg=5048us | ring n=3 avg=124us | none n=5 avg=13808us | scans=18 deferred=0 tx_ready=2 | steps=566 per_tx_write=17.6 owner_calls=535
[  5] local 192.168.137.107 port 5201 connected to 192.168.137.1 port 50598
[117.600985 0:4294967307 aic8800::device::probe:465] [wifi-probe-rx] reads=54 data_reads=18 avg=192us min=130us max=538us bytes=11264 items=33 data_frames=33 data_confirmations=0 control_confirmations=0 control_indications=0 prints=0 | size <=512 n=14 avg=153us | <=2k n=4 avg=330us | <=8k n=0 avg=0us | >8k n=0 avg=0us | control n=36 avg=84us min=0us max=254us | credit n=182 avg=62us | other n=0 avg=0us | rdif_at_write 0/1/2-3/4+=19/4/1/8 | queue_at_arrival=8/4/11/27
[  8] local 192.168.137.107 port 5201 connected to 192.168.137.1 port 50599
[117.665692 0:12884901916 starry_kernel::task::user:83] Enter user space: ip=0x601524d0, sp=0x448af0
[117.669129 0:4294967325 starry_kernel::task::user:83] Enter user space: ip=0x601524d0, sp=0x46baf0
[ ID][Role] Interval           Transfer     Bitrate         Retr  Cwnd
[  5][RX-S]   0.00-1.00   sec   896 KBytes  7.33 Mbits/sec                  
[  8][TX-S]   0.00-1.00   sec  1.50 MBytes  12.6 Mbits/sec    0   0.00 Bytes       
[119.601795 0:4294967307 ax_net::queue_runtime::executor::probe:194] [netprobe] dt=2000ms iters=7938 polls=5710 poll_us=14 waits=4534 wait_us=312 yields=0 | wait_kind notify=3454@271us deadline=1080@442us hist=2293/10/160/1438/633 | wake n=5697 avg=329us hist=0/1997/507/1104/2089 | owner_calls=5697 skipped=13 owner_us=78 max=2492us slow=624 | tx_submit=2289 tx_done=2258 rx_done=1795 | ready 0/1/2-3/4+=5668/7/7/15 | irq=3755 | park xfer=516us handoff=312us n=884
[119.602166 0:4294967307 aic8800::device::probe:394] [wifi-probe] tx_writes=705 dt=2001ms period_avg=16026us max=9325235us hist=9/45/305/180/166 | write n=705 avg=890us min=114us max=3907us bytes=3228160 calls=2.26 | size blk 1/2/3/4-6/7-9/10+ n=44/2/90/96/44/429 avg=169/315/534/683/983/1078us | credit n=1335 min=2 max=127 avgx10=36 backoff=1086 avg=609us | gap rx0 n=609 avg=711us | rx1 n=0 avg=0us | rx2+ n=96 avg=106637us | supply core n=677 avg=1582us | ring n=10 avg=128us | none n=18 avg=533205us | scans=105 deferred=0 tx_ready=84 | steps=7308 per_tx_write=10.3 owner_calls=5698
[  5][RX-S]   1.00-2.00   sec  1.25 MBytes  10.5 Mbits/sec                  
[119.602276 0:4294967307 aic8800::device::probe:465] [wifi-probe-rx] reads=639 data_reads=267 avg=1289us min=96us max=4066us bytes=2601472 items=1797 data_frames=1797 data_confirmations=0 control_confirmations=0 control_indications=0 prints=0 | size <=512 n=84 avg=141us | <=2k n=23 avg=877us | <=8k n=51 avg=1104us | >8k n=109 avg=2348us | control n=372 avg=228us min=0us max=2300us | credit n=1335 avg=65us | other n=0 avg=0us | rdif_at_write 0/1/2-3/4+=208/62/77/358 | queue_at_arrival=29/19/43/2198
[  8][TX-S]   1.00-2.00   sec  1.50 MBytes  12.6 Mbits/sec    0   0.00 Bytes       
[  5][RX-S]   2.00-3.00   sec  1.50 MBytes  12.6 Mbits/sec                  
[  8][TX-S]   2.00-3.00   sec  1.62 MBytes  13.6 Mbits/sec    0   0.00 Bytes       
[121.602551 0:4294967307 ax_net::queue_runtime::executor::probe:194] [netprobe] dt=2000ms iters=7917 polls=5712 poll_us=16 waits=4470 wait_us=295 yields=0 | wait_kind notify=3686@258us deadline=784@469us hist=2251/8/202/1267/742 | wake n=5700 avg=345us hist=0/1829/480/1358/2033 | owner_calls=5700 skipped=12 owner_us=92 max=3920us slow=793 | tx_submit=2654 tx_done=2654 rx_done=2525 | ready 0/1/2-3/4+=5664/7/7/22 | irq=3858 | park xfer=398us handoff=302us n=1042
[121.602684 0:4294967307 aic8800::device::probe:394] [wifi-probe] tx_writes=797 dt=2000ms period_avg=2500us max=50861us hist=6/46/351/214/180 | write n=797 avg=907us min=115us max=5281us bytes=3714048 calls=2.33 | size blk 1/2/3/4-6/7-9/10+ n=44/0/92/101/57/503 avg=184/0/545/686/878/1085us | credit n=1040 min=2 max=62 avgx10=45 backoff=786 avg=790us | gap rx0 n=694 avg=486us | rx1 n=0 avg=0us | rx2+ n=103 avg=9045us | supply core n=781 avg=1363us | ring n=5 avg=139us | none n=11 avg=18535us | scans=104 deferred=0 tx_ready=95 | steps=7999 per_tx_write=10.0 owner_calls=5700
[  5][RX-S]   3.00-4.00   sec  1.62 MBytes  13.6 Mbits/sec                  
[121.602749 0:4294967307 aic8800::device::probe:465] [wifi-probe-rx] reads=782 data_reads=339 avg=1459us min=98us max=4604us bytes=3759616 items=2525 data_frames=2525 data_confirmations=0 control_confirmations=0 control_indications=0 prints=0 | size <=512 n=57 avg=173us | <=2k n=29 avg=583us | <=8k n=96 avg=1066us | >8k n=157 avg=2329us | control n=443 avg=278us min=0us max=4004us | credit n=1040 avg=73us | other n=0 avg=0us | rdif_at_write 0/1/2-3/4+=233/52/73/439 | queue_at_arrival=17/16/33/2588
[  8][TX-S]   3.00-4.00   sec  1.62 MBytes  13.7 Mbits/sec    0   0.00 Bytes       
[  5][RX-S]   4.00-5.00   sec  1.62 MBytes  13.6 Mbits/sec                  
[  8][TX-S]   4.00-5.00   sec  1.75 MBytes  14.7 Mbits/sec    0   0.00 Bytes       
[123.602689 0:4294967307 ax_net::queue_runtime::executor::probe:194] [netprobe] dt=2000ms iters=8040 polls=5763 poll_us=16 waits=4593 wait_us=293 yields=0 | wait_kind notify=3690@256us deadline=903@446us hist=2300/2/213/1370/708 | wake n=5750 avg=336us hist=0/1902/409/1352/2087 | owner_calls=5750 skipped=12 owner_us=86 max=3173us slow=753 | tx_submit=2632 tx_done=2634 rx_done=2390 | ready 0/1/2-3/4+=5718/9/6/17 | irq=3764 | park xfer=430us handoff=294us n=1011
[123.602808 0:4294967307 aic8800::device::probe:394] [wifi-probe] tx_writes=802 dt=2000ms period_avg=2533us max=51908us hist=6/53/376/189/178 | write n=802 avg=888us min=116us max=4182us bytes=3707904 calls=2.30 | size blk 1/2/3/4-6/7-9/10+ n=38/0/97/120/51/496 avg=179/0/467/678/902/1074us | credit n=1188 min=2 max=82 avgx10=42 backoff=910 avg=603us | gap rx0 n=725 avg=596us | rx1 n=0 avg=0us | rx2+ n=77 avg=11516us | supply core n=788 avg=1398us | ring n=8 avg=2535us | none n=6 avg=32846us | scans=76 deferred=0 tx_ready=67 | steps=7893 per_tx_write=9.8 owner_calls=5749
[  5][RX-S]   5.00-6.00   sec  1.50 MBytes  12.6 Mbits/sec                  
[123.602870 0:4294967307 aic8800::device::probe:465] [wifi-probe-rx] reads=622 data_reads=273 avg=1669us min=97us max=5008us bytes=3588096 items=2390 data_frames=2390 data_confirmations=0 control_confirmations=0 control_indications=0 prints=0 | size <=512 n=22 avg=167us | <=2k n=22 avg=568us | <=8k n=73 avg=1049us | >8k n=156 avg=2326us | control n=349 avg=329us min=0us max=2645us | credit n=1188 avg=69us | other n=0 avg=0us | rdif_at_write 0/1/2-3/4+=248/60/89/405 | queue_at_arrival=15/15/35/2567
[  8][TX-S]   5.00-6.00   sec  1.50 MBytes  12.6 Mbits/sec    0   0.00 Bytes       
[  5][RX-S]   6.00-7.00   sec  1.62 MBytes  13.6 Mbits/sec                  
[  8][TX-S]   6.00-7.00   sec  1.75 MBytes  14.7 Mbits/sec    0   0.00 Bytes       
[125.602893 0:4294967307 ax_net::queue_runtime::executor::probe:194] [netprobe] dt=2000ms iters=7555 polls=5416 poll_us=17 waits=4321 wait_us=306 yields=0 | wait_kind notify=3618@280us deadline=703@437us hist=2171/4/195/1238/713 | wake n=5405 avg=352us hist=0/1715/389/1296/2005 | owner_calls=5405 skipped=11 owner_us=96 max=3325us slow=859 | tx_submit=2776 tx_done=2774 rx_done=2592 | ready 0/1/2-3/4+=5378/2/8/17 | irq=3591 | park xfer=461us handoff=305us n=1039
[125.603036 0:4294967307 aic8800::device::probe:394] [wifi-probe] tx_writes=789 dt=2000ms period_avg=2530us max=46752us hist=3/42/359/221/164 | write n=789 avg=923us min=120us max=3828us bytes=3895296 calls=2.34 | size blk 1/2/3/4-6/7-9/10+ n=29/0/66/85/60/549 avg=235/0/551/672/927/1043us | credit n=904 min=2 max=100 avgx10=50 backoff=710 avg=644us | gap rx0 n=714 avg=501us | rx1 n=0 avg=0us | rx2+ n=75 avg=12137us | supply core n=780 avg=1313us | ring n=0 avg=0us | none n=9 avg=27062us | scans=80 deferred=0 tx_ready=69 | steps=7773 per_tx_write=9.8 owner_calls=5405
[  5][RX-S]   7.00-8.00   sec  1.75 MBytes  14.7 Mbits/sec                  
[125.603097 0:4294967307 aic8800::device::probe:465] [wifi-probe-rx] reads=713 data_reads=317 avg=1656us min=100us max=4903us bytes=3925504 items=2599 data_frames=2599 data_confirmations=0 control_confirmations=0 control_indications=0 prints=0 | size <=512 n=31 avg=209us | <=2k n=29 avg=651us | <=8k n=89 avg=1143us | >8k n=168 avg=2369us | control n=396 avg=330us min=0us max=3648us | credit n=904 avg=67us | other n=0 avg=0us | rdif_at_write 0/1/2-3/4+=211/39/55/484 | queue_at_arrival=9/9/19/2739
[  8][TX-S]   7.00-8.00   sec  1.75 MBytes  14.7 Mbits/sec    0   0.00 Bytes       
[  5][RX-S]   8.00-9.00   sec  1.62 MBytes  13.7 Mbits/sec                  
[  8][TX-S]   8.00-9.00   sec  1.75 MBytes  14.7 Mbits/sec    0   0.00 Bytes       
[127.603005 0:4294967307 ax_net::queue_runtime::executor::probe:194] [netprobe] dt=2000ms iters=7615 polls=5467 poll_us=17 waits=4339 wait_us=305 yields=0 | wait_kind notify=3651@276us deadline=688@461us hist=2184/7/208/1184/756 | wake n=5454 avg=348us hist=0/1733/443/1243/2035 | owner_calls=5454 skipped=13 owner_us=96 max=2918us slow=871 | tx_submit=2842 tx_done=2851 rx_done=2667 | ready 0/1/2-3/4+=5418/7/8/21 | irq=3652 | park xfer=435us handoff=299us n=1050
[127.603131 0:4294967307 aic8800::device::probe:394] [wifi-probe] tx_writes=810 dt=2000ms period_avg=2472us max=62867us hist=1/34/368/239/168 | write n=810 avg=918us min=119us max=3845us bytes=4018176 calls=2.34 | size blk 1/2/3/4-6/7-9/10+ n=34/0/59/86/71/560 avg=180/0/573/623/997/1034us | credit n=879 min=2 max=112 avgx10=52 backoff=692 avg=645us | gap rx0 n=723 avg=441us | rx1 n=0 avg=0us | rx2+ n=88 avg=10675us | supply core n=800 avg=1339us | ring n=2 avg=118us | none n=9 avg=20806us | scans=88 deferred=0 tx_ready=82 | steps=7887 per_tx_write=9.7 owner_calls=5454
[  5][RX-S]   9.00-10.00  sec  1.62 MBytes  13.6 Mbits/sec                  
[127.603194 0:4294967307 aic8800::device::probe:465] [wifi-probe-rx] reads=739 data_reads=325 avg=1645us min=100us max=5375us bytes=4001792 items=2660 data_frames=2660 data_confirmations=0 control_confirmations=0 control_indications=0 prints=0 | size <=512 n=37 avg=186us | <=2k n=26 avg=736us | <=8k n=80 avg=1145us | >8k n=182 avg=2290us | control n=414 avg=287us min=0us max=2042us | credit n=879 avg=70us | other n=0 avg=0us | rdif_at_write 0/1/2-3/4+=208/32/67/503 | queue_at_arrival=11/9/18/2804
[  8][TX-S]   9.00-10.00  sec  1.75 MBytes  14.7 Mbits/sec    0   0.00 Bytes       
[  5][RX-S]  10.00-11.00  sec  1.75 MBytes  14.7 Mbits/sec                  
[  8][TX-S]  10.00-11.00  sec  1.88 MBytes  15.7 Mbits/sec    0   0.00 Bytes       
[129.603269 0:4294967307 ax_net::queue_runtime::executor::probe:194] [netprobe] dt=2000ms iters=7462 polls=5349 poll_us=16 waits=4276 wait_us=313 yields=0 | wait_kind notify=3603@291us deadline=673@435us hist=2160/6/190/1137/783 | wake n=5332 avg=360us hist=0/1706/415/1194/2017 | owner_calls=5332 skipped=16 owner_us=96 max=4381us slow=868 | tx_submit=2842 tx_done=2834 rx_done=2726 | ready 0/1/2-3/4+=5292/7/10/23 | irq=3587 | park xfer=445us handoff=327us n=1034
[129.603437 0:4294967307 aic8800::device::probe:394] [wifi-probe] tx_writes=786 dt=2000ms period_avg=2545us max=53006us hist=4/30/324/247/181 | write n=786 avg=969us min=118us max=3951us bytes=4002816 calls=2.33 | size blk 1/2/3/4-6/7-9/10+ n=28/0/52/68/65/573 avg=176/0/521/797/829/1084us | credit n=840 min=2 max=124 avgx10=53 backoff=680 avg=717us | gap rx0 n=688 avg=435us | rx1 n=0 avg=0us | rx2+ n=97 avg=9676us | supply core n=772 avg=1331us | ring n=0 avg=0us | none n=13 avg=16206us | scans=98 deferred=0 tx_ready=87 | steps=7801 per_tx_write=9.9 owner_calls=5333
[  5][RX-S]  11.00-12.00  sec  1.75 MBytes  14.7 Mbits/sec                  
[129.603500 0:4294967307 aic8800::device::probe:465] [wifi-probe-rx] reads=752 data_reads=327 avg=1614us min=100us max=4941us bytes=4061696 items=2726 data_frames=2726 data_confirmations=0 control_confirmations=0 control_indications=0 prints=0 | size <=512 n=52 avg=149us | <=2k n=30 avg=854us | <=8k n=64 avg=1065us | >8k n=181 avg=2355us | control n=425 avg=284us min=0us max=2272us | credit n=840 avg=74us | other n=0 avg=0us | rdif_at_write 0/1/2-3/4+=211/27/40/508 | queue_at_arrival=13/11/21/2795
[  8][TX-S]  11.00-12.00  sec  1.88 MBytes  15.7 Mbits/sec    0   0.00 Bytes       
[  5][RX-S]  12.00-13.00  sec  1.62 MBytes  13.6 Mbits/sec                  
[  8][TX-S]  12.00-13.00  sec  1.62 MBytes  13.7 Mbits/sec    0   0.00 Bytes       
[131.603474 0:4294967307 ax_net::queue_runtime::executor::probe:194] [netprobe] dt=2000ms iters=7687 polls=5548 poll_us=17 waits=4343 wait_us=302 yields=0 | wait_kind notify=3636@271us deadline=707@460us hist=2191/5/199/1214/734 | wake n=5537 avg=347us hist=0/1759/475/1319/1984 | owner_calls=5537 skipped=11 owner_us=96 max=3457us slow=854 | tx_submit=2745 tx_done=2748 rx_done=2666 | ready 0/1/2-3/4+=5495/8/5/29 | irq=3773 | park xfer=407us handoff=315us n=1071
[131.603600 0:4294967307 aic8800::device::probe:394] [wifi-probe] tx_writes=800 dt=2000ms period_avg=2500us max=53284us hist=6/43/367/209/175 | write n=800 avg=911us min=118us max=5538us bytes=3849216 calls=2.33 | size blk 1/2/3/4-6/7-9/10+ n=26/0/81/93/81/519 avg=166/0/508/683/854/1061us | credit n=941 min=2 max=89 avgx10=49 backoff=716 avg=718us | gap rx0 n=706 avg=360us | rx1 n=0 avg=0us | rx2+ n=95 avg=10703us | supply core n=795 avg=1405us | ring n=0 avg=0us | none n=6 avg=25748us | scans=98 deferred=0 tx_ready=91 | steps=7969 per_tx_write=9.9 owner_calls=5536
[  5][RX-S]  13.00-14.00  sec  1.62 MBytes  13.6 Mbits/sec                  
[131.603660 0:4294967307 aic8800::device::probe:465] [wifi-probe-rx] reads=788 data_reads=345 avg=1608us min=97us max=4866us bytes=3989504 items=2666 data_frames=2666 data_confirmations=0 control_confirmations=0 control_indications=0 prints=0 | size <=512 n=56 avg=198us | <=2k n=27 avg=899us | <=8k n=91 avg=1188us | >8k n=171 avg=2405us | control n=443 avg=295us min=0us max=2283us | credit n=941 avg=70us | other n=0 avg=0us | rdif_at_write 0/1/2-3/4+=215/58/66/461 | queue_at_arrival=6/6/14/2717
[  8][TX-S]  13.00-14.00  sec  1.75 MBytes  14.7 Mbits/sec    0   0.00 Bytes       
[  5][RX-S]  14.00-15.01  sec  1.88 MBytes  15.6 Mbits/sec                  
[  8][TX-S]  14.00-15.01  sec  1.88 MBytes  15.6 Mbits/sec    0   0.00 Bytes       
[133.605431 0:4294967307 ax_net::queue_runtime::executor::probe:194] [netprobe] dt=2001ms iters=7648 polls=5510 poll_us=16 waits=4339 wait_us=303 yields=0 | wait_kind notify=3706@281us deadline=633@435us hist=2191/4/200/1189/755 | wake n=5500 avg=355us hist=0/1735/435/1296/2034 | owner_calls=5500 skipped=10 owner_us=97 max=3162us slow=912 | tx_submit=3006 tx_done=3014 rx_done=2777 | ready 0/1/2-3/4+=5466/4/9/21 | irq=3721 | park xfer=404us handoff=329us n=1087
[133.605587 0:4294967307 aic8800::device::probe:394] [wifi-probe] tx_writes=841 dt=2001ms period_avg=2377us max=45830us hist=15/24/355/259/188 | write n=841 avg=960us min=120us max=4734us bytes=4209664 calls=2.35 | size blk 1/2/3/4-6/7-9/10+ n=38/0/67/77/59/600 avg=216/0/527/726/979/1084us | credit n=824 min=2 max=85 avgx10=56 backoff=637 avg=701us | gap rx0 n=737 avg=452us | rx1 n=0 avg=0us | rx2+ n=104 avg=8249us | supply core n=836 avg=1341us | ring n=1 avg=117us | none n=4 avg=17413us | scans=104 deferred=0 tx_ready=101 | steps=8028 per_tx_write=9.5 owner_calls=5500
[  5][RX-S]  15.01-16.01  sec  1.50 MBytes  12.6 Mbits/sec                  
[133.605650 0:4294967307 aic8800::device::probe:465] [wifi-probe-rx] reads=776 data_reads=336 avg=1629us min=97us max=5381us bytes=4108288 items=2777 data_frames=2777 data_confirmations=0 control_confirmations=0 control_indications=0 prints=0 | size <=512 n=56 avg=151us | <=2k n=23 avg=644us | <=8k n=74 avg=1210us | >8k n=183 avg=2374us | control n=440 avg=264us min=0us max=2626us | credit n=824 avg=69us | other n=0 avg=0us | rdif_at_write 0/1/2-3/4+=191/42/65/543 | queue_at_arrival=5/7/19/2979
[  8][TX-S]  15.01-16.01  sec  1.88 MBytes  15.8 Mbits/sec    0   0.00 Bytes       
[  5][RX-S]  16.01-17.00  sec  1.38 MBytes  11.6 Mbits/sec                  
[  8][TX-S]  16.01-17.00  sec  1.75 MBytes  14.8 Mbits/sec    0   0.00 Bytes       
[135.605668 0:4294967307 ax_net::queue_runtime::executor::probe:194] [netprobe] dt=2000ms iters=7984 polls=5801 poll_us=15 waits=4441 wait_us=300 yields=0 | wait_kind notify=3638@268us deadline=803@444us hist=2240/6/180/1259/756 | wake n=5794 avg=330us hist=0/1874/533/1396/1991 | owner_calls=5794 skipped=7 owner_us=89 max=3646us slow=787 | tx_submit=2792 tx_done=2805 rx_done=2204 | ready 0/1/2-3/4+=5755/9/5/25 | irq=3958 | park xfer=420us handoff=317us n=1069
[135.605793 0:4294967307 aic8800::device::probe:394] [wifi-probe] tx_writes=850 dt=2000ms period_avg=2349us max=44141us hist=5/56/345/246/198 | write n=850 avg=930us min=115us max=5091us bytes=3987968 calls=2.25 | size blk 1/2/3/4-6/7-9/10+ n=40/0/103/101/82/524 avg=198/0/514/635/917/1126us | credit n=1110 min=2 max=67 avgx10=45 backoff=809 avg=617us | gap rx0 n=746 avg=500us | rx1 n=0 avg=0us | rx2+ n=103 avg=8088us | supply core n=838 avg=1143us | ring n=0 avg=0us | none n=11 avg=22592us | scans=105 deferred=0 tx_ready=93 | steps=7757 per_tx_write=9.1 owner_calls=5795
[  5][RX-S]  17.00-18.00  sec  1.38 MBytes  11.5 Mbits/sec                  
[135.605853 0:4294967307 aic8800::device::probe:465] [wifi-probe-rx] reads=731 data_reads=313 avg=1407us min=97us max=4512us bytes=3214848 items=2204 data_frames=2204 data_confirmations=0 control_confirmations=0 control_indications=0 prints=0 | size <=512 n=65 avg=136us | <=2k n=28 avg=630us | <=8k n=79 avg=1174us | >8k n=141 avg=2278us | control n=418 avg=257us min=0us max=2710us | credit n=1110 avg=69us | other n=0 avg=0us | rdif_at_write 0/1/2-3/4+=277/60/70/443 | queue_at_arrival=12/12/29/2739
[  8][TX-S]  17.00-18.00  sec  1.62 MBytes  13.6 Mbits/sec    0   0.00 Bytes       
[  5][RX-S]  18.00-19.01  sec  1.62 MBytes  13.5 Mbits/sec                  
[  8][TX-S]  18.00-19.01  sec  1.75 MBytes  14.5 Mbits/sec    0   0.00 Bytes       
[137.605952 0:4294967307 ax_net::queue_runtime::executor::probe:194] [netprobe] dt=2000ms iters=7949 polls=5746 poll_us=15 waits=4468 wait_us=299 yields=0 | wait_kind notify=3649@261us deadline=819@471us hist=2257/7/187/1288/729 | wake n=5736 avg=334us hist=0/1863/524/1322/2027 | owner_calls=5736 skipped=10 owner_us=89 max=4079us slow=783 | tx_submit=2629 tx_done=2604 rx_done=2461 | ready 0/1/2-3/4+=5694/9/8/25 | irq=3923 | park xfer=403us handoff=315us n=1054
[137.606527 0:4294967307 aic8800::device::probe:394] [wifi-probe] tx_writes=790 dt=2000ms period_avg=2537us max=50119us hist=11/36/353/204/186 | write n=790 avg=892us min=117us max=4822us bytes=3657728 calls=2.30 | size blk 1/2/3/4-6/7-9/10+ n=41/1/93/105/58/492 avg=206/480/558/683/824/1066us | credit n=1084 min=2 max=90 avgx10=44 backoff=823 avg=706us | gap rx0 n=689 avg=486us | rx1 n=0 avg=0us | rx2+ n=101 avg=9544us | supply core n=777 avg=1427us | ring n=5 avg=6419us | none n=8 avg=19732us | scans=106 deferred=0 tx_ready=98 | steps=7975 per_tx_write=10.0 owner_calls=5736
[  5][RX-S]  19.01-20.00  sec  1.50 MBytes  12.7 Mbits/sec                  
[137.606644 0:4294967307 aic8800::device::probe:465] [wifi-probe-rx] reads=804 data_reads=349 avg=1438us min=97us max=5070us bytes=3645440 items=2461 data_frames=2461 data_confirmations=0 control_confirmations=0 control_indications=0 prints=0 | size <=512 n=66 avg=141us | <=2k n=31 avg=773us | <=8k n=94 avg=1027us | >8k n=158 avg=2356us | control n=455 avg=272us min=0us max=2194us | credit n=1084 avg=71us | other n=0 avg=0us | rdif_at_write 0/1/2-3/4+=221/60/83/426 | queue_at_arrival=13/20/57/2539
[  8][TX-S]  19.01-20.00  sec  1.50 MBytes  12.7 Mbits/sec    0   0.00 Bytes       
[  5][RX-S]  20.00-21.00  sec  1.00 MBytes  8.38 Mbits/sec                  
[  8][TX-S]  20.00-21.01  sec  1.00 MBytes  8.35 Mbits/sec    0   0.00 Bytes       
[139.605978 0:4294967307 ax_net::queue_runtime::executor::probe:194] [netprobe] dt=2000ms iters=8806 polls=6236 poll_us=13 waits=5197 wait_us=266 yields=0 | wait_kind notify=3753@203us deadline=1444@430us hist=2617/10/157/1788/625 | wake n=6230 avg=324us hist=0/2277/412/1115/2426 | owner_calls=6230 skipped=6 owner_us=75 max=3962us slow=629 | tx_submit=2133 tx_done=2133 rx_done=2024 | ready 0/1/2-3/4+=6195/5/5/25 | irq=3943 | park xfer=386us handoff=311us n=844
[139.606628 0:4294967307 aic8800::device::probe:394] [wifi-probe] tx_writes=651 dt=2000ms period_avg=3068us max=128610us hist=5/51/269/169/157 | write n=651 avg=913us min=120us max=4355us bytes=3008512 calls=2.29 | size blk 1/2/3/4-6/7-9/10+ n=31/2/87/77/55/399 avg=173/365/487/712/959/1098us | credit n=1677 min=2 max=74 avgx10=32 backoff=1454 avg=573us | gap rx0 n=569 avg=760us | rx1 n=0 avg=0us | rx2+ n=82 avg=11832us | supply core n=648 avg=2001us | ring n=0 avg=0us | none n=3 avg=35346us | scans=85 deferred=0 tx_ready=81 | steps=8060 per_tx_write=12.3 owner_calls=6232
[  5][RX-S]  21.00-22.00  sec  1.50 MBytes  12.6 Mbits/sec                  
[139.606741 0:4294967307 aic8800::device::probe:465] [wifi-probe-rx] reads=615 data_reads=265 avg=1483us min=98us max=5130us bytes=3009024 items=2028 data_frames=2028 data_confirmations=0 control_confirmations=0 control_indications=0 prints=0 | size <=512 n=57 avg=145us | <=2k n=18 avg=763us | <=8k n=50 avg=1071us | >8k n=140 avg=2268us | control n=350 avg=271us min=0us max=1643us | credit n=1677 avg=62us | other n=0 avg=0us | rdif_at_write 0/1/2-3/4+=190/49/64/348 | queue_at_arrival=3/4/12/2114
[  8][TX-S]  21.01-22.00  sec  1.62 MBytes  13.7 Mbits/sec    0   0.00 Bytes       
[  5][RX-S]  22.00-23.00  sec  1.62 MBytes  13.6 Mbits/sec                  
[  8][TX-S]  22.00-23.00  sec  1.75 MBytes  14.7 Mbits/sec    0   0.00 Bytes       
[141.606578 0:4294967307 ax_net::queue_runtime::executor::probe:194] [netprobe] dt=2000ms iters=8440 polls=6088 poll_us=14 waits=4772 wait_us=282 yields=0 | wait_kind notify=3680@237us deadline=1092@433us hist=2421/2/148/1498/703 | wake n=6082 avg=322us hist=0/2108/505/1293/2176 | owner_calls=6082 skipped=6 owner_us=83 max=2594us slow=711 | tx_submit=2470 tx_done=2470 rx_done=2333 | ready 0/1/2-3/4+=6045/10/5/22 | irq=4065 | park xfer=392us handoff=310us n=980
[141.607345 0:4294967307 aic8800::device::probe:394] [wifi-probe] tx_writes=769 dt=2000ms period_avg=2601us max=58617us hist=7/45/340/194/183 | write n=769 avg=893us min=114us max=5563us bytes=3488256 calls=2.25 | size blk 1/2/3/4-6/7-9/10+ n=40/1/110/97/63/458 avg=220/300/566/634/986/1073us | credit n=1380 min=2 max=74 avgx10=38 backoff=1098 avg=563us | gap rx0 n=668 avg=698us | rx1 n=0 avg=0us | rx2+ n=101 avg=8391us | supply core n=739 avg=1624us | ring n=22 avg=1553us | none n=8 avg=9927us | scans=102 deferred=0 tx_ready=95 | steps=8188 per_tx_write=10.6 owner_calls=6080
[  5][RX-S]  23.00-24.00  sec  1.25 MBytes  10.5 Mbits/sec                  
[141.607458 0:4294967307 aic8800::device::probe:465] [wifi-probe-rx] reads=730 data_reads=314 avg=1425us min=99us max=3751us bytes=3428352 items=2333 data_frames=2333 data_confirmations=0 control_confirmations=0 control_indications=0 prints=0 | size <=512 n=76 avg=138us | <=2k n=18 avg=633us | <=8k n=58 avg=1198us | >8k n=162 avg=2199us | control n=416 avg=276us min=0us max=2646us | credit n=1380 avg=67us | other n=0 avg=0us | rdif_at_write 0/1/2-3/4+=241/65/91/372 | queue_at_arrival=30/33/70/2337
[  8][TX-S]  23.00-24.01  sec  1.38 MBytes  11.5 Mbits/sec    0   0.00 Bytes       
[  5][RX-S]  24.00-25.00  sec  1.38 MBytes  11.5 Mbits/sec                  
[  8][TX-S]  24.01-25.00  sec  1.38 MBytes  11.6 Mbits/sec    0   0.00 Bytes       
[143.606840 0:4294967307 ax_net::queue_runtime::executor::probe:194] [netprobe] dt=2000ms iters=8565 polls=6160 poll_us=13 waits=4879 wait_us=279 yields=0 | wait_kind notify=3700@227us deadline=1179@443us hist=2464/1/162/1547/705 | wake n=6151 avg=326us hist=0/2180/446/1325/2200 | owner_calls=6151 skipped=9 owner_us=80 max=3950us slow=635 | tx_submit=2333 tx_done=2333 rx_done=2235 | ready 0/1/2-3/4+=6126/7/8/10 | irq=4077 | park xfer=377us handoff=325us n=955
[143.607386 0:4294967307 aic8800::device::probe:394] [wifi-probe] tx_writes=738 dt=2000ms period_avg=2700us max=49072us hist=7/45/320/174/192 | write n=738 avg=887us min=113us max=5066us bytes=3279360 calls=2.25 | size blk 1/2/3/4-6/7-9/10+ n=40/1/99/111/82/405 avg=152/395/564/631/920/1102us | credit n=1503 min=2 max=49 avgx10=35 backoff=1186 avg=660us | gap rx0 n=638 avg=748us | rx1 n=0 avg=0us | rx2+ n=101 avg=8632us | supply core n=733 avg=1750us | ring n=0 avg=0us | none n=6 avg=11019us | scans=103 deferred=0 tx_ready=98 | steps=8151 per_tx_write=11.0 owner_calls=6153
[  5][RX-S]  25.00-26.00  sec  1.50 MBytes  12.6 Mbits/sec                  
[143.607495 0:4294967307 aic8800::device::probe:465] [wifi-probe-rx] reads=699 data_reads=298 avg=1497us min=96us max=5952us bytes=3304448 items=2235 data_frames=2235 data_confirmations=0 control_confirmations=0 control_indications=0 prints=0 | size <=512 n=65 avg=145us | <=2k n=20 avg=653us | <=8k n=70 avg=1167us | >8k n=143 avg=2392us | control n=401 avg=256us min=0us max=2229us | credit n=1503 avg=66us | other n=0 avg=0us | rdif_at_write 0/1/2-3/4+=261/56/90/331 | queue_at_arrival=6/5/13/2309
[  8][TX-S]  25.00-26.00  sec  1.50 MBytes  12.6 Mbits/sec    0   0.00 Bytes       
[  5][RX-S]  26.00-27.00  sec  1.12 MBytes  9.45 Mbits/sec                  
[  8][TX-S]  26.00-27.01  sec  1.38 MBytes  11.5 Mbits/sec    0   0.00 Bytes       
[145.606897 0:4294967307 ax_net::queue_runtime::executor::probe:194] [netprobe] dt=2000ms iters=8051 polls=5827 poll_us=15 waits=4507 wait_us=303 yields=0 | wait_kind notify=3546@265us deadline=961@439us hist=2277/6/175/1373/676 | wake n=5820 avg=328us hist=0/1948/533/1277/2062 | owner_calls=5820 skipped=7 owner_us=83 max=3192us slow=642 | tx_submit=2314 tx_done=2314 rx_done=2291 | ready 0/1/2-3/4+=5783/12/10/15 | irq=3938 | park xfer=463us handoff=318us n=971
[145.609299 0:4294967307 aic8800::device::probe:394] [wifi-probe] tx_writes=753 dt=2001ms period_avg=2670us max=96998us hist=7/49/323/189/185 | write n=753 avg=859us min=112us max=5154us bytes=3251200 calls=2.23 | size blk 1/2/3/4-6/7-9/10+ n=36/1/128/118/65/405 avg=176/509/487/634/919/1095us | credit n=1288 min=2 max=126 avgx10=38 backoff=968 avg=605us | gap rx0 n=658 avg=785us | rx1 n=0 avg=0us | rx2+ n=95 avg=8794us | supply core n=749 avg=1506us | ring n=0 avg=0us | none n=4 avg=55963us | scans=96 deferred=0 tx_ready=92 | steps=7885 per_tx_write=10.4 owner_calls=5819
[  5][RX-S]  27.00-28.00  sec  1.38 MBytes  11.5 Mbits/sec                  
[145.609414 0:4294967307 aic8800::device::probe:465] [wifi-probe-rx] reads=730 data_reads=317 avg=1444us min=98us max=5999us bytes=3364352 items=2291 data_frames=2291 data_confirmations=0 control_confirmations=0 control_indications=0 prints=0 | size <=512 n=68 avg=182us | <=2k n=24 avg=746us | <=8k n=87 avg=1124us | >8k n=138 avg=2390us | control n=413 avg=261us min=0us max=2565us | credit n=1288 avg=69us | other n=0 avg=0us | rdif_at_write 0/1/2-3/4+=244/71/105/333 | queue_at_arrival=4/4/8/2298
[  8][TX-S]  27.01-28.00  sec  1.50 MBytes  12.6 Mbits/sec    0   0.00 Bytes       
[  5][RX-S]  28.00-29.00  sec  1.50 MBytes  12.6 Mbits/sec                  
[  8][TX-S]  28.00-29.00  sec  1.50 MBytes  12.6 Mbits/sec    0   0.00 Bytes       
[147.606978 0:4294967307 ax_net::queue_runtime::executor::probe:194] [netprobe] dt=2000ms iters=8272 polls=5981 poll_us=14 waits=4643 wait_us=293 yields=0 | wait_kind notify=3590@248us deadline=1053@445us hist=2344/8/161/1432/698 | wake n=5972 avg=322us hist=0/2023/533/1290/2126 | owner_calls=5972 skipped=9 owner_us=81 max=2420us slow=656 | tx_submit=2320 tx_done=2325 rx_done=2232 | ready 0/1/2-3/4+=5936/4/10/22 | irq=4037 | park xfer=424us handoff=319us n=987
[147.609337 0:4294967307 aic8800::device::probe:394] [wifi-probe] tx_writes=750 dt=2000ms period_avg=2669us max=56047us hist=3/42/334/188/183 | write n=750 avg=859us min=115us max=3731us bytes=3271168 calls=2.23 | size blk 1/2/3/4-6/7-9/10+ n=25/0/119/131/80/395 avg=145/0/581/656/896/1048us | credit n=1391 min=2 max=114 avgx10=36 backoff=1063 avg=687us | gap rx0 n=654 avg=730us | rx1 n=0 avg=0us | rx2+ n=95 avg=9257us | supply core n=743 avg=1610us | ring n=0 avg=0us | none n=6 avg=26834us | scans=97 deferred=0 tx_ready=91 | steps=7988 per_tx_write=10.6 owner_calls=5982
[  5][RX-S]  29.00-30.00  sec  1.38 MBytes  11.5 Mbits/sec                  
[147.609484 0:4294967307 aic8800::device::probe:465] [wifi-probe-rx] reads=737 data_reads=320 avg=1414us min=97us max=4626us bytes=3283968 items=2232 data_frames=2232 data_confirmations=0 control_confirmations=0 control_indications=0 prints=0 | size <=512 n=70 avg=141us | <=2k n=27 avg=756us | <=8k n=80 avg=1080us | >8k n=143 avg=2349us | control n=417 avg=278us min=0us max=2819us | credit n=1391 avg=68us | other n=0 avg=0us | rdif_at_write 0/1/2-3/4+=257/68/97/328 | queue_at_arrival=7/7/16/2290
[  8][TX-S]  29.00-30.01  sec  1.50 MBytes  12.5 Mbits/sec    0   0.00 Bytes       
[147.692399 0:4294967325 starry_kernel::task::ops:539] Task(4294967325, "iperf3") exit with code: 0
- - - - - - - - - - - - - - - - - - - - - - - - -
[147.730792 0:12884901916 starry_kernel::task::ops:539] Task(12884901916, "iperf3") exit with code: 0
[ ID][Role] Interval           Transfer     Bitrate         Retr
[  5][RX-S]   0.00-30.02  sec  44.8 MBytes  12.5 Mbits/sec                  receiver
[  8][TX-S]   0.00-30.02  sec  48.6 MBytes  13.6 Mbits/sec    0            sender
-----------------------------------------------------------
Server listening on 5201 (test #4)
-----------------------------------------------------------
