=~=~=~=~=~=~=~=~=~=~=~= MobaXterm log 2026.09.28 02:34:49 =~=~=~=~=~=~=~=~=~=~=~=
[ 14.687528 0:4294967296 ax_runtime::bootstrap:202] runtime console active: serial0, ttyS0
Boot at 1970-01-01 00:00:14.687557160 UTC

[ 14.690625 0:4294967305 sdmmc_protocol::sdio::init::state_machine:102] sdio: submit bus op ResetAll
[ 14.692284 0:4294967305 ax_fs_ng::block::runtime::hctx:237] prepared block hctx 0 on CPU 0 with hardware depth 1
[ 14.692437 0:4294967305 ax_fs_ng::block::runtime::lifecycle::device:336] block device cvsd IRQ source 0 (IrqId { domain: IrqDomainId(7), hwirq: HwIrq(36) }) fixed to CPU 0 for queue mask 0x1
[ 14.693876 0:4294967306 sdmmc_protocol::sdio::init::state_machine:102] sdio: submit bus op PowerOn
[ 14.704231 0:4294967306 sdmmc_protocol::sdio::init::state_machine:102] sdio: submit bus op SwitchVoltage(V330)
[ 14.710906 0:4294967306 sdmmc_protocol::sdio::init::state_machine:63] sdio: submit bus op SetBusWidth(Bit1)
[ 14.711012 0:4294967306 sdmmc_protocol::sdio::init::state_machine:63] sdio: submit bus op SetClock(Identification)
[ 14.735724 0:4294967306 sdmmc_protocol::sdio::init::state_machine::identify:175] sdio: detected Sd ocr=0xc1ff8000
[ 14.737567 0:4294967306 sdmmc_protocol::sdio::init::state_machine::identify:340] sdio: CSD capacity_blocks=Some(124735488)
[ 14.738185 0:4294967306 sdmmc_protocol::sdio::init::state_machine::identify:354] sdio: switch SD bus width to 4-bit
[ 14.739419 0:4294967306 sdmmc_protocol::sdio::init::state_machine:63] sdio: submit bus op SetBusWidth(Bit4)
[ 14.740278 0:4294967306 sdmmc_protocol::sdio::init::state_machine:63] sdio: submit bus op SetClock(Default)
[ 14.745563 0:4294967306 sdmmc_protocol::sdio::init::state_machine::sd:185] sdio: SD speed selected HighSpeed
[ 14.746535 0:4294967306 sdmmc_protocol::sdio::init::state_machine:237] sdio: init done kind=Sd sd_v2=true high_capacity=true rca=0xaaaa ocr=0xc1ff8000 host_bus_width=Bit4 ext_csd_bus_width=None ext_csd_timing=None
[ 14.746619 0:4294967306 sdmmc_protocol::rdif::queue:173] sdmmc block init complete: kind=Sd high_capacity=true rca=43690 capacity_blocks=124735488 cache_enabled=false
[ 14.749113 0:4294967296 ax_fs_ng::root:353]     partition 1 name=None fs=None lba 2048..133120
[ 14.750456 0:4294967296 ax_fs_ng::root:353]     partition 2 name=None fs=Some(Ext4) lba 133120..5033984
[ 14.750536 0:4294967296 ax_fs_ng::root:369]   block device 0 (cvsd) has Mbr partition table with 2 partitions
[ 14.751049 0:4294967296 ax_fs_ng::root:479]   matched root by device path on disk0 partition 2 (<unnamed>, fs=ext4, lba 133120..5033984)
[ 14.751148 0:4294967296 ax_fs_ng:100] Initialize filesystem subsystem...
[ 14.751169 0:4294967296 ax_fs_ng:101]   selected root device: disk0 partition 2 (<unnamed>, fs=ext4, lba 133120..5033984)
[ 14.815296 0:4294967296 ax_fs_ng:113]   filesystem type: "ext4"
[ 14.829157 0:4294967296 ax_input:25] Initialize input subsystem...
[ 14.832069 0:4294967296 ax_runtime::irq:193] registered wlan0-g0-s0 IRQ IrqId { domain: IrqDomainId(7), hwirq: HwIrq(38) } on fixed CPU 0
[ 14.832365 0:4294967307 aic8800::rdif::device::endpoints::startup:90] [wifi] AIC owner startup timeout armed for 60s
[ 14.832445 0:4294967307 aic8800::rdif::device::endpoints::startup:98] [wifi] AIC owner startup waiting 1ms for SDIO1 reset settle
[ 14.833613 0:4294967307 aic8800::rdif::device::endpoints::startup:157] [wifi] AIC owner reset settle complete; starting SDIO card enumeration
[ 14.833685 0:4294967307 aic8800::rdif::owner::progress:135] [wifi] SDIO completion IRQ enabled; submitting IO-card initialization
[ 14.876324 0:4294967307 aic8800::rdif::owner::progress:443] [wifi] detected supported AIC SDIO variant Aic8800D80
[ 16.500828 0:4294967307 aic8800::device::startup:312] [wifi] AIC ME_CONFIG capability profile: d80-ht40-sgi
[ 16.505664 0:4294967296 ax_net::queue_runtime:827] [wifi] secure startup connection entropy prepared
[ 16.506387 0:4294967307 aic8800::device::mailbox:278] [wifi] stale station association cleared before connect
[ 16.876339 0:4294967307 aic8800::device::probe:394] [wifi-probe] tx_writes=0 dt=2000ms period_avg=0us max=0us hist=0/0/0/0/0 | write n=0 avg=0us min=18446744073709551us max=0us bytes=0 calls=0.0 | size blk 1/2/3/4-6/7-9/10+ n=0/0/0/0/0/0 avg=0/0/0/0/0/0us | credit n=0 min=0 max=0 avgx10=0 backoff=0 avg=0us | gap rx0 n=0 avg=0us | rx1 n=0 avg=0us | rx2+ n=0 avg=0us | supply core n=0 avg=0us | ring n=0 avg=0us | none n=0 avg=0us | scans=372 deferred=0 tx_ready=0 | steps=22119 per_tx_write=22119.0 owner_calls=22119
[ 16.876449 0:4294967307 aic8800::device::probe:465] [wifi-probe-rx] reads=1116 data_reads=372 avg=213us min=79us max=515us bytes=190464 items=372 data_frames=0 data_confirmations=0 control_confirmations=362 control_indications=10 prints=0 | size <=512 n=372 avg=213us | <=2k n=0 avg=0us | <=8k n=0 avg=0us | >8k n=0 avg=0us | control n=744 avg=39us min=0us max=359us | credit n=0 avg=0us | other n=737 avg=233us | rdif_at_write 0/1/2-3/4+=0/0/0/0 | queue_at_arrival=0/0/0/0
[ 17.465581 0:4294967307 aic8800::device::data_plane:403] [wifi] association complete; learned firmware vif=0 station=0
[ 17.478976 0:4294967307 aic8800::device::control:171] [wifi] WPA2 EAPOL frame consumed by handshake state machine
[ 17.492647 0:4294967307 aic8800::device::control:171] [wifi] WPA2 EAPOL frame consumed by handshake state machine
[ 17.496338 0:4294967307 aic8800::device::mailbox:305] [wifi] WPA2 keys installed and control port enabled
[ 17.496380 0:4294967307 aic8800::rdif::owner::output:280] [wifi] control result queued for network runtime
[ 17.496594 0:4294967307 aic8800::rdif::device::endpoints::control:95] [wifi] control result consumed by network runtime
[ 17.496897 0:4294967296 ax_net:386] Initialize network subsystem...
[ 17.497911 0:4294967296 ax_net:408]   use NIC 0: "wlan0"
[ 17.498815 0:4294967296 ax_net:443]   Wi-Fi control for wlan0 is owned by CPU 0
[ 17.498847 0:4294967296 ax_net:455] wlan0:
[ 17.498865 0:4294967296 ax_net:456]   id:   2
[ 17.498882 0:4294967296 ax_net:457]   mac:  38-7a-cc-9b-2c-c8
[ 17.498908 0:4294967296 ax_net:474]   mode: dhcp
[ 17.498933 0:4294967296 ax_net:523] Device: lo
[ 17.498955 0:4294967296 ax_net:523] Device: wlan0
[ 17.498986 0:4294967296 ax_net::service:554] wlan0: DHCP enabled
[ 18.555360 0:4294967307 ax_net::queue_runtime::executor::probe:194] [netprobe] dt=2049ms iters=51718 polls=51710 poll_us=2 waits=17 wait_us=62219 yields=0 | wait_kind notify=17@62219us deadline=0@0us hist=10/0/1/1/5 | wake n=51709 avg=59007us hist=11/73/145/322/51158 | owner_calls=51709 skipped=1 owner_us=3 max=376us slow=7 | tx_submit=2 tx_done=2 rx_done=0 | ready 0/1/2-3/4+=51709/0/0/0 | irq=182 | park xfer=87102us handoff=554us n=6

[ 18.556069 0:4294967308 ax_net::service:436] wlan0: DHCP offered address 192.168.137.107 from 192.168.137.1
[ 18.580960 0:4294967308 ax_net::service:868] wlan0: DHCP acquired address 192.168.137.107/24
[ 18.581058 0:4294967308 ax_net::service:870] wlan0: DHCP router 192.168.137.1
[ 18.581197 0:4294967308 ax_net::device::ethernet:338] wlan0: requesting ARP for 192.168.137.1
[ 18.581363 0:4294967296 ax_net:684] Initialize vsock subsystem...
[ 18.581391 0:4294967296 ax_net:686]   No vsock device found!
[ 18.581412 0:4294967296 ax_runtime::bootstrap:236] Primary CPU 0 init OK.
[ 18.582365 0:4294967296 ax_fs_ng::block::runtime::lifecycle::device:431] block device cvsd online with 1 hctxs across 1 CPUs
[ 18.584267 0:4294967296 ax_tracepoint:327] tracepoint_data_start: 0xffffffff80748c58, tracepoint_data_end: 0xffffffff80748d00
[ 18.584372 0:4294967296 ax_tracepoint:370] tracepoint_data_len: 7
[ 18.584400 0:4294967296 ax_tracepoint:389] tracepoint registered: sched:sched_process_exit
[ 18.584424 0:4294967296 ax_tracepoint:389] tracepoint registered: sched:sched_process_fork
[ 18.584446 0:4294967296 ax_tracepoint:389] tracepoint registered: sched:sched_switch
[ 18.584468 0:4294967296 ax_tracepoint:389] tracepoint registered: syscalls:sys_clone
[ 18.584490 0:4294967296 ax_tracepoint:389] tracepoint registered: raw_syscalls:sys_enter
[ 18.584512 0:4294967296 ax_tracepoint:389] tracepoint registered: syscalls:sys_enter_openat
[ 18.584534 0:4294967296 ax_tracepoint:389] tracepoint registered: syscalls:sys_mkdirat
Initialized 7 tracepoints
[ 18.589077 0:4294967308 ax_net::device::ethernet:409] wlan0: ARP 192.168.137.1 -> 66-d6-9a-fb-71-56
Welcome to Starry OS!
[ 18.589198 0:4294967308 ax_net::device::ethernet:479] wlan0: sending pending IPv4 packet to 192.168.137.1 via 66-d6-9a-fb-71-56
STARRY_LEGACY_BOARD_INIT
kmod subsystem initialized
[ 18.590711 0:4294967296 starry_kernel::pseudofs:88] Initialize pseudofs...
USER=root
[ 18.592654 0:4294967296 starry_kernel::pseudofs::dev::tty::serial:238] ttyS0 registered: path=/serial@04140000, alias=Some(0), paddr=0x4140000, irq=Some(Source(FdtInterrupt(FdtIrqSpec { controller: 116, cells: [44, 4] })))
HOSTNAME=starry
[ 18.594372 0:4294967296 starry_kernel::pseudofs::dev::tty::serial:238] ttyS1 registered: path=/serial@04150000, alias=Some(1), paddr=0x4150000, irq=Some(Source(FdtInterrupt(FdtIrqSpec { controller: 116, cells: [45, 4] })))
SHLVL=1
[ 18.596088 0:4294967296 starry_kernel::pseudofs::dev::tty::serial:238] ttyS2 registered: path=/serial@04160000, alias=Some(2), paddr=0x4160000, irq=Some(Source(FdtInterrupt(FdtIrqSpec { controller: 116, cells: [46, 4] })))
HOME=/root
[ 18.597795 0:4294967296 starry_kernel::pseudofs::dev::tty::serial:238] ttyS3 registered: path=/serial@04170000, alias=Some(3), paddr=0x4170000, irq=Some(Source(FdtInterrupt(FdtIrqSpec { controller: 116, cells: [47, 4] })))
TERM=xterm-256color
[ 18.597891 0:4294967296 starry_kernel::pseudofs::dev::tty::serial:182] /dev/console bound to runtime console ttyS0
PATH=/usr/local/sbin:/usr/local/bin:/usr/sbin:/usr/bin:/sbin:/bin
[ 18.600332 0:4294967296 sg2002_tpu::tpu::device:181] TPU device initialized
PWD=/
[ 18.600421 0:4294967296 starry_kernel::pseudofs::dev::tpu::device:249] [TPU] TDMA IRQ IrqId { domain: IrqDomainId(7), hwirq: HwIrq(76) } registered and enabled

[ 18.600451 0:4294967296 starry_kernel::pseudofs::dev::tpu::device:361] [TPU] resource tdma=[0xc100000, +0x1000) tiu=[0xc101000, +0x1000) irq=Some(IrqId { domain: IrqDomainId(7), hwirq: HwIrq(76) }) irq_wait=true source=fdt
[ 18.601870 0:4294967317 starry_kernel::pseudofs::dev::tpu::device:307] [TPU] worker thread started
[ 18.603916 0:4294967296 starry_kernel::pseudofs:82] Mounted devfs at /dev
[ 18.604015 0:4294967296 starry_kernel::pseudofs::usbfs:57] usbfs: initializing manager
[ 18.604049 0:4294967296 starry_kernel::pseudofs::usbfs::manager:1773] usbfs: discovered 0 USB host(s)
[ 18.604069 0:4294967296 starry_kernel::pseudofs::usbfs:60] usbfs: no USB host found, skip mounting usbfs
[ 18.604210 0:4294967296 starry_kernel::pseudofs:82] Mounted tmpfs at /dev/shm
[ 18.604446 0:4294967296 starry_kernel::pseudofs:82] Mounted tmpfs at /tmp
[ 18.604977 0:4294967296 starry_kernel::pseudofs:82] Mounted mqueue at /dev/mqueue
[ 18.605462 0:4294967296 starry_kernel::dyn_debug:63] debug_init: initializing dynamic debug sites
[ 18.606882 0:4294967296 starry_kernel::dyn_debug:66] debug_init: found 218 dynamic debug sites
[ 18.606936 0:4294967296 starry_kernel::pseudofs::proc:89] Read kallsyms, size: 1090KB
[ 18.640053 0:4294967296 starry_kernel::pseudofs:82] Mounted proc at /proc
[ 18.644211 0:4294967296 starry_kernel::task::timer::alarm:75] Initialize alarm...
[ 18.897433 0:4294967323 starry_kernel::task::user:83] Enter user space: ip=0x6013d7ae, sp=0x3ffffef80
[ 18.906804 0:4294967322 starry_kernel::syscall::task::wait:380] sys_waitpid <= pid: -1, options: WaitPidOptions(0x0)
[ 18.965277 0:8589934619 starry_kernel::task::user:83] Enter user space: ip=0x6013d7ae, sp=0x3ffffef80
[ 18.974017 0:4294967322 starry_kernel::syscall::task::wait:380] sys_waitpid <= pid: -1, options: WaitPidOptions(0x0)
[ 18.988666 0:4294967307 aic8800::device::probe:465] [wifi-probe-rx] reads=63 data_reads=21 avg=134us min=117us max=174us bytes=11264 items=22 data_frames=8 data_confirmations=2 control_confirmations=3 control_indications=9 prints=0 | size <=512 n=20 avg=132us | <=2k n=1 avg=167us | <=8k n=0 avg=0us | >8k n=0 avg=0us | control n=42 avg=65us min=0us max=384us | credit n=3 avg=81us | other n=6 avg=97us | rdif_at_write 0/1/2-3/4+=6/0/0/0 | queue_at_arrival=4/1/0/0
/bin/sh: [ 19.049562 0:4294967322 starry_kernel::syscall::task::wait:380] sys_waitpid <= pid: -1, options: WaitPidOptions(0x0)
can't access tty; job control turned off[ 19.078875 0:4294967324 starry_kernel::task::ops:539] Task(4294967324, "busybox") exit with code: 0

[ 19.079513 0:4294967324 starry_kernel::task::signal:763] Send signal SIGCHLD to process 1
root@starry:~# [ 19.080035 0:4294967322 starry_kernel::syscall::task::wait:380] sys_waitpid <= pid: -1, options: WaitPidOptions(WNOHANG)

[ 19.093705 0:8589934620 starry_kernel::task::user:83] Enter user space: ip=0x6013d7ae, sp=0x3ffffef80
root@starry:~# [ 19.119320 0:4294967322 starry_kernel::syscall::task::wait:380] sys_waitpid <= pid: -1, options: WaitPidOptions(0x0)
[ 19.144920 0:8589934620 starry_kernel::task::ops:539] Task(8589934620, "busybox") exit with code: 0
[ 19.145493 0:8589934620 starry_kernel::task::signal:763] Send signal SIGCHLD to process 1
[ 19.146056 0:4294967322 starry_kernel::syscall::task::wait:380] sys_waitpid <= pid: -1, options: WaitPidOptions(WNOHANG)
[ 19.165941 0:12884901916 starry_kernel::task::user:83] Enter user space: ip=0x6013d7ae, sp=0x3ffffedc0
[ 19.167546 0:4294967322 starry_kernel::syscall::task::wait:380] sys_waitpid <= pid: -1, options: WaitPidOptions(0x0)
[ 19.216973 0:12884901916 starry_kernel::task::ops:539] Task(12884901916, "busybox") exit with code: 0
[ 19.217611 0:12884901916 starry_kernel::task::signal:763] Send signal SIGCHLD to process 1
[ 19.218630 0:4294967322 starry_kernel::syscall::task::wait:380] sys_waitpid <= pid: -1, options: WaitPidOptions(WNOHANG)
[ 19.237779 0:17179869212 starry_kernel::task::user:83] Enter user space: ip=0x6013d7ae, sp=0x3ffffedc0
[ 19.244256 0:4294967322 starry_kernel::syscall::task::wait:380] sys_waitpid <= pid: -1, options: WaitPidOptions(0x0)
[ 19.290581 0:17179869212 starry_kernel::task::ops:539] Task(17179869212, "busybox") exit with code: 0
[ 19.291266 0:17179869212 starry_kernel::task::signal:763] Send signal SIGCHLD to process 1
[ 19.291762 0:4294967322 starry_kernel::syscall::task::wait:380] sys_waitpid <= pid: -1, options: WaitPidOptions(WNOHANG)
[ 19.310855 0:21474836508 starry_kernel::task::user:83] Enter user space: ip=0x6013d7ae, sp=0x3ffffeba0
[ 19.330190 0:4294967322 starry_kernel::syscall::task::wait:380] sys_waitpid <= pid: -1, options: WaitPidOptions(0x0)
[ 19.361420 0:21474836508 starry_kernel::task::ops:539] Task(21474836508, "busybox") exit with code: 0
[ 19.362543 0:21474836508 starry_kernel::task::signal:763] Send signal SIGCHLD to process 1
[ 19.363100 0:4294967322 starry_kernel::syscall::task::wait:380] sys_waitpid <= pid: -1, options: WaitPidOptions(WNOHANG)
[ 19.382859 0:25769803804 starry_kernel::task::user:83] Enter user space: ip=0x6013d7ae, sp=0x3ffffeba0
[ 19.409296 0:4294967322 starry_kernel::syscall::task::wait:380] sys_waitpid <= pid: -1, options: WaitPidOptions(0x0)
[ 19.431783 0:25769803804 starry_kernel::task::ops:539] Task(25769803804, "busybox") exit with code: 0
[ 19.432382 0:25769803804 starry_kernel::task::signal:763] Send signal SIGCHLD to process 1
[ 19.432885 0:4294967322 starry_kernel::syscall::task::wait:380] sys_waitpid <= pid: -1, options: WaitPidOptions(WNOHANG)
[ 19.452364 0:30064771100 starry_kernel::task::user:83] Enter user space: ip=0x6013d7ae, sp=0x3ffffeba0
[ 19.479291 0:4294967322 starry_kernel::syscall::task::wait:380] sys_waitpid <= pid: -1, options: WaitPidOptions(0x0)
[ 19.502388 0:30064771100 starry_kernel::task::ops:539] Task(30064771100, "busybox") exit with code: 0
[ 19.502933 0:30064771100 starry_kernel::task::signal:763] Send signal SIGCHLD to process 1
[ 19.503509 0:4294967322 starry_kernel::syscall::task::wait:380] sys_waitpid <= pid: -1, options: WaitPidOptions(WNOHANG)
[ 19.522814 0:34359738396 starry_kernel::task::user:83] Enter user space: ip=0x6013d7ae, sp=0x3ffffeba0
[ 19.549285 0:4294967322 starry_kernel::syscall::task::wait:380] sys_waitpid <= pid: -1, options: WaitPidOptions(0x0)
[ 19.571520 0:34359738396 starry_kernel::task::ops:539] Task(34359738396, "busybox") exit with code: 0
[ 19.572226 0:34359738396 starry_kernel::task::signal:763] Send signal SIGCHLD to process 1
[ 19.572648 0:4294967322 starry_kernel::syscall::task::wait:380] sys_waitpid <= pid: -1, options: WaitPidOptions(WNOHANG)
[ 19.592441 0:38654705692 starry_kernel::task::user:83] Enter user space: ip=0x6013d7ae, sp=0x3ffffeba0
[ 19.619384 0:4294967322 starry_kernel::syscall::task::wait:380] sys_waitpid <= pid: -1, options: WaitPidOptions(0x0)
[ 19.643359 0:38654705692 starry_kernel::task::ops:539] Task(38654705692, "busybox") exit with code: 0
[ 19.643940 0:38654705692 starry_kernel::task::signal:763] Send signal SIGCHLD to process 1
[ 19.644511 0:4294967322 starry_kernel::syscall::task::wait:380] sys_waitpid <= pid: -1, options: WaitPidOptions(WNOHANG)
[ 19.663755 0:42949672988 starry_kernel::task::user:83] Enter user space: ip=0x6013d7ae, sp=0x3ffffeba0
[ 19.689291 0:4294967322 starry_kernel::syscall::task::wait:380] sys_waitpid <= pid: -1, options: WaitPidOptions(0x0)
[ 19.712090 0:42949672988 starry_kernel::task::ops:539] Task(42949672988, "busybox") exit with code: 0
[ 19.712712 0:42949672988 starry_kernel::task::signal:763] Send signal SIGCHLD to process 1
[ 19.713255 0:4294967322 starry_kernel::syscall::task::wait:380] sys_waitpid <= pid: -1, options: WaitPidOptions(WNOHANG)
[ 19.733107 0:47244640284 starry_kernel::task::user:83] Enter user space: ip=0x6013d7ae, sp=0x3ffffeba0
[ 19.759291 0:4294967322 starry_kernel::syscall::task::wait:380] sys_waitpid <= pid: -1, options: WaitPidOptions(0x0)
[ 19.781965 0:47244640284 starry_kernel::task::ops:539] Task(47244640284, "busybox") exit with code: 0
[ 19.782618 0:47244640284 starry_kernel::task::signal:763] Send signal SIGCHLD to process 1
[ 19.783091 0:4294967322 starry_kernel::syscall::task::wait:380] sys_waitpid <= pid: -1, options: WaitPidOptions(WNOHANG)
[ 19.802628 0:51539607580 starry_kernel::task::user:83] Enter user space: ip=0x6013d7ae, sp=0x3ffffeba0
[ 19.817083 0:4294967322 starry_kernel::syscall::task::wait:380] sys_waitpid <= pid: -1, options: WaitPidOptions(0x0)
[ 19.854646 0:51539607580 starry_kernel::task::ops:539] Task(51539607580, "busybox") exit with code: 0
[ 19.855230 0:51539607580 starry_kernel::task::signal:763] Send signal SIGCHLD to process 1
[ 19.855799 0:4294967322 starry_kernel::syscall::task::wait:380] sys_waitpid <= pid: -1, options: WaitPidOptions(WNOHANG)
[ 19.880284 0:55834574876 starry_kernel::task::user:83] Enter user space: ip=0x6013d7ae, sp=0x3ffffef80
[ 19.888821 0:4294967322 starry_kernel::syscall::task::wait:380] sys_waitpid <= pid: -1, options: WaitPidOptions(0x0)
[ 19.922042 0:55834574876 starry_kernel::task::ops:539] Task(55834574876, "busybox") exit with code: 0
[ 19.922630 0:55834574876 starry_kernel::task::signal:763] Send signal SIGCHLD to process 1
[ 19.923172 0:4294967322 starry_kernel::syscall::task::wait:380] sys_waitpid <= pid: -1, options: WaitPidOptions(WNOHANG)

root@starry:~# 
root@starry:~# 
root@starry:~# 
root@starry:~# 
root@starry:~# ip addr
[ 24.849475 0:60129542172 starry_kernel::task::user:83] Enter user space: ip=0x6013d7ae, sp=0x3fffff570
[ 24.851624 0:4294967322 starry_kernel::syscall::task::wait:380] sys_waitpid <= pid: -1, options: WaitPidOptions(0x0)
1: lo: <LOOPBACK,UP,LOWER_UP> mtu 1500 qdisc noqueue state UP qlen 1000
[ 24.903607 0:60129542172 starry_kernel::task::ops:539] Task(60129542172, "busybox") exit with code: 0
    link/loopback 00:00:00:00:00:00 brd 00:00:00:00:00:00
[ 24.904275 0:60129542172 starry_kernel::task::signal:763] Send signal SIGCHLD to process 1
    inet 127.0.0.1/8 scope host dynamic lo
[ 24.904833 0:4294967322 starry_kernel::syscall::task::wait:380] sys_waitpid <= pid: -1, options: WaitPidOptions(WNOHANG)
2: wlan0: <BROADCAST,MULTICAST,UP,LOWER_UP> mtu 1500 qdisc mq state UP qlen 1000
    link/ether 38:7a:cc:9b:2c:c8 brd ff:ff:ff:ff:ff:ff
    inet 192.168.137.107/24 brd 192.168.137.255 scope global dynamic wlan0
root@starry:~# iperf3 -s 1
[ 34.424045 0:64424509468 starry_kernel::task::user:83] Enter user space: ip=0x6013d7ae, sp=0x3fffff570
[ 34.427455 0:4294967322 starry_kernel::syscall::task::wait:380] sys_waitpid <= pid: -1, options: WaitPidOptions(0x0)
-----------------------------------------------------------
Server listening on 5201 (test #1)
-----------------------------------------------------------
[ 54.143171 0:4294967307 ax_net::queue_runtime::executor::probe:194] [netprobe] dt=35587ms iters=49 polls=38 poll_us=15 waits=26 wait_us=1368553 yields=0 | wait_kind notify=26@1368553us deadline=0@0us hist=15/0/1/0/10 | wake n=38 avg=347us hist=0/13/12/6/7 | owner_calls=38 skipped=0 owner_us=56 max=275us slow=1 | tx_submit=3 tx_done=3 rx_done=5 | ready 0/1/2-3/4+=38/0/0/0 | irq=36 | park xfer=5081882us handoff=795us n=7
[ 54.143296 0:4294967307 aic8800::device::probe:394] [wifi-probe] tx_writes=0 dt=35154ms period_avg=0us max=0us hist=0/0/0/0/0 | write n=0 avg=0us min=18446744073709551us max=0us bytes=0 calls=0.0 | size blk 1/2/3/4-6/7-9/10+ n=0/0/0/0/0/0 avg=0/0/0/0/0/0us | credit n=0 min=0 max=0 avgx10=0 backoff=0 avg=0us | gap rx0 n=0 avg=0us | rx1 n=0 avg=0us | rx2+ n=0 avg=0us | supply core n=0 avg=0us | ring n=0 avg=0us | none n=0 avg=0us | scans=2 deferred=0 tx_ready=0 | steps=10 per_tx_write=10.0 owner_calls=9
[ 54.143358 0:4294967307 aic8800::device::probe:465] [wifi-probe-rx] reads=6 data_reads=2 avg=239us min=160us max=319us bytes=1024 items=2 data_frames=2 data_confirmations=0 control_confirmations=0 control_indications=0 prints=0 | size <=512 n=2 avg=239us | <=2k n=0 avg=0us | <=8k n=0 avg=0us | >8k n=0 avg=0us | control n=4 avg=60us min=0us max=163us | credit n=0 avg=0us | other n=0 avg=0us | rdif_at_write 0/1/2-3/4+=0/0/0/0 | queue_at_arrival=0/0/0/0
Accepted connection from 192.168.137.1, port 54158
[  5] local 192.168.137.107 port 5201 connected to 192.168.137.1 port 54159
[ 55.566554 0:12884901915 starry_kernel::task::user:83] Enter user space: ip=0x601524d0, sp=0x428af0
[ 56.143693 0:4294967307 ax_net::queue_runtime::executor::probe:194] [netprobe] dt=2000ms iters=920 polls=681 poll_us=18 waits=486 wait_us=3924 yields=0 | wait_kind notify=486@3924us deadline=0@0us hist=246/0/25/55/160 | wake n=679 avg=1853us hist=0/211/102/179/187 | owner_calls=679 skipped=2 owner_us=105 max=1856us slow=94 | tx_submit=127 tx_done=125 rx_done=651 | ready 0/1/2-3/4+=676/3/0/0 | irq=559 | park xfer=5370us handoff=249us n=142
[ 56.144215 0:4294967307 aic8800::device::probe:394] [wifi-probe] tx_writes=58 dt=2000ms period_avg=647362us max=35557183us hist=13/1/4/10/30 | write n=58 avg=208us min=112us max=1676us bytes=29696 calls=1.87 | size blk 1/2/3/4-6/7-9/10+ n=58/0/0/0/0/0 avg=208/0/0/0/0/0us | credit n=1 min=127 max=127 avgx10=1270 backoff=0 avg=0us | gap rx0 n=33 avg=31587us | rx1 n=0 avg=0us | rx2+ n=25 avg=1459701us | supply core n=14 avg=57us | ring n=0 avg=0us | none n=44 avg=853047us | scans=28 deferred=0 tx_ready=0 | steps=1257 per_tx_write=21.6 owner_calls=680
[ 56.144326 0:4294967307 aic8800::device::probe:465] [wifi-probe-rx] reads=286 data_reads=129 avg=1130us min=96us max=3775us bytes=1064448 items=653 data_frames=652 data_confirmations=0 control_confirmations=0 control_indications=1 prints=0 | size <=512 n=9 avg=197us | <=2k n=24 avg=520us | <=8k n=37 avg=1037us | >8k n=59 avg=1580us | control n=157 avg=299us min=0us max=998us | credit n=1 avg=60us | other n=0 avg=0us | rdif_at_write 0/1/2-3/4+=58/0/0/0 | queue_at_arrival=45/18/24/40
[ ID] Interval           Transfer     Bitrate
[  5]   0.00-1.00   sec  1.50 MBytes  12.6 Mbits/sec                  
[  5]   1.00-2.00   sec  2.12 MBytes  17.8 Mbits/sec                  
[ 58.143810 0:4294967307 ax_net::queue_runtime::executor::probe:194] [netprobe] dt=2000ms iters=3276 polls=2400 poll_us=24 waits=1755 wait_us=915 yields=0 | wait_kind notify=1755@915us deadline=0@0us hist=877/2/74/160/642 | wake n=2383 avg=356us hist=0/693/312/619/759 | owner_calls=2383 skipped=17 owner_us=129 max=2055us slow=373 | tx_submit=407 tx_done=408 rx_done=3246 | ready 0/1/2-3/4+=2359/24/0/0 | irq=1964 | park xfer=2309us handoff=218us n=530
[ 58.144442 0:4294967307 aic8800::device::probe:394] [wifi-probe] tx_writes=192 dt=2000ms period_avg=10447us max=67755us hist=34/3/16/31/108 | write n=192 avg=224us min=115us max=2216us bytes=98304 calls=1.81 | size blk 1/2/3/4-6/7-9/10+ n=192/0/0/0/0/0 avg=224/0/0/0/0/0us | credit n=3 min=127 max=131 avgx10=1286 backoff=0 avg=0us | gap rx0 n=106 avg=811us | rx1 n=0 avg=0us | rx2+ n=87 avg=21584us | supply core n=38 avg=139us | ring n=2 avg=58us | none n=153 avg=12800us | scans=87 deferred=0 tx_ready=1 | steps=5301 per_tx_write=27.6 owner_calls=2382
[ 58.144551 0:4294967307 aic8800::device::probe:465] [wifi-probe-rx] reads=1023 data_reads=468 avg=1391us min=142us max=4019us bytes=5330432 items=3247 data_frames=3247 data_confirmations=0 control_confirmations=0 control_indications=0 prints=0 | size <=512 n=1 avg=142us | <=2k n=79 avg=469us | <=8k n=137 avg=971us | >8k n=251 avg=1915us | control n=555 avg=372us min=0us max=2060us | credit n=3 avg=71us | other n=0 avg=0us | rdif_at_write 0/1/2-3/4+=185/7/0/0 | queue_at_arrival=154/77/115/61
[  5]   2.00-3.00   sec  3.12 MBytes  26.2 Mbits/sec                  
[  5]   3.00-4.00   sec  3.62 MBytes  30.4 Mbits/sec                  
[ 60.144015 0:4294967307 ax_net::queue_runtime::executor::probe:194] [netprobe] dt=2000ms iters=3943 polls=2887 poll_us=24 waits=2118 wait_us=702 yields=0 | wait_kind notify=2118@702us deadline=0@0us hist=1060/1/54/125/878 | wake n=2866 avg=422us hist=0/841/292/669/1064 | owner_calls=2866 skipped=21 owner_us=141 max=2974us slow=527 | tx_submit=560 tx_done=556 rx_done=5212 | ready 0/1/2-3/4+=2837/28/1/0 | irq=2246 | park xfer=1574us handoff=215us n=610
[ 60.145387 0:4294967307 aic8800::device::probe:394] [wifi-probe] tx_writes=210 dt=2000ms period_avg=9468us max=55451us hist=82/1/8/26/93 | write n=210 avg=206us min=112us max=1936us bytes=107520 calls=1.88 | size blk 1/2/3/4-6/7-9/10+ n=210/0/0/0/0/0 avg=206/0/0/0/0/0us | credit n=4 min=121 max=131 avgx10=1260 backoff=0 avg=0us | gap rx0 n=131 avg=570us | rx1 n=0 avg=0us | rx2+ n=78 avg=23961us | supply core n=85 avg=577us | ring n=5 avg=4148us | none n=119 avg=15747us | scans=79 deferred=0 tx_ready=2 | steps=7569 per_tx_write=36.0 owner_calls=2867
[ 60.145501 0:4294967307 aic8800::device::probe:465] [wifi-probe-rx] reads=1189 data_reads=555 avg=1728us min=363us max=3945us bytes=8494592 items=5212 data_frames=5212 data_confirmations=0 control_confirmations=0 control_indications=0 prints=0 | size <=512 n=0 avg=0us | <=2k n=61 avg=585us | <=8k n=106 avg=952us | >8k n=388 avg=2120us | control n=634 avg=383us min=0us max=1979us | credit n=4 avg=62us | other n=0 avg=0us | rdif_at_write 0/1/2-3/4+=201/9/0/0 | queue_at_arrival=125/72/125/238
[  5]   4.00-5.00   sec  3.50 MBytes  29.3 Mbits/sec                  
[  5]   5.00-6.00   sec  2.75 MBytes  23.1 Mbits/sec                  
[ 62.179967 0:4294967307 ax_net::queue_runtime::executor::probe:194] [netprobe] dt=2035ms iters=3250 polls=2383 poll_us=25 waits=1738 wait_us=922 yields=0 | wait_kind notify=1738@922us deadline=0@0us hist=868/0/47/106/717 | wake n=2363 avg=450us hist=0/679/242/540/902 | owner_calls=2363 skipped=20 owner_us=146 max=1651us slow=447 | tx_submit=466 tx_done=471 rx_done=4410 | ready 0/1/2-3/4+=2333/30/0/0 | irq=1821 | park xfer=2329us handoff=222us n=488
[ 62.180090 0:4294967307 aic8800::device::probe:394] [wifi-probe] tx_writes=172 dt=2034ms period_avg=11666us max=82244us hist=71/2/1/17/81 | write n=172 avg=184us min=112us max=1563us bytes=88064 calls=1.88 | size blk 1/2/3/4-6/7-9/10+ n=172/0/0/0/0/0 avg=184/0/0/0/0/0us | credit n=4 min=124 max=129 avgx10=1255 backoff=0 avg=0us | gap rx0 n=110 avg=793us | rx1 n=0 avg=0us | rx2+ n=62 avg=30447us | supply core n=75 avg=401us | ring n=1 avg=4469us | none n=96 avg=20212us | scans=61 deferred=0 tx_ready=1 | steps=6337 per_tx_write=36.8 owner_calls=2362
[ 62.180152 0:4294967307 aic8800::device::probe:465] [wifi-probe-rx] reads=963 data_reads=451 avg=1797us min=362us max=3765us bytes=7180288 items=4410 data_frames=4410 data_confirmations=0 control_confirmations=0 control_indications=0 prints=0 | size <=512 n=0 avg=0us | <=2k n=52 avg=551us | <=8k n=85 avg=960us | >8k n=314 avg=2230us | control n=512 avg=375us min=0us max=2190us | credit n=4 avg=52us | other n=0 avg=0us | rdif_at_write 0/1/2-3/4+=168/4/0/0 | queue_at_arrival=96/60/102/208
[  5]   6.00-7.00   sec  3.38 MBytes  28.3 Mbits/sec                  
[  5]   7.00-8.00   sec  2.88 MBytes  24.1 Mbits/sec                  
[ 64.179989 0:4294967307 ax_net::queue_runtime::executor::probe:194] [netprobe] dt=2000ms iters=3286 polls=2409 poll_us=25 waits=1755 wait_us=886 yields=0 | wait_kind notify=1755@886us deadline=0@0us hist=880/1/48/125/701 | wake n=2391 avg=439us hist=0/687/260/572/872 | owner_calls=2391 skipped=18 owner_us=148 max=2300us slow=442 | tx_submit=463 tx_done=462 rx_done=4265 | ready 0/1/2-3/4+=2348/40/3/0 | irq=1867 | park xfer=2151us handoff=216us n=509
[ 64.180118 0:4294967307 aic8800::device::probe:394] [wifi-probe] tx_writes=178 dt=2000ms period_avg=11428us max=80175us hist=62/6/9/18/83 | write n=178 avg=224us min=114us max=1736us bytes=91136 calls=1.87 | size blk 1/2/3/4-6/7-9/10+ n=178/0/0/0/0/0 avg=224/0/0/0/0/0us | credit n=4 min=126 max=129 avgx10=1277 backoff=0 avg=0us | gap rx0 n=113 avg=814us | rx1 n=0 avg=0us | rx2+ n=65 avg=29265us | supply core n=66 avg=200us | ring n=7 avg=596us | none n=105 avg=18828us | scans=66 deferred=0 tx_ready=1 | steps=6238 per_tx_write=35.0 owner_calls=2391
[ 64.180182 0:4294967307 aic8800::device::probe:465] [wifi-probe-rx] reads=982 data_reads=458 avg=1760us min=321us max=5209us bytes=6955520 items=4265 data_frames=4265 data_confirmations=0 control_confirmations=0 control_indications=0 prints=0 | size <=512 n=0 avg=0us | <=2k n=58 avg=531us | <=8k n=93 avg=975us | >8k n=307 avg=2230us | control n=524 avg=358us min=0us max=2037us | credit n=4 avg=58us | other n=0 avg=0us | rdif_at_write 0/1/2-3/4+=169/9/0/0 | queue_at_arrival=113/60/98/192
[  5]   8.00-9.00   sec  2.88 MBytes  24.1 Mbits/sec                  
[  5]   9.00-10.00  sec  2.75 MBytes  23.1 Mbits/sec                  
[ 66.198084 0:4294967307 ax_net::queue_runtime::executor::probe:194] [netprobe] dt=2018ms iters=2871 polls=2106 poll_us=24 waits=1532 wait_us=1075 yields=0 | wait_kind notify=1532@1075us deadline=0@0us hist=767/1/44/95/625 | wake n=2091 avg=448us hist=0/612/215/489/775 | owner_calls=2091 skipped=15 owner_us=141 max=1866us slow=373 | tx_submit=411 tx_done=412 rx_done=3852 | ready 0/1/2-3/4+=2069/22/0/0 | irq=1608 | park xfer=2800us handoff=208us n=438
[ 66.198209 0:4294967307 aic8800::device::probe:394] [wifi-probe] tx_writes=156 dt=2018ms period_avg=12543us max=98711us hist=58/3/7/18/70 | write n=156 avg=178us min=113us max=1078us bytes=79872 calls=1.83 | size blk 1/2/3/4-6/7-9/10+ n=156/0/0/0/0/0 avg=178/0/0/0/0/0us | credit n=3 min=121 max=131 avgx10=1256 backoff=0 avg=0us | gap rx0 n=104 avg=902us | rx1 n=0 avg=0us | rx2+ n=52 avg=35290us | supply core n=64 avg=188us | ring n=0 avg=0us | none n=92 avg=20835us | scans=51 deferred=0 tx_ready=1 | steps=5563 per_tx_write=35.6 owner_calls=2091
[ 66.198274 0:4294967307 aic8800::device::probe:465] [wifi-probe-rx] reads=847 data_reads=398 avg=1780us min=364us max=4705us bytes=6271488 items=3852 data_frames=3852 data_confirmations=0 control_confirmations=0 control_indications=0 prints=0 | size <=512 n=0 avg=0us | <=2k n=46 avg=527us | <=8k n=82 avg=1027us | >8k n=270 avg=2223us | control n=449 avg=349us min=0us max=1761us | credit n=3 avg=51us | other n=0 avg=0us | rdif_at_write 0/1/2-3/4+=153/3/0/0 | queue_at_arrival=91/49/86/185
[  5]  10.00-11.00  sec  2.50 MBytes  21.0 Mbits/sec                  
[  5]  11.00-12.00  sec  3.50 MBytes  29.4 Mbits/sec                  
[ 68.218039 0:4294967307 ax_net::queue_runtime::executor::probe:194] [netprobe] dt=2019ms iters=3386 polls=2475 poll_us=22 waits=1822 wait_us=868 yields=0 | wait_kind notify=1822@868us deadline=0@0us hist=911/0/52/104/755 | wake n=2448 avg=435us hist=0/707/238/589/914 | owner_calls=2448 skipped=27 owner_us=144 max=2754us slow=445 | tx_submit=478 tx_done=478 rx_done=4530 | ready 0/1/2-3/4+=2415/33/0/0 | irq=1894 | park xfer=2157us handoff=202us n=512
[ 68.218157 0:4294967307 aic8800::device::probe:394] [wifi-probe] tx_writes=181 dt=2019ms period_avg=11346us max=74969us hist=63/7/6/14/91 | write n=181 avg=191us min=113us max=1466us bytes=92672 calls=1.77 | size blk 1/2/3/4-6/7-9/10+ n=181/0/0/0/0/0 avg=191/0/0/0/0/0us | credit n=4 min=129 max=131 avgx10=1297 backoff=0 avg=0us | gap rx0 n=121 avg=813us | rx1 n=0 avg=0us | rx2+ n=60 avg=32008us | supply core n=73 avg=289us | ring n=2 avg=729us | none n=106 avg=18833us | scans=61 deferred=0 tx_ready=1 | steps=6544 per_tx_write=36.1 owner_calls=2448
[ 68.218220 0:4294967307 aic8800::device::probe:465] [wifi-probe-rx] reads=999 data_reads=469 avg=1787us min=321us max=5623us bytes=7377408 items=4530 data_frames=4530 data_confirmations=0 control_confirmations=0 control_indications=0 prints=0 | size <=512 n=0 avg=0us | <=2k n=60 avg=487us | <=8k n=90 avg=1015us | >8k n=319 avg=2250us | control n=530 avg=352us min=0us max=1584us | credit n=4 avg=68us | other n=0 avg=0us | rdif_at_write 0/1/2-3/4+=178/3/0/0 | queue_at_arrival=108/57/92/221
[  5]  12.00-13.00  sec  3.00 MBytes  25.2 Mbits/sec                  
[  5]  13.00-14.00  sec  3.38 MBytes  28.3 Mbits/sec                  
[ 70.265078 0:4294967307 ax_net::queue_runtime::executor::probe:194] [netprobe] dt=2047ms iters=3284 polls=2392 poll_us=24 waits=1784 wait_us=905 yields=0 | wait_kind notify=1784@905us deadline=0@0us hist=893/1/48/115/727 | wake n=2376 avg=468us hist=0/685/206/559/926 | owner_calls=2376 skipped=16 owner_us=146 max=2078us slow=435 | tx_submit=475 tx_done=475 rx_done=4573 | ready 0/1/2-3/4+=2350/22/4/0 | irq=1777 | park xfer=2329us handoff=202us n=484
[ 70.265206 0:4294967307 aic8800::device::probe:394] [wifi-probe] tx_writes=174 dt=2047ms period_avg=11638us max=76654us hist=71/3/5/13/82 | write n=174 avg=179us min=114us max=1342us bytes=89088 calls=1.83 | size blk 1/2/3/4-6/7-9/10+ n=174/0/0/0/0/0 avg=179/0/0/0/0/0us | credit n=4 min=127 max=131 avgx10=1287 backoff=0 avg=0us | gap rx0 n=119 avg=679us | rx1 n=0 avg=0us | rx2+ n=55 avg=34781us | supply core n=72 avg=51us | ring n=3 avg=141us | none n=99 avg=20098us | scans=55 deferred=0 tx_ready=0 | steps=6502 per_tx_write=37.3 owner_calls=2376
[ 70.265270 0:4294967307 aic8800::device::probe:465] [wifi-probe-rx] reads=933 data_reads=439 avg=1882us min=365us max=4432us bytes=7437312 items=4573 data_frames=4573 data_confirmations=0 control_confirmations=0 control_indications=0 prints=0 | size <=512 n=0 avg=0us | <=2k n=48 avg=473us | <=8k n=81 avg=1032us | >8k n=310 avg=2322us | control n=494 avg=354us min=0us max=1326us | credit n=4 avg=62us | other n=0 avg=0us | rdif_at_write 0/1/2-3/4+=170/4/0/0 | queue_at_arrival=102/57/88/228
[  5]  14.00-15.00  sec  2.75 MBytes  23.1 Mbits/sec                  
[  5]  15.00-16.00  sec  3.50 MBytes  29.4 Mbits/sec                  
[ 72.265885 0:4294967307 ax_net::queue_runtime::executor::probe:194] [netprobe] dt=2000ms iters=3313 polls=2429 poll_us=24 waits=1773 wait_us=877 yields=0 | wait_kind notify=1773@877us deadline=0@0us hist=891/1/41/118/722 | wake n=2413 avg=422us hist=0/699/250/574/890 | owner_calls=2413 skipped=16 owner_us=148 max=2329us slow=462 | tx_submit=484 tx_done=484 rx_done=4429 | ready 0/1/2-3/4+=2377/35/1/0 | irq=1897 | park xfer=2185us handoff=209us n=518
[ 72.266008 0:4294967307 aic8800::device::probe:394] [wifi-probe] tx_writes=172 dt=2000ms period_avg=11921us max=91093us hist=64/6/6/15/81 | write n=172 avg=213us min=112us max=1629us bytes=88064 calls=1.84 | size blk 1/2/3/4-6/7-9/10+ n=172/0/0/0/0/0 avg=213/0/0/0/0/0us | credit n=3 min=121 max=131 avgx10=1270 backoff=0 avg=0us | gap rx0 n=109 avg=522us | rx1 n=0 avg=0us | rx2+ n=63 avg=31059us | supply core n=72 avg=561us | ring n=3 avg=149us | none n=97 avg=20338us | scans=64 deferred=0 tx_ready=2 | steps=6387 per_tx_write=37.1 owner_calls=2413
[ 72.266091 0:4294967307 aic8800::device::probe:465] [wifi-probe-rx] reads=1012 data_reads=474 avg=1733us min=364us max=5227us bytes=7215104 items=4429 data_frames=4429 data_confirmations=0 control_confirmations=0 control_indications=0 prints=0 | size <=512 n=0 avg=0us | <=2k n=51 avg=465us | <=8k n=114 avg=962us | >8k n=309 avg=2226us | control n=538 avg=362us min=0us max=2300us | credit n=3 avg=90us | other n=0 avg=0us | rdif_at_write 0/1/2-3/4+=166/6/0/0 | queue_at_arrival=100/58/94/232
[  5]  16.00-17.00  sec  2.62 MBytes  22.0 Mbits/sec                  
[  5]  17.00-18.00  sec  3.00 MBytes  25.2 Mbits/sec                  
[ 74.265949 0:4294967307 ax_net::queue_runtime::executor::probe:194] [netprobe] dt=2000ms iters=3264 polls=2386 poll_us=23 waits=1758 wait_us=898 yields=0 | wait_kind notify=1758@898us deadline=0@0us hist=881/0/46/116/715 | wake n=2368 avg=439us hist=0/691/243/552/882 | owner_calls=2368 skipped=18 owner_us=140 max=1971us slow=414 | tx_submit=466 tx_done=463 rx_done=4309 | ready 0/1/2-3/4+=2345/23/0/0 | irq=1825 | park xfer=2264us handoff=222us n=488
[ 74.266065 0:4294967307 aic8800::device::probe:394] [wifi-probe] tx_writes=178 dt=2000ms period_avg=11243us max=81138us hist=65/2/5/19/87 | write n=178 avg=179us min=115us max=2005us bytes=91136 calls=1.85 | size blk 1/2/3/4-6/7-9/10+ n=178/0/0/0/0/0 avg=179/0/0/0/0/0us | credit n=4 min=124 max=129 avgx10=1260 backoff=0 avg=0us | gap rx0 n=114 avg=782us | rx1 n=0 avg=0us | rx2+ n=64 avg=29378us | supply core n=69 avg=361us | ring n=1 avg=116us | none n=108 avg=18003us | scans=64 deferred=0 tx_ready=2 | steps=6257 per_tx_write=35.1 owner_calls=2368
[ 74.266124 0:4294967307 aic8800::device::probe:465] [wifi-probe-rx] reads=956 data_reads=446 avg=1785us min=322us max=4425us bytes=7019008 items=4309 data_frames=4309 data_confirmations=0 control_confirmations=0 control_indications=0 prints=0 | size <=512 n=0 avg=0us | <=2k n=53 avg=571us | <=8k n=87 avg=1023us | >8k n=306 avg=2211us | control n=510 avg=361us min=0us max=1910us | credit n=4 avg=63us | other n=0 avg=0us | rdif_at_write 0/1/2-3/4+=176/2/0/0 | queue_at_arrival=110/62/98/196
[  5]  18.00-19.00  sec  3.00 MBytes  25.2 Mbits/sec                  
[  5]  19.00-20.00  sec  3.25 MBytes  27.2 Mbits/sec                  
[ 76.266070 0:4294967307 ax_net::queue_runtime::executor::probe:194] [netprobe] dt=2000ms iters=3527 polls=2587 poll_us=25 waits=1886 wait_us=815 yields=0 | wait_kind notify=1886@815us deadline=0@0us hist=943/0/52/117/774 | wake n=2562 avg=453us hist=0/736/268/585/973 | owner_calls=2562 skipped=25 owner_us=144 max=2163us slow=462 | tx_submit=513 tx_done=505 rx_done=4833 | ready 0/1/2-3/4+=2531/30/1/0 | irq=1960 | park xfer=1938us handoff=214us n=527
[ 76.268076 0:4294967307 aic8800::device::probe:394] [wifi-probe] tx_writes=187 dt=2002ms period_avg=10558us max=105846us hist=76/0/4/16/91 | write n=187 avg=176us min=113us max=1551us bytes=95744 calls=1.83 | size blk 1/2/3/4-6/7-9/10+ n=187/0/0/0/0/0 avg=176/0/0/0/0/0us | credit n=4 min=123 max=132 avgx10=1285 backoff=0 avg=0us | gap rx0 n=122 avg=821us | rx1 n=0 avg=0us | rx2+ n=65 avg=28324us | supply core n=80 avg=674us | ring n=1 avg=4729us | none n=106 avg=17760us | scans=66 deferred=0 tx_ready=3 | steps=6928 per_tx_write=37.0 owner_calls=2564
[ 76.268188 0:4294967307 aic8800::device::probe:465] [wifi-probe-rx] reads=1034 data_reads=484 avg=1835us min=362us max=5067us bytes=7869952 items=4833 data_frames=4833 data_confirmations=0 control_confirmations=0 control_indications=0 prints=0 | size <=512 n=0 avg=0us | <=2k n=63 avg=531us | <=8k n=86 avg=997us | >8k n=335 avg=2296us | control n=550 avg=352us min=0us max=2042us | credit n=4 avg=76us | other n=0 avg=0us | rdif_at_write 0/1/2-3/4+=184/3/0/0 | queue_at_arrival=107/57/98/251
[  5]  20.00-21.00  sec  3.25 MBytes  27.3 Mbits/sec                  
[  5]  21.00-22.00  sec  2.62 MBytes  22.0 Mbits/sec                  
[ 78.266133 0:4294967307 ax_net::queue_runtime::executor::probe:194] [netprobe] dt=2000ms iters=3122 polls=2288 poll_us=24 waits=1678 wait_us=957 yields=0 | wait_kind notify=1678@957us deadline=0@0us hist=843/0/54/122/659 | wake n=2269 avg=425us hist=0/674/227/556/812 | owner_calls=2269 skipped=19 owner_us=137 max=2058us slow=393 | tx_submit=429 tx_done=438 rx_done=3915 | ready 0/1/2-3/4+=2240/28/1/0 | irq=1758 | park xfer=2462us handoff=205us n=477
[ 78.268235 0:4294967307 aic8800::device::probe:394] [wifi-probe] tx_writes=171 dt=2000ms period_avg=11809us max=105020us hist=54/3/2/22/90 | write n=171 avg=205us min=113us max=1916us bytes=87552 calls=1.85 | size blk 1/2/3/4-6/7-9/10+ n=171/0/0/0/0/0 avg=205/0/0/0/0/0us | credit n=4 min=121 max=132 avgx10=1265 backoff=0 avg=0us | gap rx0 n=107 avg=865us | rx1 n=0 avg=0us | rx2+ n=64 avg=29558us | supply core n=61 avg=976us | ring n=1 avg=78us | none n=109 avg=17657us | scans=64 deferred=0 tx_ready=3 | steps=5803 per_tx_write=33.9 owner_calls=2269
[ 78.268299 0:4294967307 aic8800::device::probe:465] [wifi-probe-rx] reads=921 data_reads=429 avg=1698us min=360us max=4249us bytes=6401536 items=3925 data_frames=3925 data_confirmations=0 control_confirmations=0 control_indications=0 prints=0 | size <=512 n=0 avg=0us | <=2k n=61 avg=454us | <=8k n=99 avg=998us | >8k n=269 avg=2239us | control n=492 avg=343us min=0us max=2024us | credit n=4 avg=100us | other n=0 avg=0us | rdif_at_write 0/1/2-3/4+=167/4/0/0 | queue_at_arrival=110/60/87/173
[  5]  22.00-23.00  sec  3.12 MBytes  26.2 Mbits/sec                  
[  5]  23.00-24.00  sec  3.62 MBytes  30.4 Mbits/sec                  
[ 80.311266 0:4294967307 ax_net::queue_runtime::executor::probe:194] [netprobe] dt=2045ms iters=3710 polls=2706 poll_us=23 waits=2011 wait_us=778 yields=0 | wait_kind notify=2011@778us deadline=0@0us hist=1007/1/48/108/847 | wake n=2688 avg=463us hist=0/776/256/605/1051 | owner_calls=2688 skipped=18 owner_us=143 max=1896us slow=480 | tx_submit=530 tx_done=532 rx_done=5074 | ready 0/1/2-3/4+=2659/28/1/0 | irq=2038 | park xfer=1850us handoff=217us n=550
[ 80.311391 0:4294967307 aic8800::device::probe:394] [wifi-probe] tx_writes=198 dt=2043ms period_avg=10152us max=68295us hist=73/2/6/19/98 | write n=198 avg=183us min=112us max=1396us bytes=101376 calls=1.85 | size blk 1/2/3/4-6/7-9/10+ n=198/0/0/0/0/0 avg=183/0/0/0/0/0us | credit n=4 min=120 max=128 avgx10=1247 backoff=0 avg=0us | gap rx0 n=125 avg=817us | rx1 n=0 avg=0us | rx2+ n=73 avg=25637us | supply core n=79 avg=582us | ring n=2 avg=162us | none n=117 avg=16473us | scans=72 deferred=0 tx_ready=3 | steps=7259 per_tx_write=36.6 owner_calls=2686
[ 80.311454 0:4294967307 aic8800::device::probe:465] [wifi-probe-rx] reads=1067 data_reads=497 avg=1859us min=362us max=4141us bytes=8239104 items=5064 data_frames=5064 data_confirmations=0 control_confirmations=0 control_indications=0 prints=0 | size <=512 n=0 avg=0us | <=2k n=59 avg=586us | <=8k n=89 avg=1020us | >8k n=349 avg=2288us | control n=570 avg=342us min=0us max=1847us | credit n=4 avg=69us | other n=0 avg=0us | rdif_at_write 0/1/2-3/4+=195/3/0/0 | queue_at_arrival=118/67/112/232
[  5]  24.00-25.00  sec  3.38 MBytes  28.3 Mbits/sec                  
[  5]  25.00-26.00  sec  3.12 MBytes  26.2 Mbits/sec                  
[ 82.311289 0:4294967307 ax_net::queue_runtime::executor::probe:194] [netprobe] dt=2000ms iters=3555 polls=2605 poll_us=26 waits=1908 wait_us=809 yields=0 | wait_kind notify=1908@809us deadline=0@0us hist=955/0/55/113/785 | wake n=2576 avg=429us hist=0/737/267/606/966 | owner_calls=2576 skipped=29 owner_us=140 max=2083us slow=473 | tx_submit=494 tx_done=488 rx_done=4641 | ready 0/1/2-3/4+=2548/28/0/0 | irq=2014 | park xfer=1916us handoff=213us n=546
[ 82.311411 0:4294967307 aic8800::device::probe:394] [wifi-probe] tx_writes=186 dt=2000ms period_avg=11008us max=102291us hist=62/6/5/30/83 | write n=186 avg=208us min=114us max=2118us bytes=95232 calls=1.79 | size blk 1/2/3/4-6/7-9/10+ n=186/0/0/0/0/0 avg=208/0/0/0/0/0us | credit n=4 min=118 max=131 avgx10=1250 backoff=0 avg=0us | gap rx0 n=120 avg=749us | rx1 n=0 avg=0us | rx2+ n=67 avg=28639us | supply core n=72 avg=210us | ring n=4 avg=1934us | none n=111 avg=17891us | scans=67 deferred=0 tx_ready=1 | steps=6756 per_tx_write=36.3 owner_calls=2576
[ 82.311471 0:4294967307 aic8800::device::probe:465] [wifi-probe-rx] reads=1069 data_reads=501 avg=1707us min=361us max=4694us bytes=7563776 items=4641 data_frames=4641 data_confirmations=0 control_confirmations=0 control_indications=0 prints=0 | size <=512 n=0 avg=0us | <=2k n=61 avg=507us | <=8k n=102 avg=962us | >8k n=338 avg=2149us | control n=568 avg=365us min=0us max=2165us | credit n=4 avg=281us | other n=0 avg=0us | rdif_at_write 0/1/2-3/4+=178/8/0/0 | queue_at_arrival=115/62/108/209
[  5]  26.00-27.00  sec  3.12 MBytes  26.2 Mbits/sec                  
[  5]  27.00-28.00  sec  2.62 MBytes  22.0 Mbits/sec                  
[ 84.311309 0:4294967307 ax_net::queue_runtime::executor::probe:194] [netprobe] dt=2000ms iters=3318 polls=2422 poll_us=23 waits=1795 wait_us=873 yields=0 | wait_kind notify=1795@873us deadline=0@0us hist=896/2/53/111/733 | wake n=2402 avg=444us hist=0/693/231/565/913 | owner_calls=2402 skipped=20 owner_us=144 max=1925us slow=415 | tx_submit=463 tx_done=465 rx_done=4423 | ready 0/1/2-3/4+=2373/28/1/0 | irq=1827 | park xfer=2260us handoff=200us n=492
[ 84.311458 0:4294967307 aic8800::device::probe:394] [wifi-probe] tx_writes=180 dt=2000ms period_avg=10812us max=122039us hist=64/5/5/21/85 | write n=180 avg=207us min=113us max=2124us bytes=92160 calls=1.81 | size blk 1/2/3/4-6/7-9/10+ n=180/0/0/0/0/0 avg=207/0/0/0/0/0us | credit n=4 min=125 max=131 avgx10=1277 backoff=0 avg=0us | gap rx0 n=118 avg=533us | rx1 n=0 avg=0us | rx2+ n=61 avg=30258us | supply core n=68 avg=160us | ring n=4 avg=93us | none n=107 avg=17732us | scans=62 deferred=0 tx_ready=1 | steps=6411 per_tx_write=35.6 owner_calls=2402
[ 84.311519 0:4294967307 aic8800::device::probe:465] [wifi-probe-rx] reads=955 data_reads=447 avg=1808us min=315us max=4461us bytes=7219200 items=4434 data_frames=4434 data_confirmations=0 control_confirmations=0 control_indications=0 prints=0 | size <=512 n=0 avg=0us | <=2k n=59 avg=484us | <=8k n=88 avg=996us | >8k n=300 avg=2307us | control n=508 avg=351us min=0us max=2028us | credit n=4 avg=63us | other n=0 avg=0us | rdif_at_write 0/1/2-3/4+=175/5/0/0 | queue_at_arrival=112/59/88/204
[  5]  28.00-29.00  sec  3.62 MBytes  30.4 Mbits/sec                  
[  5]  29.00-30.00  sec  2.75 MBytes  23.1 Mbits/sec                  
[  5]  30.00-30.03  sec   256 KBytes  74.0 Mbits/sec                  
- - - - - - - - - - - - - - - - - - - - - - - - -
[ ID] Interval           Transfer     Bitrate
[  5]   0.00-30.03  sec  90.5 MBytes  25.3 Mbits/sec                  receiver
[ 85.623227 0:12884901915 starry_kernel::task::ops:539] Task(12884901915, "iperf3") exit with code: 0
-----------------------------------------------------------
Server listening on 5201 (test #2)
-----------------------------------------------------------
[ 86.782838 0:4294967307 ax_net::queue_runtime::executor::probe:194] [netprobe] dt=2471ms iters=2134 polls=1563 poll_us=22 waits=1148 wait_us=1920 yields=0 | wait_kind notify=1148@1920us deadline=0@0us hist=576/2/29/58/483 | wake n=1556 avg=447us hist=0/451/174/344/587 | owner_calls=1556 skipped=7 owner_us=139 max=1284us slow=271 | tx_submit=307 tx_done=311 rx_done=2879 | ready 0/1/2-3/4+=1542/14/0/0 | irq=1193 | park xfer=5938us handoff=234us n=319
[ 86.782958 0:4294967307 aic8800::device::probe:394] [wifi-probe] tx_writes=117 dt=2471ms period_avg=11726us max=151184us hist=43/3/4/16/51 | write n=117 avg=185us min=113us max=1236us bytes=59904 calls=1.82 | size blk 1/2/3/4-6/7-9/10+ n=117/0/0/0/0/0 avg=185/0/0/0/0/0us | credit n=2 min=130 max=132 avgx10=1310 backoff=0 avg=0us | gap rx0 n=76 avg=528us | rx1 n=0 avg=0us | rx2+ n=41 avg=31956us | supply core n=47 avg=162us | ring n=1 avg=134us | none n=69 avg=19458us | scans=42 deferred=0 tx_ready=1 | steps=4145 per_tx_write=35.4 owner_calls=1556
[ 86.783019 0:4294967307 aic8800::device::probe:465] [wifi-probe-rx] reads=625 data_reads=291 avg=1797us min=96us max=3601us bytes=4659712 items=2869 data_frames=2869 data_confirmations=0 control_confirmations=0 control_indications=0 prints=0 | size <=512 n=6 avg=137us | <=2k n=35 avg=559us | <=8k n=52 avg=1039us | >8k n=198 avg=2265us | control n=334 avg=333us min=0us max=1391us | credit n=2 avg=73us | other n=0 avg=0us | rdif_at_write 0/1/2-3/4+=114/3/0/0 | queue_at_arrival=69/33/55/150
[ 96.816870 0:4294967307 ax_net::queue_runtime::executor::probe:194] [netprobe] dt=10034ms iters=5 polls=4 poll_us=4 waits=3 wait_us=3344522 yields=0 | wait_kind notify=3@3344522us deadline=0@0us hist=2/0/0/0/1 | wake n=4 avg=139us hist=0/2/1/0/1 | owner_calls=4 skipped=0 owner_us=76 max=208us slow=1 | tx_submit=0 tx_done=0 rx_done=0 | ready 0/1/2-3/4+=4/0/0/0 | irq=5 | park xfer=5016735us handoff=48us n=2
Accepted connection from 192.168.137.1, port 53524
[ 96.816988 0:4294967307 aic8800::device::probe:394] [wifi-probe] tx_writes=0 dt=10034ms period_avg=0us max=0us hist=0/0/0/0/0 | write n=0 avg=0us min=18446744073709551us max=0us bytes=0 calls=0.0 | size blk 1/2/3/4-6/7-9/10+ n=0/0/0/0/0/0 avg=0/0/0/0/0/0us | credit n=0 min=0 max=0 avgx10=0 backoff=0 avg=0us | gap rx0 n=0 avg=0us | rx1 n=0 avg=0us | rx2+ n=0 avg=0us | supply core n=0 avg=0us | ring n=0 avg=0us | none n=0 avg=0us | scans=1 deferred=0 tx_ready=0 | steps=4 per_tx_write=4.0 owner_calls=4
[  5] local 192.168.137.107 port 5201 connected to 192.168.137.1 port 53525
[ 96.817049 0:4294967307 aic8800::device::probe:465] [wifi-probe-rx] reads=3 data_reads=1 avg=254us min=254us max=254us bytes=512 items=1 data_frames=1 data_confirmations=0 control_confirmations=0 control_indications=0 prints=0 | size <=512 n=1 avg=254us | <=2k n=0 avg=0us | <=8k n=0 avg=0us | >8k n=0 avg=0us | control n=2 avg=38us min=0us max=77us | credit n=0 avg=0us | other n=0 avg=0us | rdif_at_write 0/1/2-3/4+=0/0/0/0 | queue_at_arrival=0/0/0/0
[ 96.857918 0:17179869211 starry_kernel::task::user:83] Enter user space: ip=0x601524d0, sp=0x428af0
[ ID] Interval           Transfer     Bitrate
[  5]   0.00-1.00   sec  3.25 MBytes  27.2 Mbits/sec                  
[ 98.818643 0:4294967307 ax_net::queue_runtime::executor::probe:194] [netprobe] dt=2001ms iters=3728 polls=2721 poll_us=23 waits=2028 wait_us=749 yields=0 | wait_kind notify=2028@749us deadline=0@0us hist=1016/3/48/123/838 | wake n=2702 avg=473us hist=0/770/251/622/1059 | owner_calls=2702 skipped=19 owner_us=144 max=2647us slow=478 | tx_submit=554 tx_done=554 rx_done=5358 | ready 0/1/2-3/4+=2680/21/1/0 | irq=2012 | park xfer=1789us handoff=203us n=536
[  5]   1.00-2.00   sec  4.25 MBytes  35.7 Mbits/sec                  
[ 98.818766 0:4294967307 aic8800::device::probe:394] [wifi-probe] tx_writes=191 dt=2001ms period_avg=68972us max=11191111us hist=85/2/7/11/86 | write n=191 avg=165us min=114us max=1438us bytes=97792 calls=1.85 | size blk 1/2/3/4-6/7-9/10+ n=191/0/0/0/0/0 avg=165/0/0/0/0/0us | credit n=4 min=124 max=132 avgx10=1290 backoff=0 avg=0us | gap rx0 n=130 avg=640us | rx1 n=0 avg=0us | rx2+ n=61 avg=214078us | supply core n=91 avg=447us | ring n=0 avg=0us | none n=100 avg=131013us | scans=66 deferred=0 tx_ready=3 | steps=7540 per_tx_write=39.4 owner_calls=2702
[ 98.818828 0:4294967307 aic8800::device::probe:465] [wifi-probe-rx] reads=1062 data_reads=498 avg=1919us min=103us max=5557us bytes=8696832 items=5360 data_frames=5360 data_confirmations=0 control_confirmations=0 control_indications=0 prints=0 | size <=512 n=10 avg=165us | <=2k n=49 avg=593us | <=8k n=76 avg=1009us | >8k n=363 avg=2337us | control n=564 avg=346us min=0us max=2147us | credit n=4 avg=69us | other n=0 avg=0us | rdif_at_write 0/1/2-3/4+=190/1/0/0 | queue_at_arrival=100/54/87/313
[  5]   2.00-3.00   sec  4.12 MBytes  34.6 Mbits/sec                  
[100.819030 0:4294967307 ax_net::queue_runtime::executor::probe:194] [netprobe] dt=2000ms iters=3740 polls=2736 poll_us=23 waits=2011 wait_us=749 yields=0 | wait_kind notify=2011@749us deadline=0@0us hist=1007/1/41/116/846 | wake n=2714 avg=464us hist=0/780/233/644/1057 | owner_calls=2714 skipped=22 owner_us=146 max=1691us slow=502 | tx_submit=596 tx_done=593 rx_done=5295 | ready 0/1/2-3/4+=2690/23/1/0 | irq=2040 | park xfer=1774us handoff=199us n=541
[  5]   3.00-4.00   sec  3.12 MBytes  26.2 Mbits/sec                  
[100.819277 0:4294967307 aic8800::device::probe:394] [wifi-probe] tx_writes=201 dt=2000ms period_avg=9968us max=84196us hist=91/4/4/13/89 | write n=201 avg=179us min=113us max=1724us bytes=102912 calls=1.83 | size blk 1/2/3/4-6/7-9/10+ n=201/0/0/0/0/0 avg=179/0/0/0/0/0us | credit n=5 min=115 max=131 avgx10=1264 backoff=0 avg=0us | gap rx0 n=140 avg=645us | rx1 n=0 avg=0us | rx2+ n=61 avg=30774us | supply core n=98 avg=806us | ring n=2 avg=126us | none n=101 avg=18696us | scans=63 deferred=0 tx_ready=4 | steps=7492 per_tx_write=37.2 owner_calls=2714
[100.819339 0:4294967307 aic8800::device::probe:465] [wifi-probe-rx] reads=1068 data_reads=503 avg=1877us min=363us max=3906us bytes=8638464 items=5307 data_frames=5307 data_confirmations=0 control_confirmations=0 control_indications=0 prints=0 | size <=512 n=0 avg=0us | <=2k n=48 avg=534us | <=8k n=95 avg=968us | >8k n=360 avg=2296us | control n=565 avg=359us min=0us max=2004us | credit n=5 avg=58us | other n=0 avg=0us | rdif_at_write 0/1/2-3/4+=196/4/0/1 | queue_at_arrival=104/57/101/334
[  5]   4.00-5.00   sec  3.50 MBytes  29.4 Mbits/sec                  
[  5]   5.00-6.00   sec  3.12 MBytes  26.2 Mbits/sec                  
[102.863850 0:4294967307 ax_net::queue_runtime::executor::probe:194] [netprobe] dt=2044ms iters=3655 polls=2677 poll_us=26 waits=1964 wait_us=802 yields=0 | wait_kind notify=1964@802us deadline=0@0us hist=982/0/47/122/813 | wake n=2649 avg=442us hist=0/782/271/605/991 | owner_calls=2649 skipped=28 owner_us=138 max=2394us slow=480 | tx_submit=518 tx_done=521 rx_done=4807 | ready 0/1/2-3/4+=2626/21/2/0 | irq=2042 | park xfer=1890us handoff=207us n=549
[102.863973 0:4294967307 aic8800::device::probe:394] [wifi-probe] tx_writes=199 dt=2044ms period_avg=10015us max=100261us hist=70/5/5/24/95 | write n=199 avg=199us min=115us max=2025us bytes=101888 calls=1.83 | size blk 1/2/3/4-6/7-9/10+ n=199/0/0/0/0/0 avg=199/0/0/0/0/0us | credit n=4 min=122 max=127 avgx10=1250 backoff=0 avg=0us | gap rx0 n=128 avg=1021us | rx1 n=0 avg=0us | rx2+ n=71 avg=25671us | supply core n=80 avg=343us | ring n=1 avg=30534us | none n=118 avg=16062us | scans=70 deferred=0 tx_ready=2 | steps=6967 per_tx_write=35.0 owner_calls=2649
[102.864037 0:4294967307 aic8800::device::probe:465] [wifi-probe-rx] reads=1071 data_reads=500 avg=1763us min=364us max=5294us bytes=7818752 items=4795 data_frames=4795 data_confirmations=0 control_confirmations=0 control_indications=0 prints=0 | size <=512 n=0 avg=0us | <=2k n=57 avg=545us | <=8k n=98 avg=963us | >8k n=345 avg=2192us | control n=571 avg=368us min=0us max=1906us | credit n=4 avg=58us | other n=0 avg=0us | rdif_at_write 0/1/2-3/4+=194/5/0/0 | queue_at_arrival=118/64/104/232
[  5]   6.00-7.00   sec  3.62 MBytes  30.4 Mbits/sec                  
[  5]   7.00-8.00   sec  2.88 MBytes  24.2 Mbits/sec                  
[104.864799 0:4294967307 ax_net::queue_runtime::executor::probe:194] [netprobe] dt=2000ms iters=3390 polls=2481 poll_us=24 waits=1819 wait_us=856 yields=0 | wait_kind notify=1819@856us deadline=0@0us hist=908/0/52/100/759 | wake n=2461 avg=436us hist=0/731/233/593/904 | owner_calls=2461 skipped=20 owner_us=145 max=2657us slow=448 | tx_submit=517 tx_done=517 rx_done=4646 | ready 0/1/2-3/4+=2436/23/2/0 | irq=1905 | park xfer=2071us handoff=210us n=518
[104.864922 0:4294967307 aic8800::device::probe:394] [wifi-probe] tx_writes=183 dt=2000ms period_avg=11142us max=100703us hist=77/5/5/16/80 | write n=183 avg=189us min=114us max=2192us bytes=93696 calls=1.87 | size blk 1/2/3/4-6/7-9/10+ n=183/0/0/0/0/0 avg=189/0/0/0/0/0us | credit n=5 min=92 max=132 avgx10=1210 backoff=0 avg=0us | gap rx0 n=122 avg=604us | rx1 n=0 avg=0us | rx2+ n=61 avg=31650us | supply core n=82 avg=629us | ring n=2 avg=82us | none n=99 avg=19724us | scans=61 deferred=0 tx_ready=2 | steps=6659 per_tx_write=36.3 owner_calls=2461
[104.864986 0:4294967307 aic8800::device::probe:465] [wifi-probe-rx] reads=1003 data_reads=471 avg=1805us min=362us max=3527us bytes=7576576 items=4646 data_frames=4646 data_confirmations=0 control_confirmations=0 control_indications=0 prints=0 | size <=512 n=0 avg=0us | <=2k n=53 avg=493us | <=8k n=88 avg=1035us | >8k n=330 avg=2221us | control n=532 avg=376us min=0us max=2762us | credit n=5 avg=56us | other n=0 avg=0us | rdif_at_write 0/1/2-3/4+=178/3/0/2 | queue_at_arrival=101/57/102/257
[  5]   8.00-9.01   sec  2.88 MBytes  24.0 Mbits/sec                  
[  5]   9.01-10.00  sec  3.00 MBytes  25.3 Mbits/sec                  
[106.865080 0:4294967307 ax_net::queue_runtime::executor::probe:194] [netprobe] dt=2000ms iters=3122 polls=2294 poll_us=22 waits=1659 wait_us=956 yields=0 | wait_kind notify=1659@956us deadline=0@0us hist=828/2/45/98/686 | wake n=2282 avg=438us hist=0/660/229/549/844 | owner_calls=2282 skipped=12 owner_us=146 max=2327us slow=433 | tx_submit=452 tx_done=449 rx_done=4247 | ready 0/1/2-3/4+=2252/26/4/0 | irq=1781 | park xfer=2404us handoff=211us n=476
[106.865199 0:4294967307 aic8800::device::probe:394] [wifi-probe] tx_writes=170 dt=2000ms period_avg=11792us max=98773us hist=70/3/2/12/83 | write n=170 avg=211us min=113us max=2170us bytes=87040 calls=1.85 | size blk 1/2/3/4-6/7-9/10+ n=170/0/0/0/0/0 avg=211/0/0/0/0/0us | credit n=3 min=120 max=132 avgx10=1263 backoff=0 avg=0us | gap rx0 n=112 avg=693us | rx1 n=0 avg=0us | rx2+ n=58 avg=32604us | supply core n=73 avg=51us | ring n=5 avg=2711us | none n=92 avg=21211us | scans=59 deferred=0 tx_ready=0 | steps=6115 per_tx_write=35.9 owner_calls=2282
[106.865258 0:4294967307 aic8800::device::probe:465] [wifi-probe-rx] reads=939 data_reads=440 avg=1791us min=363us max=4984us bytes=6926848 items=4247 data_frames=4247 data_confirmations=0 control_confirmations=0 control_indications=0 prints=0 | size <=512 n=0 avg=0us | <=2k n=49 avg=473us | <=8k n=89 avg=1046us | >8k n=302 avg=2225us | control n=499 avg=361us min=0us max=1838us | credit n=3 avg=86us | other n=0 avg=0us | rdif_at_write 0/1/2-3/4+=163/7/0/0 | queue_at_arrival=98/53/95/206
[  5]  10.00-11.00  sec  3.50 MBytes  29.4 Mbits/sec                  
[  5]  11.00-12.00  sec  3.12 MBytes  26.1 Mbits/sec                  
[108.865993 0:4294967307 ax_net::queue_runtime::executor::probe:194] [netprobe] dt=2000ms iters=3464 polls=2539 poll_us=23 waits=1850 wait_us=831 yields=0 | wait_kind notify=1850@831us deadline=0@0us hist=926/2/60/109/753 | wake n=2520 avg=442us hist=0/719/254/596/951 | owner_calls=2520 skipped=19 owner_us=146 max=2043us slow=459 | tx_submit=504 tx_done=504 rx_done=4751 | ready 0/1/2-3/4+=2486/33/1/0 | irq=1944 | park xfer=2016us handoff=203us n=525
[108.866116 0:4294967307 aic8800::device::probe:394] [wifi-probe] tx_writes=185 dt=2000ms period_avg=10609us max=84365us hist=71/7/6/13/88 | write n=185 avg=201us min=114us max=1731us bytes=94720 calls=1.85 | size blk 1/2/3/4-6/7-9/10+ n=185/0/0/0/0/0 avg=201/0/0/0/0/0us | credit n=4 min=123 max=128 avgx10=1262 backoff=0 avg=0us | gap rx0 n=123 avg=661us | rx1 n=0 avg=0us | rx2+ n=62 avg=29741us | supply core n=87 avg=780us | ring n=0 avg=0us | none n=98 avg=18953us | scans=62 deferred=0 tx_ready=5 | steps=6811 per_tx_write=36.8 owner_calls=2520
[108.866180 0:4294967307 aic8800::device::probe:465] [wifi-probe-rx] reads=1026 data_reads=482 avg=1797us min=363us max=4949us bytes=7748096 items=4751 data_frames=4751 data_confirmations=0 control_confirmations=0 control_indications=0 prints=0 | size <=512 n=0 avg=0us | <=2k n=54 avg=496us | <=8k n=92 avg=981us | >8k n=336 avg=2229us | control n=544 avg=370us min=0us max=2046us | credit n=4 avg=65us | other n=0 avg=0us | rdif_at_write 0/1/2-3/4+=177/8/0/0 | queue_at_arrival=98/56/98/251
[  5]  12.00-13.00  sec  4.25 MBytes  35.7 Mbits/sec                  
[  5]  13.00-14.00  sec  3.50 MBytes  29.4 Mbits/sec                  
[110.866381 0:4294967307 ax_net::queue_runtime::executor::probe:194] [netprobe] dt=2000ms iters=3714 polls=2724 poll_us=24 waits=1983 wait_us=743 yields=0 | wait_kind notify=1983@743us deadline=0@0us hist=992/2/37/104/848 | wake n=2700 avg=471us hist=0/764/235/613/1088 | owner_calls=2700 skipped=24 owner_us=157 max=2799us slow=513 | tx_submit=576 tx_done=577 rx_done=5563 | ready 0/1/2-3/4+=2659/38/3/0 | irq=2043 | park xfer=1749us handoff=208us n=543
[110.866506 0:4294967307 aic8800::device::probe:394] [wifi-probe] tx_writes=192 dt=2000ms period_avg=10699us max=89807us hist=93/3/3/12/81 | write n=192 avg=186us min=112us max=2153us bytes=98304 calls=1.84 | size blk 1/2/3/4-6/7-9/10+ n=192/0/0/0/0/0 avg=186/0/0/0/0/0us | credit n=5 min=115 max=128 avgx10=1234 backoff=0 avg=0us | gap rx0 n=133 avg=562us | rx1 n=0 avg=0us | rx2+ n=59 avg=32942us | supply core n=99 avg=664us | ring n=1 avg=110us | none n=92 avg=21223us | scans=59 deferred=0 tx_ready=3 | steps=7716 per_tx_write=40.1 owner_calls=2700
[110.866569 0:4294967307 aic8800::device::probe:465] [wifi-probe-rx] reads=1083 data_reads=512 avg=1953us min=363us max=4998us bytes=9050624 items=5563 data_frames=5563 data_confirmations=0 control_confirmations=0 control_indications=0 prints=0 | size <=512 n=0 avg=0us | <=2k n=47 avg=564us | <=8k n=84 avg=963us | >8k n=381 avg=2343us | control n=571 avg=365us min=0us max=2233us | credit n=5 avg=65us | other n=0 avg=0us | rdif_at_write 0/1/2-3/4+=189/3/0/0 | queue_at_arrival=93/54/101/328
[  5]  14.00-15.00  sec  3.62 MBytes  30.4 Mbits/sec                  
[  5]  15.00-16.00  sec  3.62 MBytes  30.4 Mbits/sec                  
[112.871778 0:4294967307 ax_net::queue_runtime::executor::probe:194] [netprobe] dt=2005ms iters=3636 polls=2657 poll_us=24 waits=1963 wait_us=778 yields=0 | wait_kind notify=1963@778us deadline=0@0us hist=982/1/49/117/814 | wake n=2640 avg=466us hist=0/757/237/617/1029 | owner_calls=2640 skipped=17 owner_us=145 max=2966us slow=468 | tx_submit=536 tx_done=538 rx_done=5140 | ready 0/1/2-3/4+=2615/25/0/0 | irq=1990 | park xfer=1848us handoff=211us n=536
[112.871900 0:4294967307 aic8800::device::probe:394] [wifi-probe] tx_writes=194 dt=2005ms period_avg=10152us max=74293us hist=83/1/6/24/80 | write n=194 avg=160us min=113us max=583us bytes=99328 calls=1.82 | size blk 1/2/3/4-6/7-9/10+ n=194/0/0/0/0/0 avg=160/0/0/0/0/0us | credit n=5 min=119 max=127 avgx10=1244 backoff=0 avg=0us | gap rx0 n=132 avg=676us | rx1 n=0 avg=0us | rx2+ n=62 avg=29824us | supply core n=88 avg=206us | ring n=0 avg=0us | none n=106 avg=18116us | scans=61 deferred=0 tx_ready=1 | steps=7277 per_tx_write=37.5 owner_calls=2640
[112.871963 0:4294967307 aic8800::device::probe:465] [wifi-probe-rx] reads=1045 data_reads=492 avg=1869us min=363us max=3746us bytes=8369664 items=5140 data_frames=5140 data_confirmations=0 control_confirmations=0 control_indications=0 prints=0 | size <=512 n=0 avg=0us | <=2k n=54 avg=543us | <=8k n=91 avg=991us | >8k n=347 avg=2305us | control n=553 avg=362us min=0us max=1900us | credit n=5 avg=56us | other n=0 avg=0us | rdif_at_write 0/1/2-3/4+=193/1/0/0 | queue_at_arrival=105/60/97/275
[  5]  16.00-17.00  sec  3.25 MBytes  27.2 Mbits/sec                  
[  5]  17.00-18.00  sec  3.38 MBytes  28.4 Mbits/sec                  
[114.872103 0:4294967307 ax_net::queue_runtime::executor::probe:194] [netprobe] dt=2000ms iters=3466 polls=2532 poll_us=24 waits=1870 wait_us=825 yields=0 | wait_kind notify=1870@825us deadline=0@0us hist=936/1/44/97/792 | wake n=2517 avg=441us hist=0/711/270/572/964 | owner_calls=2517 skipped=15 owner_us=144 max=1624us slow=472 | tx_submit=501 tx_done=498 rx_done=4829 | ready 0/1/2-3/4+=2488/29/0/0 | irq=1940 | park xfer=1994us handoff=218us n=529
[114.872218 0:4294967307 aic8800::device::probe:394] [wifi-probe] tx_writes=179 dt=2000ms period_avg=11292us max=101313us hist=76/2/8/13/80 | write n=179 avg=164us min=111us max=1120us bytes=91648 calls=1.87 | size blk 1/2/3/4-6/7-9/10+ n=179/0/0/0/0/0 avg=164/0/0/0/0/0us | credit n=4 min=126 max=132 avgx10=1282 backoff=0 avg=0us | gap rx0 n=119 avg=731us | rx1 n=0 avg=0us | rx2+ n=60 avg=31745us | supply core n=80 avg=521us | ring n=0 avg=0us | none n=99 avg=19698us | scans=62 deferred=0 tx_ready=2 | steps=6882 per_tx_write=38.4 owner_calls=2517
[114.872280 0:4294967307 aic8800::device::probe:465] [wifi-probe-rx] reads=1031 data_reads=485 avg=1834us min=362us max=3832us bytes=7864320 items=4829 data_frames=4829 data_confirmations=0 control_confirmations=0 control_indications=0 prints=0 | size <=512 n=0 avg=0us | <=2k n=57 avg=637us | <=8k n=81 avg=989us | >8k n=347 avg=2228us | control n=546 avg=365us min=0us max=1987us | credit n=4 avg=81us | other n=0 avg=0us | rdif_at_write 0/1/2-3/4+=178/1/0/0 | queue_at_arrival=100/53/87/261
[  5]  18.00-19.00  sec  4.00 MBytes  33.5 Mbits/sec                  
[  5]  19.00-20.00  sec  3.12 MBytes  26.3 Mbits/sec                  
[116.872886 0:4294967307 ax_net::queue_runtime::executor::probe:194] [netprobe] dt=2000ms iters=3583 polls=2615 poll_us=22 waits=1940 wait_us=783 yields=0 | wait_kind notify=1940@783us deadline=0@0us hist=967/2/41/109/821 | wake n=2602 avg=457us hist=0/744/240/595/1023 | owner_calls=2602 skipped=13 owner_us=149 max=2240us slow=483 | tx_submit=540 tx_done=537 rx_done=5140 | ready 0/1/2-3/4+=2567/33/2/0 | irq=1966 | park xfer=1900us handoff=214us n=534
[116.873014 0:4294967307 aic8800::device::probe:394] [wifi-probe] tx_writes=187 dt=2000ms period_avg=10549us max=149440us hist=75/6/6/18/82 | write n=187 avg=204us min=112us max=2274us bytes=95744 calls=1.85 | size blk 1/2/3/4-6/7-9/10+ n=187/0/0/0/0/0 avg=204/0/0/0/0/0us | credit n=4 min=118 max=132 avgx10=1272 backoff=0 avg=0us | gap rx0 n=125 avg=603us | rx1 n=0 avg=0us | rx2+ n=62 avg=29983us | supply core n=86 avg=447us | ring n=2 avg=92us | none n=99 avg=19149us | scans=62 deferred=0 tx_ready=4 | steps=7234 per_tx_write=38.6 owner_calls=2602
[116.873077 0:4294967307 aic8800::device::probe:465] [wifi-probe-rx] reads=1039 data_reads=488 avg=1915us min=362us max=4901us bytes=8362496 items=5140 data_frames=5140 data_confirmations=0 control_confirmations=0 control_indications=0 prints=0 | size <=512 n=0 avg=0us | <=2k n=41 avg=484us | <=8k n=88 avg=1003us | >8k n=359 avg=2302us | control n=551 avg=353us min=0us max=2039us | credit n=4 avg=72us | other n=0 avg=0us | rdif_at_write 0/1/2-3/4+=182/4/1/0 | queue_at_arrival=101/59/104/275
[  5]  20.00-21.00  sec  2.88 MBytes  24.1 Mbits/sec                  
[  5]  21.00-22.00  sec  3.38 MBytes  28.3 Mbits/sec                  
[118.882427 0:4294967307 ax_net::queue_runtime::executor::probe:194] [netprobe] dt=2009ms iters=3267 polls=2396 poll_us=25 waits=1746 wait_us=902 yields=0 | wait_kind notify=1746@902us deadline=0@0us hist=872/1/50/102/721 | wake n=2376 avg=456us hist=0/699/226/553/898 | owner_calls=2376 skipped=20 owner_us=145 max=2683us slow=421 | tx_submit=467 tx_done=473 rx_done=4497 | ready 0/1/2-3/4+=2350/22/4/0 | irq=1809 | park xfer=2236us handoff=207us n=486
[118.882569 0:4294967307 aic8800::device::probe:394] [wifi-probe] tx_writes=177 dt=2009ms period_avg=11572us max=91829us hist=69/3/9/14/82 | write n=177 avg=185us min=112us max=2056us bytes=90624 calls=1.86 | size blk 1/2/3/4-6/7-9/10+ n=177/0/0/0/0/0 avg=185/0/0/0/0/0us | credit n=4 min=119 max=131 avgx10=1270 backoff=0 avg=0us | gap rx0 n=116 avg=574us | rx1 n=0 avg=0us | rx2+ n=61 avg=31946us | supply core n=74 avg=64us | ring n=2 avg=16319us | none n=101 avg=19583us | scans=60 deferred=0 tx_ready=0 | steps=6439 per_tx_write=36.3 owner_calls=2377
[118.882630 0:4294967307 aic8800::device::probe:465] [wifi-probe-rx] reads=950 data_reads=445 avg=1836us min=362us max=5321us bytes=7329792 items=4497 data_frames=4497 data_confirmations=0 control_confirmations=0 control_indications=0 prints=0 | size <=512 n=0 avg=0us | <=2k n=56 avg=572us | <=8k n=69 avg=1000us | >8k n=320 avg=2238us | control n=505 avg=354us min=0us max=1983us | credit n=4 avg=64us | other n=0 avg=0us | rdif_at_write 0/1/2-3/4+=174/2/1/0 | queue_at_arrival=102/52/81/233
[  5]  22.00-23.00  sec  3.50 MBytes  29.4 Mbits/sec                  
[  5]  23.00-24.00  sec  2.88 MBytes  24.1 Mbits/sec                  
[120.882836 0:4294967307 ax_net::queue_runtime::executor::probe:194] [netprobe] dt=2000ms iters=3414 polls=2487 poll_us=24 waits=1860 wait_us=843 yields=0 | wait_kind notify=1860@843us deadline=0@0us hist=927/3/52/134/744 | wake n=2474 avg=452us hist=0/711/249/573/941 | owner_calls=2474 skipped=13 owner_us=137 max=2006us slow=436 | tx_submit=482 tx_done=482 rx_done=4658 | ready 0/1/2-3/4+=2462/12/0/0 | irq=1864 | park xfer=2137us handoff=208us n=506
[120.883002 0:4294967307 aic8800::device::probe:394] [wifi-probe] tx_writes=182 dt=2000ms period_avg=11042us max=81520us hist=70/4/7/18/83 | write n=182 avg=199us min=112us max=2041us bytes=93184 calls=1.89 | size blk 1/2/3/4-6/7-9/10+ n=182/0/0/0/0/0 avg=199/0/0/0/0/0us | credit n=4 min=119 max=131 avgx10=1225 backoff=0 avg=0us | gap rx0 n=120 avg=730us | rx1 n=0 avg=0us | rx2+ n=62 avg=30416us | supply core n=74 avg=134us | ring n=3 avg=4340us | none n=105 avg=18575us | scans=62 deferred=0 tx_ready=1 | steps=6682 per_tx_write=36.7 owner_calls=2473
[120.883065 0:4294967307 aic8800::device::probe:465] [wifi-probe-rx] reads=976 data_reads=457 avg=1836us min=106us max=3838us bytes=7589376 items=4658 data_frames=4658 data_confirmations=0 control_confirmations=0 control_indications=0 prints=0 | size <=512 n=1 avg=106us | <=2k n=51 avg=507us | <=8k n=80 avg=995us | >8k n=325 avg=2257us | control n=519 avg=357us min=0us max=2135us | credit n=4 avg=54us | other n=0 avg=0us | rdif_at_write 0/1/2-3/4+=179/3/0/0 | queue_at_arrival=108/57/89/228
[  5]  24.00-25.00  sec  3.88 MBytes  32.5 Mbits/sec                  
[  5]  25.00-26.00  sec  3.50 MBytes  29.3 Mbits/sec                  
[122.893244 0:4294967307 ax_net::queue_runtime::executor::probe:194] [netprobe] dt=2010ms iters=3593 polls=2626 poll_us=24 waits=1937 wait_us=786 yields=0 | wait_kind notify=1937@786us deadline=0@0us hist=971/1/48/106/811 | wake n=2609 avg=464us hist=0/749/223/605/1032 | owner_calls=2609 skipped=17 owner_us=150 max=2190us slow=502 | tx_submit=533 tx_done=533 rx_done=5224 | ready 0/1/2-3/4+=2570/38/1/0 | irq=1964 | park xfer=1883us handoff=203us n=533
[122.893369 0:4294967307 aic8800::device::probe:394] [wifi-probe] tx_writes=187 dt=2010ms period_avg=10602us max=69163us hist=85/3/4/13/82 | write n=187 avg=205us min=113us max=1901us bytes=95744 calls=1.86 | size blk 1/2/3/4-6/7-9/10+ n=187/0/0/0/0/0 avg=205/0/0/0/0/0us | credit n=4 min=125 max=129 avgx10=1262 backoff=0 avg=0us | gap rx0 n=128 avg=575us | rx1 n=0 avg=0us | rx2+ n=59 avg=31708us | supply core n=95 avg=572us | ring n=1 avg=119us | none n=91 avg=20768us | scans=60 deferred=0 tx_ready=4 | steps=7330 per_tx_write=39.1 owner_calls=2609
[122.893432 0:4294967307 aic8800::device::probe:465] [wifi-probe-rx] reads=1038 data_reads=489 avg=1917us min=361us max=4446us bytes=8504832 items=5224 data_frames=5224 data_confirmations=0 control_confirmations=0 control_indications=0 prints=0 | size <=512 n=0 avg=0us | <=2k n=51 avg=518us | <=8k n=82 avg=1040us | >8k n=356 avg=2320us | control n=549 avg=370us min=0us max=2007us | credit n=4 avg=53us | other n=0 avg=0us | rdif_at_write 0/1/2-3/4+=179/8/0/0 | queue_at_arrival=92/54/98/289
[  5]  26.00-27.00  sec  3.00 MBytes  25.1 Mbits/sec                  
[  5]  27.00-28.00  sec  3.88 MBytes  32.5 Mbits/sec                  
[124.893401 0:4294967307 ax_net::queue_runtime::executor::probe:194] [netprobe] dt=2000ms iters=3548 polls=2599 poll_us=24 waits=1900 wait_us=806 yields=0 | wait_kind notify=1900@806us deadline=0@0us hist=950/0/44/113/793 | wake n=2583 avg=442us hist=0/757/232/596/998 | owner_calls=2583 skipped=16 owner_us=144 max=1838us slow=479 | tx_submit=528 tx_done=517 rx_done=5094 | ready 0/1/2-3/4+=2556/26/1/0 | irq=1970 | park xfer=1982us handoff=210us n=526
[124.893524 0:4294967307 aic8800::device::probe:394] [wifi-probe] tx_writes=185 dt=2000ms period_avg=10809us max=104596us hist=80/4/4/19/78 | write n=185 avg=184us min=114us max=1658us bytes=94720 calls=1.89 | size blk 1/2/3/4-6/7-9/10+ n=185/0/0/0/0/0 avg=184/0/0/0/0/0us | credit n=4 min=118 max=129 avgx10=1250 backoff=0 avg=0us | gap rx0 n=126 avg=443us | rx1 n=0 avg=0us | rx2+ n=59 avg=32368us | supply core n=87 avg=507us | ring n=4 avg=1281us | none n=94 avg=20386us | scans=60 deferred=0 tx_ready=3 | steps=7181 per_tx_write=38.8 owner_calls=2583
[124.893583 0:4294967307 aic8800::device::probe:465] [wifi-probe-rx] reads=1044 data_reads=492 avg=1866us min=363us max=4031us bytes=8295424 items=5094 data_frames=5094 data_confirmations=0 control_confirmations=0 control_indications=0 prints=0 | size <=512 n=0 avg=0us | <=2k n=52 avg=546us | <=8k n=86 avg=1024us | >8k n=354 avg=2264us | control n=552 avg=364us min=0us max=1853us | credit n=4 avg=54us | other n=0 avg=0us | rdif_at_write 0/1/2-3/4+=179/5/1/0 | queue_at_arrival=99/55/95/279
[  5]  28.00-29.00  sec  3.38 MBytes  28.3 Mbits/sec                  
[  5]  29.00-30.00  sec  3.38 MBytes  28.3 Mbits/sec                  
[126.893434 0:4294967307 ax_net::queue_runtime::executor::probe:194] [netprobe] dt=2000ms iters=3356 polls=2452 poll_us=27 waits=1811 wait_us=851 yields=0 | wait_kind notify=1811@851us deadline=0@0us hist=908/1/47/104/751 | wake n=2431 avg=496us hist=0/690/216/555/970 | owner_calls=2431 skipped=21 owner_us=149 max=2027us slow=442 | tx_submit=492 tx_done=498 rx_done=4722 | ready 0/1/2-3/4+=2399/32/0/0 | irq=1832 | park xfer=2057us handoff=199us n=489
[126.893547 0:4294967307 aic8800::device::probe:394] [wifi-probe] tx_writes=179 dt=2000ms period_avg=11154us max=83890us hist=71/7/6/8/87 | write n=179 avg=210us min=112us max=2072us bytes=91648 calls=1.86 | size blk 1/2/3/4-6/7-9/10+ n=179/0/0/0/0/0 avg=210/0/0/0/0/0us | credit n=4 min=119 max=129 avgx10=1255 backoff=0 avg=0us | gap rx0 n=119 avg=953us | rx1 n=0 avg=0us | rx2+ n=60 avg=30759us | supply core n=83 avg=407us | ring n=4 avg=275us | none n=92 avg=20913us | scans=60 deferred=0 tx_ready=3 | steps=6697 per_tx_write=37.4 owner_calls=2431
[  5]  30.00-30.09  sec   384 KBytes  35.9 Mbits/sec                  
[126.893605 0:4294967307 aic8800::device::probe:465] [wifi-probe-rx] reads=961 data_reads=451 avg=1879us min=364us max=3365us bytes=7687680 items=4722 data_frames=4722 data_confirmations=0 control_confirmations=0 control_indications=0 prints=0 | size <=512 n=0 avg=0us | <=2k n=53 avg=567us | <=8k n=75 avg=1051us | >8k n=323 avg=2287us | control n=510 avg=363us min=0us max=2143us | credit n=4 avg=524us | other n=0 avg=0us | rdif_at_write 0/1/2-3/4+=171/8/0/0 | queue_at_arrival=96/53/89/254
- - - - - - - - - - - - - - - - - - - - - - - - -
[126.944943 0:17179869211 starry_kernel::task::ops:539] Task(17179869211, "iperf3") exit with code: 0
[ ID] Interval           Transfer     Bitrate
[  5]   0.00-30.09  sec   103 MBytes  28.8 Mbits/sec                  receiver
-----------------------------------------------------------
Server listening on 5201 (test #3)
-----------------------------------------------------------
[137.676755 0:4294967307 ax_net::queue_runtime::executor::probe:194] [netprobe] dt=10783ms iters=271 polls=205 poll_us=28 waits=135 wait_us=79606 yields=0 | wait_kind notify=135@79606us deadline=0@0us hist=71/0/0/5/59 | wake n=203 avg=420us hist=0/67/26/43/67 | owner_calls=203 skipped=2 owner_us=139 max=1232us slow=34 | tx_submit=44 tx_done=49 rx_done=349 | ready 0/1/2-3/4+=203/0/0/0 | irq=168 | park xfer=254964us handoff=289us n=42
[137.676881 0:4294967307 aic8800::device::probe:394] [wifi-probe] tx_writes=17 dt=10783ms period_avg=10015us max=35467us hist=6/1/2/1/7 | write n=17 avg=257us min=124us max=926us bytes=9216 calls=1.94 | size blk 1/2/3/4-6/7-9/10+ n=16/1/0/0/0/0 avg=218/883/0/0/0/0us | credit n=1 min=130 max=130 avgx10=1300 backoff=0 avg=0us | gap rx0 n=10 avg=243us | rx1 n=0 avg=0us | rx2+ n=7 avg=23351us | supply core n=8 avg=65us | ring n=1 avg=14377us | none n=8 avg=18874us | scans=9 deferred=0 tx_ready=0 | steps=518 per_tx_write=30.4 owner_calls=203
[137.676944 0:4294967307 aic8800::device::probe:465] [wifi-probe-rx] reads=86 data_reads=38 avg=1704us min=95us max=3705us bytes=558080 items=351 data_frames=351 data_confirmations=0 control_confirmations=0 control_indications=0 prints=0 | size <=512 n=6 avg=133us | <=2k n=2 avg=1127us | <=8k n=6 avg=1034us | >8k n=24 avg=2313us | control n=48 avg=348us min=0us max=1266us | credit n=1 avg=55us | other n=0 avg=0us | rdif_at_write 0/1/2-3/4+=15/2/0/0 | queue_at_arrival=8/4/8/24
[176.183820 0:4294967307 ax_net::queue_runtime::executor::probe:194] [netprobe] dt=38507ms iters=5 polls=4 poll_us=4 waits=2 wait_us=19253288 yields=0 | wait_kind notify=2@19253288us deadline=0@0us hist=1/0/0/0/1 | wake n=4 avg=146us hist=0/2/1/0/1 | owner_calls=4 skipped=0 owner_us=79 max=217us slow=1 | tx_submit=0 tx_done=0 rx_done=0 | ready 0/1/2-3/4+=4/0/0/0 | irq=5 | park xfer=38506484us handoff=91us n=1
[176.183942 0:4294967307 aic8800::device::probe:394] [wifi-probe] tx_writes=0 dt=38507ms period_avg=0us max=0us hist=0/0/0/0/0 | write n=0 avg=0us min=18446744073709551us max=0us bytes=0 calls=0.0 | size blk 1/2/3/4-6/7-9/10+ n=0/0/0/0/0/0 avg=0/0/0/0/0/0us | credit n=0 min=0 max=0 avgx10=0 backoff=0 avg=0us | gap rx0 n=0 avg=0us | rx1 n=0 avg=0us | rx2+ n=0 avg=0us | supply core n=0 avg=0us | ring n=0 avg=0us | none n=0 avg=0us | scans=1 deferred=0 tx_ready=0 | steps=4 per_tx_write=4.0 owner_calls=4
[176.184004 0:4294967307 aic8800::device::probe:465] [wifi-probe-rx] reads=3 data_reads=1 avg=260us min=260us max=260us bytes=512 items=1 data_frames=1 data_confirmations=0 control_confirmations=0 control_indications=0 prints=0 | size <=512 n=1 avg=260us | <=2k n=0 avg=0us | <=8k n=0 avg=0us | >8k n=0 avg=0us | control n=2 avg=38us min=0us max=77us | credit n=0 avg=0us | other n=0 avg=0us | rdif_at_write 0/1/2-3/4+=0/0/0/0 | queue_at_arrival=0/0/0/0
[191.235346 0:4294967307 ax_net::queue_runtime::executor::probe:194] [netprobe] dt=15051ms iters=5 polls=4 poll_us=4 waits=2 wait_us=7525522 yields=0 | wait_kind notify=2@7525522us deadline=0@0us hist=1/0/0/0/1 | wake n=4 avg=144us hist=0/2/1/0/1 | owner_calls=4 skipped=0 owner_us=78 max=214us slow=1 | tx_submit=0 tx_done=0 rx_done=0 | ready 0/1/2-3/4+=4/0/0/0 | irq=5 | park xfer=15050953us handoff=90us n=1
[191.235463 0:4294967307 aic8800::device::probe:394] [wifi-probe] tx_writes=0 dt=15051ms period_avg=0us max=0us hist=0/0/0/0/0 | write n=0 avg=0us min=18446744073709551us max=0us bytes=0 calls=0.0 | size blk 1/2/3/4-6/7-9/10+ n=0/0/0/0/0/0 avg=0/0/0/0/0/0us | credit n=0 min=0 max=0 avgx10=0 backoff=0 avg=0us | gap rx0 n=0 avg=0us | rx1 n=0 avg=0us | rx2+ n=0 avg=0us | supply core n=0 avg=0us | ring n=0 avg=0us | none n=0 avg=0us | scans=1 deferred=0 tx_ready=0 | steps=4 per_tx_write=4.0 owner_calls=4
[191.235523 0:4294967307 aic8800::device::probe:465] [wifi-probe-rx] reads=3 data_reads=1 avg=257us min=257us max=257us bytes=512 items=1 data_frames=1 data_confirmations=0 control_confirmations=0 control_indications=0 prints=0 | size <=512 n=1 avg=257us | <=2k n=0 avg=0us | <=8k n=0 avg=0us | >8k n=0 avg=0us | control n=2 avg=38us min=0us max=77us | credit n=0 avg=0us | other n=0 avg=0us | rdif_at_write 0/1/2-3/4+=0/0/0/0 | queue_at_arrival=0/0/0/0
[193.283568 0:4294967307 ax_net::queue_runtime::executor::probe:194] [netprobe] dt=2048ms iters=88 polls=64 poll_us=4 waits=52 wait_us=39308 yields=0 | wait_kind notify=52@39308us deadline=0@0us hist=36/0/0/0/16 | wake n=64 avg=88us hist=0/32/16/15/1 | owner_calls=64 skipped=0 owner_us=49 max=208us slow=1 | tx_submit=0 tx_done=0 rx_done=0 | ready 0/1/2-3/4+=64/0/0/0 | irq=80 | park xfer=97266us handoff=67us n=21
[193.283685 0:4294967307 aic8800::device::probe:394] [wifi-probe] tx_writes=0 dt=2048ms period_avg=0us max=0us hist=0/0/0/0/0 | write n=0 avg=0us min=18446744073709551us max=0us bytes=0 calls=0.0 | size blk 1/2/3/4-6/7-9/10+ n=0/0/0/0/0/0 avg=0/0/0/0/0/0us | credit n=0 min=0 max=0 avgx10=0 backoff=0 avg=0us | gap rx0 n=0 avg=0us | rx1 n=0 avg=0us | rx2+ n=0 avg=0us | supply core n=0 avg=0us | ring n=0 avg=0us | none n=0 avg=0us | scans=16 deferred=0 tx_ready=0 | steps=64 per_tx_write=64.0 owner_calls=64
[193.283743 0:4294967307 aic8800::device::probe:465] [wifi-probe-rx] reads=48 data_reads=16 avg=146us min=136us max=254us bytes=8192 items=16 data_frames=16 data_confirmations=0 control_confirmations=0 control_indications=0 prints=0 | size <=512 n=16 avg=146us | <=2k n=0 avg=0us | <=8k n=0 avg=0us | >8k n=0 avg=0us | control n=32 avg=38us min=0us max=78us | credit n=0 avg=0us | other n=0 avg=0us | rdif_at_write 0/1/2-3/4+=0/0/0/0 | queue_at_arrival=0/0/0/0
[195.331693 0:4294967307 ax_net::queue_runtime::executor::probe:194] [netprobe] dt=2048ms iters=63 polls=48 poll_us=4 waits=35 wait_us=58425 yields=0 | wait_kind notify=35@58425us deadline=0@0us hist=23/0/0/0/12 | wake n=48 avg=90us hist=0/24/12/11/1 | owner_calls=48 skipped=0 owner_us=50 max=200us slow=1 | tx_submit=0 tx_done=0 rx_done=0 | ready 0/1/2-3/4+=48/0/0/0 | irq=60 | park xfer=145987us handoff=74us n=14
[195.331811 0:4294967307 aic8800::device::probe:394] [wifi-probe] tx_writes=0 dt=2048ms period_avg=0us max=0us hist=0/0/0/0/0 | write n=0 avg=0us min=18446744073709551us max=0us bytes=0 calls=0.0 | size blk 1/2/3/4-6/7-9/10+ n=0/0/0/0/0/0 avg=0/0/0/0/0/0us | credit n=0 min=0 max=0 avgx10=0 backoff=0 avg=0us | gap rx0 n=0 avg=0us | rx1 n=0 avg=0us | rx2+ n=0 avg=0us | supply core n=0 avg=0us | ring n=0 avg=0us | none n=0 avg=0us | scans=12 deferred=0 tx_ready=0 | steps=48 per_tx_write=48.0 owner_calls=48
[195.331869 0:4294967307 aic8800::device::probe:465] [wifi-probe-rx] reads=36 data_reads=12 avg=149us min=136us max=246us bytes=6144 items=12 data_frames=12 data_confirmations=0 control_confirmations=0 control_indications=0 prints=0 | size <=512 n=12 avg=149us | <=2k n=0 avg=0us | <=8k n=0 avg=0us | >8k n=0 avg=0us | control n=24 avg=38us min=0us max=77us | credit n=0 avg=0us | other n=0 avg=0us | rdif_at_write 0/1/2-3/4+=0/0/0/0 | queue_at_arrival=0/0/0/0
Accepted connection from 192.168.137.1, port 49177
[  5] local 192.168.137.107 port 5201 connected to 192.168.137.1 port 49178
[196.488938 0:21474836507 starry_kernel::task::user:83] Enter user space: ip=0x601524d0, sp=0x428af0
[197.346774 0:4294967307 ax_net::queue_runtime::executor::probe:194] [netprobe] dt=2015ms iters=1169 polls=861 poll_us=22 waits=625 wait_us=3005 yields=0 | wait_kind notify=625@3005us deadline=0@0us hist=319/0/20/48/238 | wake n=856 avg=387us hist=0/262/120/200/274 | owner_calls=856 skipped=5 owner_us=127 max=1665us slow=133 | tx_submit=146 tx_done=146 rx_done=1260 | ready 0/1/2-3/4+=845/11/0/0 | irq=695 | park xfer=9536us handoff=206us n=181
[197.346895 0:4294967307 aic8800::device::probe:394] [wifi-probe] tx_writes=65 dt=2015ms period_avg=1081288us max=69417006us hist=17/1/3/5/39 | write n=65 avg=182us min=113us max=1291us bytes=33280 calls=1.92 | size blk 1/2/3/4-6/7-9/10+ n=65/0/0/0/0/0 avg=182/0/0/0/0/0us | credit n=1 min=131 max=131 avgx10=1310 backoff=0 avg=0us | gap rx0 n=36 avg=757us | rx1 n=0 avg=0us | rx2+ n=29 avg=2422227us | supply core n=20 avg=1647us | ring n=1 avg=125us | none n=44 avg=1596335us | scans=39 deferred=0 tx_ready=2 | steps=1998 per_tx_write=30.7 owner_calls=856
[197.346956 0:4294967307 aic8800::device::probe:465] [wifi-probe-rx] reads=363 data_reads=162 avg=1488us min=104us max=4244us bytes=2049536 items=1269 data_frames=1269 data_confirmations=0 control_confirmations=0 control_indications=0 prints=0 | size <=512 n=17 avg=143us | <=2k n=23 avg=499us | <=8k n=31 avg=1028us | >8k n=91 avg=2145us | control n=201 avg=314us min=0us max=1980us | credit n=1 avg=95us | other n=0 avg=0us | rdif_at_write 0/1/2-3/4+=64/1/0/0 | queue_at_arrival=45/18/33/50
[ ID] Interval           Transfer     Bitrate
[  5]   0.00-1.00   sec  2.12 MBytes  17.8 Mbits/sec                  
[  5]   1.00-2.00   sec  3.12 MBytes  26.3 Mbits/sec                  
[199.350962 0:4294967307 ax_net::queue_runtime::executor::probe:194] [netprobe] dt=2004ms iters=3189 polls=2328 poll_us=25 waits=1728 wait_us=915 yields=0 | wait_kind notify=1728@915us deadline=0@0us hist=864/2/36/105/721 | wake n=2306 avg=454us hist=0/663/214/542/887 | owner_calls=2306 skipped=22 owner_us=147 max=2337us slow=431 | tx_submit=468 tx_done=468 rx_done=4494 | ready 0/1/2-3/4+=2282/24/0/0 | irq=1761 | park xfer=2327us handoff=205us n=483
[199.351084 0:4294967307 aic8800::device::probe:394] [wifi-probe] tx_writes=165 dt=2004ms period_avg=12166us max=95344us hist=71/3/6/11/74 | write n=165 avg=175us min=114us max=2173us bytes=84480 calls=1.84 | size blk 1/2/3/4-6/7-9/10+ n=165/0/0/0/0/0 avg=175/0/0/0/0/0us | credit n=4 min=119 max=127 avgx10=1227 backoff=0 avg=0us | gap rx0 n=109 avg=545us | rx1 n=0 avg=0us | rx2+ n=56 avg=34271us | supply core n=74 avg=50us | ring n=1 avg=120us | none n=90 avg=21941us | scans=58 deferred=0 tx_ready=0 | steps=6359 per_tx_write=38.5 owner_calls=2306
[199.351145 0:4294967307 aic8800::device::probe:465] [wifi-probe-rx] reads=932 data_reads=437 avg=1869us min=106us max=3824us bytes=7320576 items=4496 data_frames=4496 data_confirmations=0 control_confirmations=0 control_indications=0 prints=0 | size <=512 n=2 avg=125us | <=2k n=44 avg=521us | <=8k n=76 avg=989us | >8k n=315 avg=2280us | control n=495 avg=375us min=0us max=2416us | credit n=4 avg=57us | other n=0 avg=0us | rdif_at_write 0/1/2-3/4+=164/1/0/0 | queue_at_arrival=91/53/90/234
[  5]   2.00-3.00   sec  3.00 MBytes  25.2 Mbits/sec                  
[  5]   3.00-4.00   sec  3.62 MBytes  30.4 Mbits/sec                  
[201.351005 0:4294967307 ax_net::queue_runtime::executor::probe:194] [netprobe] dt=2000ms iters=3535 polls=2585 poll_us=24 waits=1902 wait_us=806 yields=0 | wait_kind notify=1902@806us deadline=0@0us hist=952/2/48/117/783 | wake n=2562 avg=470us hist=0/726/210/624/1002 | owner_calls=2562 skipped=23 owner_us=146 max=2650us slow=456 | tx_submit=525 tx_done=523 rx_done=4998 | ready 0/1/2-3/4+=2531/29/2/0 | irq=1915 | park xfer=2006us handoff=193us n=508
[201.351686 0:4294967307 aic8800::device::probe:394] [wifi-probe] tx_writes=186 dt=2000ms period_avg=10868us max=97142us hist=80/4/5/18/79 | write n=186 avg=197us min=113us max=2053us bytes=95232 calls=1.84 | size blk 1/2/3/4-6/7-9/10+ n=186/0/0/0/0/0 avg=197/0/0/0/0/0us | credit n=4 min=124 max=131 avgx10=1282 backoff=0 avg=0us | gap rx0 n=128 avg=621us | rx1 n=0 avg=0us | rx2+ n=58 avg=32850us | supply core n=86 avg=212us | ring n=2 avg=123us | none n=98 avg=20064us | scans=60 deferred=0 tx_ready=1 | steps=7074 per_tx_write=38.0 owner_calls=2563
[201.351802 0:4294967307 aic8800::device::probe:465] [wifi-probe-rx] reads=1006 data_reads=473 avg=1890us min=362us max=4247us bytes=8133120 items=4998 data_frames=4998 data_confirmations=0 control_confirmations=0 control_indications=0 prints=0 | size <=512 n=0 avg=0us | <=2k n=52 avg=472us | <=8k n=79 avg=962us | >8k n=342 avg=2320us | control n=533 avg=334us min=0us max=1245us | credit n=4 avg=57us | other n=0 avg=0us | rdif_at_write 0/1/2-3/4+=181/4/1/0 | queue_at_arrival=101/54/85/285
[  5]   4.00-5.00   sec  3.62 MBytes  30.4 Mbits/sec                  
[  5]   5.00-6.00   sec  3.50 MBytes  29.4 Mbits/sec                  
[203.351582 0:4294967307 ax_net::queue_runtime::executor::probe:194] [netprobe] dt=2000ms iters=3588 polls=2621 poll_us=24 waits=1937 wait_us=786 yields=0 | wait_kind notify=1937@786us deadline=0@0us hist=966/1/43/111/816 | wake n=2598 avg=460us hist=0/741/239/602/1016 | owner_calls=2598 skipped=23 owner_us=148 max=3180us slow=471 | tx_submit=529 tx_done=521 rx_done=5043 | ready 0/1/2-3/4+=2572/23/3/0 | irq=1965 | park xfer=1877us handoff=207us n=534
[203.351790 0:4294967307 aic8800::device::probe:394] [wifi-probe] tx_writes=189 dt=2000ms period_avg=10462us max=73097us hist=79/3/5/17/85 | write n=189 avg=181us min=112us max=1984us bytes=96768 calls=1.81 | size blk 1/2/3/4-6/7-9/10+ n=189/0/0/0/0/0 avg=181/0/0/0/0/0us | credit n=4 min=119 max=131 avgx10=1257 backoff=0 avg=0us | gap rx0 n=129 avg=706us | rx1 n=0 avg=0us | rx2+ n=60 avg=30864us | supply core n=82 avg=53us | ring n=1 avg=110us | none n=106 avg=18288us | scans=61 deferred=0 tx_ready=0 | steps=7153 per_tx_write=37.8 owner_calls=2598
[203.351853 0:4294967307 aic8800::device::probe:465] [wifi-probe-rx] reads=1036 data_reads=488 avg=1877us min=361us max=5209us bytes=8245760 items=5063 data_frames=5063 data_confirmations=0 control_confirmations=0 control_indications=0 prints=0 | size <=512 n=0 avg=0us | <=2k n=49 avg=517us | <=8k n=91 avg=968us | >8k n=348 avg=2306us | control n=548 avg=350us min=0us max=1971us | credit n=4 avg=55us | other n=0 avg=0us | rdif_at_write 0/1/2-3/4+=187/1/1/0 | queue_at_arrival=107/63/100/259
[  5]   6.00-7.00   sec  3.38 MBytes  28.3 Mbits/sec                  
[  5]   7.00-8.00   sec  2.62 MBytes  22.0 Mbits/sec                  
[205.352486 0:4294967307 ax_net::queue_runtime::executor::probe:194] [netprobe] dt=2000ms iters=3335 polls=2441 poll_us=25 waits=1792 wait_us=881 yields=0 | wait_kind notify=1792@881us deadline=0@0us hist=895/1/58/125/713 | wake n=2417 avg=448us hist=0/718/236/581/882 | owner_calls=2417 skipped=24 owner_us=137 max=2118us slow=406 | tx_submit=466 tx_done=475 rx_done=4274 | ready 0/1/2-3/4+=2396/20/1/0 | irq=1853 | park xfer=2161us handoff=204us n=501
[205.353003 0:4294967307 aic8800::device::probe:394] [wifi-probe] tx_writes=187 dt=2001ms period_avg=10765us max=96133us hist=65/5/7/20/90 | write n=187 avg=193us min=114us max=2153us bytes=95744 calls=1.83 | size blk 1/2/3/4-6/7-9/10+ n=187/0/0/0/0/0 avg=193/0/0/0/0/0us | credit n=4 min=115 max=132 avgx10=1242 backoff=0 avg=0us | gap rx0 n=122 avg=889us | rx1 n=0 avg=0us | rx2+ n=65 avg=28745us | supply core n=71 avg=162us | ring n=2 avg=10228us | none n=114 avg=17061us | scans=66 deferred=0 tx_ready=1 | steps=6259 per_tx_write=33.4 owner_calls=2417
[205.353114 0:4294967307 aic8800::device::probe:465] [wifi-probe-rx] reads=961 data_reads=447 avg=1758us min=365us max=4959us bytes=6940160 items=4254 data_frames=4254 data_confirmations=0 control_confirmations=0 control_indications=0 prints=0 | size <=512 n=0 avg=0us | <=2k n=61 avg=501us | <=8k n=91 avg=1000us | >8k n=295 avg=2252us | control n=514 avg=343us min=0us max=1563us | credit n=4 avg=60us | other n=0 avg=0us | rdif_at_write 0/1/2-3/4+=183/4/0/0 | queue_at_arrival=116/59/81/210
[  5]   8.00-9.00   sec  3.38 MBytes  28.3 Mbits/sec                  
[  5]   9.00-10.00  sec  3.38 MBytes  28.3 Mbits/sec                  
[207.352762 0:4294967307 ax_net::queue_runtime::executor::probe:194] [netprobe] dt=2000ms iters=3423 polls=2506 poll_us=24 waits=1838 wait_us=840 yields=0 | wait_kind notify=1838@840us deadline=0@0us hist=920/0/43/88/787 | wake n=2488 avg=483us hist=0/711/208/578/991 | owner_calls=2488 skipped=18 owner_us=147 max=2061us slow=452 | tx_submit=525 tx_done=526 rx_done=5072 | ready 0/1/2-3/4+=2464/24/0/0 | irq=1838 | park xfer=2055us handoff=218us n=497
[207.353059 0:4294967307 aic8800::device::probe:394] [wifi-probe] tx_writes=177 dt=2000ms period_avg=11389us max=108354us hist=82/5/2/13/75 | write n=177 avg=186us min=113us max=2191us bytes=90624 calls=1.90 | size blk 1/2/3/4-6/7-9/10+ n=177/0/0/0/0/0 avg=186/0/0/0/0/0us | credit n=4 min=122 max=131 avgx10=1267 backoff=0 avg=0us | gap rx0 n=127 avg=677us | rx1 n=0 avg=0us | rx2+ n=51 avg=37228us | supply core n=90 avg=75us | ring n=1 avg=155us | none n=87 avg=22732us | scans=51 deferred=0 tx_ready=0 | steps=7066 per_tx_write=39.9 owner_calls=2488
[207.353118 0:4294967307 aic8800::device::probe:465] [wifi-probe-rx] reads=971 data_reads=460 avg=1971us min=363us max=4041us bytes=8252416 items=5072 data_frames=5072 data_confirmations=0 control_confirmations=0 control_indications=0 prints=0 | size <=512 n=0 avg=0us | <=2k n=47 avg=545us | <=8k n=75 avg=1046us | >8k n=338 avg=2375us | control n=511 avg=347us min=0us max=1550us | credit n=4 avg=75us | other n=0 avg=0us | rdif_at_write 0/1/2-3/4+=174/3/0/0 | queue_at_arrival=87/52/86/302
[  5]  10.00-11.00  sec  3.25 MBytes  27.3 Mbits/sec                  
[  5]  11.00-12.00  sec  3.75 MBytes  31.5 Mbits/sec                  
[209.353874 0:4294967307 ax_net::queue_runtime::executor::probe:194] [netprobe] dt=2001ms iters=3500 polls=2542 poll_us=24 waits=1916 wait_us=805 yields=0 | wait_kind notify=1916@805us deadline=0@0us hist=959/0/42/111/804 | wake n=2518 avg=465us hist=0/717/220/587/994 | owner_calls=2518 skipped=24 owner_us=146 max=2051us slow=470 | tx_submit=516 tx_done=513 rx_done=5026 | ready 0/1/2-3/4+=2492/25/1/0 | irq=1872 | park xfer=2015us handoff=194us n=516
[209.354003 0:4294967307 aic8800::device::probe:394] [wifi-probe] tx_writes=175 dt=2000ms period_avg=11346us max=84426us hist=72/8/0/16/79 | write n=175 avg=198us min=113us max=2091us bytes=89600 calls=1.85 | size blk 1/2/3/4-6/7-9/10+ n=175/0/0/0/0/0 avg=198/0/0/0/0/0us | credit n=4 min=125 max=132 avgx10=1280 backoff=0 avg=0us | gap rx0 n=120 avg=655us | rx1 n=0 avg=0us | rx2+ n=54 avg=34639us | supply core n=82 avg=253us | ring n=2 avg=123us | none n=90 avg=21423us | scans=55 deferred=0 tx_ready=1 | steps=7053 per_tx_write=40.3 owner_calls=2517
[209.354067 0:4294967307 aic8800::device::probe:465] [wifi-probe-rx] reads=993 data_reads=469 avg=1901us min=361us max=3643us bytes=8183808 items=5026 data_frames=5026 data_confirmations=0 control_confirmations=0 control_indications=0 prints=0 | size <=512 n=0 avg=0us | <=2k n=48 avg=471us | <=8k n=75 avg=984us | >8k n=346 avg=2298us | control n=524 avg=358us min=0us max=1929us | credit n=4 avg=70us | other n=0 avg=0us | rdif_at_write 0/1/2-3/4+=170/4/1/0 | queue_at_arrival=93/54/93/273
[  5]  12.00-13.00  sec  3.62 MBytes  30.4 Mbits/sec                  
[  5]  13.00-14.00  sec  2.62 MBytes  22.0 Mbits/sec                  
[211.360782 0:4294967307 ax_net::queue_runtime::executor::probe:194] [netprobe] dt=2006ms iters=3219 polls=2362 poll_us=24 waits=1718 wait_us=914 yields=0 | wait_kind notify=1718@914us deadline=0@0us hist=858/1/51/100/708 | wake n=2343 avg=443us hist=0/677/235/561/870 | owner_calls=2343 skipped=19 owner_us=150 max=1834us slow=428 | tx_submit=464 tx_done=467 rx_done=4349 | ready 0/1/2-3/4+=2308/33/2/0 | irq=1818 | park xfer=2300us handoff=204us n=489
[211.360903 0:4294967307 aic8800::device::probe:394] [wifi-probe] tx_writes=172 dt=2006ms period_avg=11704us max=77795us hist=64/4/2/15/87 | write n=172 avg=200us min=114us max=1819us bytes=88064 calls=1.85 | size blk 1/2/3/4-6/7-9/10+ n=172/0/0/0/0/0 avg=200/0/0/0/0/0us | credit n=4 min=119 max=128 avgx10=1250 backoff=0 avg=0us | gap rx0 n=109 avg=705us | rx1 n=0 avg=0us | rx2+ n=63 avg=30189us | supply core n=71 avg=954us | ring n=1 avg=138us | none n=100 avg=19109us | scans=62 deferred=0 tx_ready=3 | steps=6268 per_tx_write=36.4 owner_calls=2343
[211.360965 0:4294967307 aic8800::device::probe:465] [wifi-probe-rx] reads=960 data_reads=449 avg=1796us min=365us max=4613us bytes=7090176 items=4349 data_frames=4349 data_confirmations=0 control_confirmations=0 control_indications=0 prints=0 | size <=512 n=0 avg=0us | <=2k n=58 avg=499us | <=8k n=91 avg=1028us | >8k n=300 avg=2280us | control n=511 avg=366us min=0us max=2527us | credit n=4 avg=68us | other n=0 avg=0us | rdif_at_write 0/1/2-3/4+=166/6/0/0 | queue_at_arrival=100/49/89/227
[  5]  14.00-15.00  sec  3.38 MBytes  28.3 Mbits/sec                  
[  5]  15.00-16.00  sec  3.38 MBytes  28.3 Mbits/sec                  
[213.361474 0:4294967307 ax_net::queue_runtime::executor::probe:194] [netprobe] dt=2000ms iters=3636 polls=2652 poll_us=22 waits=1974 wait_us=783 yields=0 | wait_kind notify=1974@783us deadline=0@0us hist=988/1/52/111/822 | wake n=2638 avg=426us hist=0/800/241/628/969 | owner_calls=2638 skipped=14 owner_us=138 max=1838us slow=482 | tx_submit=546 tx_done=546 rx_done=4878 | ready 0/1/2-3/4+=2620/18/0/0 | irq=2013 | park xfer=1879us handoff=219us n=552
[213.361594 0:4294967307 aic8800::device::probe:394] [wifi-probe] tx_writes=193 dt=2000ms period_avg=10395us max=79567us hist=76/4/6/21/86 | write n=193 avg=169us min=114us max=1465us bytes=98816 calls=1.91 | size blk 1/2/3/4-6/7-9/10+ n=193/0/0/0/0/0 avg=169/0/0/0/0/0us | credit n=4 min=120 max=132 avgx10=1280 backoff=0 avg=0us | gap rx0 n=129 avg=661us | rx1 n=0 avg=0us | rx2+ n=64 avg=29504us | supply core n=79 avg=75us | ring n=2 avg=81us | none n=112 avg=17567us | scans=65 deferred=0 tx_ready=0 | steps=7033 per_tx_write=36.4 owner_calls=2638
[213.361657 0:4294967307 aic8800::device::probe:465] [wifi-probe-rx] reads=1061 data_reads=498 avg=1795us min=363us max=3869us bytes=7952384 items=4878 data_frames=4878 data_confirmations=0 control_confirmations=0 control_indications=0 prints=0 | size <=512 n=0 avg=0us | <=2k n=50 avg=471us | <=8k n=93 avg=1009us | >8k n=355 avg=2188us | control n=563 avg=374us min=0us max=1969us | credit n=4 avg=89us | other n=0 avg=0us | rdif_at_write 0/1/2-3/4+=190/1/0/2 | queue_at_arrival=114/67/113/252
[  5]  16.00-17.00  sec  3.38 MBytes  28.3 Mbits/sec                  
[  5]  17.00-18.00  sec  3.62 MBytes  30.4 Mbits/sec                  
[215.371075 0:4294967307 ax_net::queue_runtime::executor::probe:194] [netprobe] dt=2009ms iters=3747 polls=2745 poll_us=23 waits=2005 wait_us=758 yields=0 | wait_kind notify=2005@758us deadline=0@0us hist=1004/1/54/120/826 | wake n=2726 avg=439us hist=0/799/263/654/1010 | owner_calls=2726 skipped=19 owner_us=145 max=2989us slow=496 | tx_submit=524 tx_done=524 rx_done=4920 | ready 0/1/2-3/4+=2690/36/0/0 | irq=2114 | park xfer=1757us handoff=209us n=564
[215.371200 0:4294967307 aic8800::device::probe:394] [wifi-probe] tx_writes=203 dt=2009ms period_avg=9801us max=59707us hist=74/3/5/26/95 | write n=203 avg=200us min=113us max=2079us bytes=103936 calls=1.85 | size blk 1/2/3/4-6/7-9/10+ n=203/0/0/0/0/0 avg=200/0/0/0/0/0us | credit n=4 min=125 max=131 avgx10=1280 backoff=0 avg=0us | gap rx0 n=132 avg=813us | rx1 n=0 avg=0us | rx2+ n=71 avg=25937us | supply core n=83 avg=1003us | ring n=1 avg=57us | none n=119 avg=15677us | scans=71 deferred=0 tx_ready=5 | steps=7162 per_tx_write=35.2 owner_calls=2726
[215.371263 0:4294967307 aic8800::device::probe:465] [wifi-probe-rx] reads=1113 data_reads=521 avg=1753us min=362us max=4290us bytes=8029696 items=4920 data_frames=4920 data_confirmations=0 control_confirmations=0 control_indications=0 prints=0 | size <=512 n=0 avg=0us | <=2k n=62 avg=476us | <=8k n=102 avg=973us | >8k n=357 avg=2197us | control n=592 avg=360us min=0us max=1952us | credit n=4 avg=54us | other n=0 avg=0us | rdif_at_write 0/1/2-3/4+=198/5/0/0 | queue_at_arrival=120/62/100/242
[  5]  18.00-19.00  sec  3.25 MBytes  27.2 Mbits/sec                  
[  5]  19.00-20.00  sec  3.88 MBytes  32.5 Mbits/sec                  
[217.372286 0:4294967307 ax_net::queue_runtime::executor::probe:194] [netprobe] dt=2001ms iters=3868 polls=2859 poll_us=23 waits=2022 wait_us=745 yields=0 | wait_kind notify=2022@745us deadline=0@0us hist=1013/1/61/134/813 | wake n=2841 avg=399us hist=0/861/305/691/984 | owner_calls=2841 skipped=18 owner_us=139 max=1885us slow=512 | tx_submit=639 tx_done=639 rx_done=4822 | ready 0/1/2-3/4+=2805/32/2/2 | irq=2236 | park xfer=1713us handoff=218us n=591
[217.372408 0:4294967307 aic8800::device::probe:394] [wifi-probe] tx_writes=231 dt=2001ms period_avg=8720us max=80065us hist=95/9/6/25/96 | write n=231 avg=198us min=113us max=2099us bytes=118272 calls=1.89 | size blk 1/2/3/4-6/7-9/10+ n=231/0/0/0/0/0 avg=198/0/0/0/0/0us | credit n=5 min=123 max=132 avgx10=1276 backoff=0 avg=0us | gap rx0 n=155 avg=500us | rx1 n=0 avg=0us | rx2+ n=76 avg=24880us | supply core n=103 avg=510us | ring n=5 avg=150us | none n=123 avg=15570us | scans=76 deferred=0 tx_ready=2 | steps=7169 per_tx_write=31.0 owner_calls=2841
[217.372472 0:4294967307 aic8800::device::probe:465] [wifi-probe-rx] reads=1156 data_reads=540 avg=1681us min=362us max=4668us bytes=7880192 items=4822 data_frames=4822 data_confirmations=0 control_confirmations=0 control_indications=0 prints=0 | size <=512 n=0 avg=0us | <=2k n=60 avg=482us | <=8k n=119 avg=998us | >8k n=361 avg=2105us | control n=616 avg=369us min=0us max=2293us | credit n=5 avg=61us | other n=0 avg=0us | rdif_at_write 0/1/2-3/4+=220/5/3/3 | queue_at_arrival=128/74/130/307
[  5]  20.00-21.00  sec  2.75 MBytes  23.1 Mbits/sec                  
[  5]  21.00-22.00  sec  2.62 MBytes  22.0 Mbits/sec                  
[219.373283 0:4294967307 ax_net::queue_runtime::executor::probe:194] [netprobe] dt=2000ms iters=3260 polls=2378 poll_us=23 waits=1767 wait_us=903 yields=0 | wait_kind notify=1767@903us deadline=0@0us hist=880/4/50/125/708 | wake n=2363 avg=399us hist=0/684/273/581/825 | owner_calls=2363 skipped=15 owner_us=136 max=1860us slow=435 | tx_submit=432 tx_done=430 rx_done=3861 | ready 0/1/2-3/4+=2338/25/0/0 | irq=1906 | park xfer=2184us handoff=225us n=523
[219.373834 0:4294967307 aic8800::device::probe:394] [wifi-probe] tx_writes=176 dt=2001ms period_avg=11397us max=72559us hist=45/3/12/19/97 | write n=176 avg=188us min=116us max=1404us bytes=90112 calls=1.85 | size blk 1/2/3/4-6/7-9/10+ n=176/0/0/0/0/0 avg=188/0/0/0/0/0us | credit n=4 min=125 max=130 avgx10=1282 backoff=0 avg=0us | gap rx0 n=102 avg=896us | rx1 n=0 avg=0us | rx2+ n=74 avg=25424us | supply core n=50 avg=387us | ring n=1 avg=15347us | none n=125 avg=15505us | scans=75 deferred=0 tx_ready=1 | steps=5839 per_tx_write=33.1 owner_calls=2364
[219.373970 0:4294967307 aic8800::device::probe:465] [wifi-probe-rx] reads=1009 data_reads=467 avg=1587us min=364us max=3894us bytes=6325248 items=3861 data_frames=3861 data_confirmations=0 control_confirmations=0 control_indications=0 prints=0 | size <=512 n=0 avg=0us | <=2k n=53 avg=481us | <=8k n=111 avg=972us | >8k n=303 avg=2006us | control n=542 avg=387us min=0us max=3429us | credit n=4 avg=62us | other n=0 avg=0us | rdif_at_write 0/1/2-3/4+=172/4/0/0 | queue_at_arrival=127/76/121/108
[  5]  22.00-23.00  sec  2.75 MBytes  23.0 Mbits/sec                  
[  5]  23.00-24.00  sec  3.00 MBytes  25.2 Mbits/sec                  
[221.373521 0:4294967307 ax_net::queue_runtime::executor::probe:194] [netprobe] dt=2000ms iters=3196 polls=2331 poll_us=25 waits=1731 wait_us=910 yields=0 | wait_kind notify=1731@910us deadline=0@0us hist=864/1/44/121/701 | wake n=2315 avg=427us hist=0/663/256/543/853 | owner_calls=2315 skipped=16 owner_us=145 max=2034us slow=435 | tx_submit=447 tx_done=447 rx_done=4073 | ready 0/1/2-3/4+=2285/29/1/0 | irq=1830 | park xfer=2249us handoff=216us n=507
[221.373853 0:4294967307 aic8800::device::probe:394] [wifi-probe] tx_writes=166 dt=2000ms period_avg=11979us max=95144us hist=53/6/4/18/85 | write n=166 avg=198us min=113us max=2266us bytes=84992 calls=1.83 | size blk 1/2/3/4-6/7-9/10+ n=166/0/0/0/0/0 avg=198/0/0/0/0/0us | credit n=3 min=127 max=132 avgx10=1296 backoff=0 avg=0us | gap rx0 n=100 avg=922us | rx1 n=0 avg=0us | rx2+ n=66 avg=28233us | supply core n=59 avg=77us | ring n=2 avg=3988us | none n=105 avg=18505us | scans=66 deferred=0 tx_ready=0 | steps=5995 per_tx_write=36.1 owner_calls=2315
[221.373914 0:4294967307 aic8800::device::probe:465] [wifi-probe-rx] reads=976 data_reads=455 avg=1706us min=279us max=5560us bytes=6671360 items=4083 data_frames=4083 data_confirmations=0 control_confirmations=0 control_indications=0 prints=0 | size <=512 n=0 avg=0us | <=2k n=60 avg=554us | <=8k n=92 avg=1013us | >8k n=303 avg=2145us | control n=521 avg=379us min=0us max=2065us | credit n=3 avg=73us | other n=0 avg=0us | rdif_at_write 0/1/2-3/4+=163/3/0/0 | queue_at_arrival=107/67/111/162
[  5]  24.00-25.00  sec  2.62 MBytes  22.0 Mbits/sec                  
[  5]  25.00-26.00  sec  2.75 MBytes  23.1 Mbits/sec                  
[223.374457 0:4294967307 ax_net::queue_runtime::executor::probe:194] [netprobe] dt=2000ms iters=3063 polls=2239 poll_us=24 waits=1654 wait_us=976 yields=0 | wait_kind notify=1654@976us deadline=0@0us hist=825/1/47/105/676 | wake n=2230 avg=449us hist=0/662/224/533/811 | owner_calls=2230 skipped=9 owner_us=138 max=2208us slow=389 | tx_submit=443 tx_done=445 rx_done=3986 | ready 0/1/2-3/4+=2213/15/2/0 | irq=1716 | park xfer=2448us handoff=212us n=468
[223.374580 0:4294967307 aic8800::device::probe:394] [wifi-probe] tx_writes=168 dt=2000ms period_avg=11730us max=114980us hist=62/4/5/18/79 | write n=168 avg=203us min=113us max=1507us bytes=86016 calls=1.90 | size blk 1/2/3/4-6/7-9/10+ n=168/0/0/0/0/0 avg=203/0/0/0/0/0us | credit n=4 min=105 max=131 avgx10=1207 backoff=0 avg=0us | gap rx0 n=109 avg=770us | rx1 n=0 avg=0us | rx2+ n=59 avg=31400us | supply core n=66 avg=353us | ring n=3 avg=10610us | none n=99 avg=19005us | scans=59 deferred=0 tx_ready=1 | steps=5816 per_tx_write=34.6 owner_calls=2229
[223.374643 0:4294967307 aic8800::device::probe:465] [wifi-probe-rx] reads=897 data_reads=419 avg=1743us min=362us max=3836us bytes=6486528 items=3976 data_frames=3976 data_confirmations=0 control_confirmations=0 control_indications=0 prints=0 | size <=512 n=0 avg=0us | <=2k n=54 avg=500us | <=8k n=83 avg=1027us | >8k n=282 avg=2191us | control n=478 avg=371us min=0us max=1909us | credit n=4 avg=82us | other n=0 avg=0us | rdif_at_write 0/1/2-3/4+=163/5/0/0 | queue_at_arrival=101/56/91/195
[  5]  26.00-27.00  sec  2.75 MBytes  23.1 Mbits/sec                  
[  5]  27.00-28.00  sec  3.50 MBytes  29.4 Mbits/sec                  
[225.421532 0:4294967307 ax_net::queue_runtime::executor::probe:194] [netprobe] dt=2047ms iters=3759 polls=2741 poll_us=25 waits=2037 wait_us=766 yields=0 | wait_kind notify=2037@766us deadline=0@0us hist=1020/0/56/112/849 | wake n=2714 avg=446us hist=0/776/264/637/1037 | owner_calls=2714 skipped=27 owner_us=143 max=1982us slow=499 | tx_submit=542 tx_done=542 rx_done=5148 | ready 0/1/2-3/4+=2687/25/2/0 | irq=2082 | park xfer=1805us handoff=211us n=564
[225.421656 0:4294967307 aic8800::device::probe:394] [wifi-probe] tx_writes=196 dt=2047ms period_avg=10442us max=70718us hist=80/2/3/20/91 | write n=196 avg=170us min=111us max=1187us bytes=100352 calls=1.82 | size blk 1/2/3/4-6/7-9/10+ n=196/0/0/0/0/0 avg=170/0/0/0/0/0us | credit n=5 min=120 max=130 avgx10=1262 backoff=0 avg=0us | gap rx0 n=130 avg=811us | rx1 n=0 avg=0us | rx2+ n=66 avg=28906us | supply core n=85 avg=286us | ring n=0 avg=0us | none n=111 avg=17918us | scans=65 deferred=0 tx_ready=1 | steps=7365 per_tx_write=37.5 owner_calls=2714
[  5]  28.00-29.00  sec  3.62 MBytes  30.4 Mbits/sec                  
[225.421719 0:4294967307 aic8800::device::probe:465] [wifi-probe-rx] reads=1103 data_reads=519 avg=1813us min=362us max=4455us bytes=8397824 items=5148 data_frames=5148 data_confirmations=0 control_confirmations=0 control_indications=0 prints=0 | size <=512 n=0 avg=0us | <=2k n=56 avg=565us | <=8k n=94 avg=1015us | >8k n=369 avg=2205us | control n=584 avg=372us min=0us max=2203us | credit n=5 avg=66us | other n=0 avg=0us | rdif_at_write 0/1/2-3/4+=196/0/0/0 | queue_at_arrival=111/65/105/261
[  5]  29.00-30.00  sec  3.25 MBytes  27.3 Mbits/sec                  
[  5]  30.00-30.02  sec   128 KBytes  53.4 Mbits/sec                  
- - - - - - - - - - - - - - - - - - - - - - - - -
[ ID] Interval           Transfer     Bitrate
[  5]   0.00-30.02  sec  95.6 MBytes  26.7 Mbits/sec                  receiver
[226.520199 0:21474836507 starry_kernel::task::ops:539] Task(21474836507, "iperf3") exit with code: 0
-----------------------------------------------------------
Server listening on 5201 (test #4)
-----------------------------------------------------------
[227.900815 0:4294967307 ax_net::queue_runtime::executor::probe:194] [netprobe] dt=2479ms iters=2019 polls=1480 poll_us=26 waits=1084 wait_us=2044 yields=0 | wait_kind notify=1084@2044us deadline=0@0us hist=544/2/36/68/434 | wake n=1472 avg=445us hist=0/425/146/353/548 | owner_calls=1472 skipped=8 owner_us=140 max=1663us slow=252 | tx_submit=294 tx_done=294 rx_done=2727 | ready 0/1/2-3/4+=1457/15/0/0 | irq=1121 | park xfer=6467us handoff=219us n=299
[227.900934 0:4294967307 aic8800::device::probe:394] [wifi-probe] tx_writes=112 dt=2479ms period_avg=10825us max=102816us hist=40/3/4/15/50 | write n=112 avg=174us min=112us max=1067us bytes=57856 calls=1.86 | size blk 1/2/3/4-6/7-9/10+ n=111/1/0/0/0/0 avg=170/607/0/0/0/0us | credit n=2 min=125 max=127 avgx10=1260 backoff=0 avg=0us | gap rx0 n=75 avg=584us | rx1 n=0 avg=0us | rx2+ n=37 avg=31057us | supply core n=45 avg=120us | ring n=1 avg=119us | none n=66 avg=17991us | scans=41 deferred=0 tx_ready=0 | steps=3937 per_tx_write=35.1 owner_calls=1472
[227.900994 0:4294967307 aic8800::device::probe:465] [wifi-probe-rx] reads=583 data_reads=271 avg=1833us min=134us max=4183us bytes=4433408 items=2730 data_frames=2730 data_confirmations=0 control_confirmations=0 control_indications=0 prints=0 | size <=512 n=4 avg=153us | <=2k n=30 avg=398us | <=8k n=50 avg=1023us | >8k n=187 avg=2316us | control n=312 avg=357us min=0us max=2299us | credit n=2 avg=769us | other n=0 avg=0us | rdif_at_write 0/1/2-3/4+=110/2/0/0 | queue_at_arrival=67/34/61/132
[253.933117 0:4294967307 ax_net::queue_runtime::executor::probe:194] [netprobe] dt=26032ms iters=5 polls=4 poll_us=4 waits=3 wait_us=8677281 yields=0 | wait_kind notify=3@8677281us deadline=0@0us hist=2/0/0/0/1 | wake n=4 avg=139us hist=0/2/1/0/1 | owner_calls=4 skipped=0 owner_us=75 max=204us slow=1 | tx_submit=0 tx_done=0 rx_done=0 | ready 0/1/2-3/4+=4/0/0/0 | irq=5 | park xfer=13015875us handoff=46us n=2
[253.933236 0:4294967307 aic8800::device::probe:394] [wifi-probe] tx_writes=0 dt=26032ms period_avg=0us max=0us hist=0/0/0/0/0 | write n=0 avg=0us min=18446744073709551us max=0us bytes=0 calls=0.0 | size blk 1/2/3/4-6/7-9/10+ n=0/0/0/0/0/0 avg=0/0/0/0/0/0us | credit n=0 min=0 max=0 avgx10=0 backoff=0 avg=0us | gap rx0 n=0 avg=0us | rx1 n=0 avg=0us | rx2+ n=0 avg=0us | supply core n=0 avg=0us | ring n=0 avg=0us | none n=0 avg=0us | scans=1 deferred=0 tx_ready=0 | steps=4 per_tx_write=4.0 owner_calls=4
Accepted connection from 192.168.137.1, port 55545
[253.933297 0:4294967307 aic8800::device::probe:465] [wifi-probe-rx] reads=3 data_reads=1 avg=251us min=251us max=251us bytes=512 items=1 data_frames=1 data_confirmations=0 control_confirmations=0 control_indications=0 prints=0 | size <=512 n=1 avg=251us | <=2k n=0 avg=0us | <=8k n=0 avg=0us | >8k n=0 avg=0us | control n=2 avg=38us min=0us max=76us | credit n=0 avg=0us | other n=0 avg=0us | rdif_at_write 0/1/2-3/4+=0/0/0/0 | queue_at_arrival=0/0/0/0
[  5] local 192.168.137.107 port 5201 connected to 192.168.137.1 port 55546
[254.029425 0:25769803803 starry_kernel::task::user:83] Enter user space: ip=0x601524d0, sp=0x428af0
[ ID] Interval           Transfer     Bitrate         Retr  Cwnd
[  5]   0.00-1.00   sec   896 KBytes  7.33 Mbits/sec    0   0.00 Bytes       
[255.933159 0:4294967307 ax_net::queue_runtime::executor::probe:194] [netprobe] dt=2000ms iters=3789 polls=2787 poll_us=17 waits=2096 wait_us=803 yields=0 | wait_kind notify=1958@830us deadline=138@423us hist=1082/14/128/494/378 | wake n=2780 avg=327us hist=0/807/300/803/870 | owner_calls=2780 skipped=7 owner_us=85 max=1699us slow=478 | tx_submit=2068 tx_done=2058 rx_done=238 | ready 0/1/2-3/4+=2770/2/1/7 | irq=1969 | park xfer=2008us handoff=254us n=653
[255.933322 0:4294967307 aic8800::device::probe:394] [wifi-probe] tx_writes=593 dt=2000ms period_avg=49490us max=27351419us hist=0/15/277/168/133 | write n=593 avg=979us min=135us max=3373us bytes=3154432 calls=2.33 | size blk 1/2/3/4-6/7-9/10+ n=7/0/60/44/21/461 avg=161/0/576/801/1014/1059us | credit n=242 min=2 max=123 avgx10=102 backoff=139 avg=528us | gap rx0 n=492 avg=296us | rx1 n=0 avg=0us | rx2+ n=101 avg=283379us | supply core n=403 avg=365us | ring n=144 avg=151us | none n=46 avg=621700us | scans=104 deferred=0 tx_ready=43 | steps=2985 per_tx_write=5.0 owner_calls=2780
[  5]   1.00-2.00   sec  2.25 MBytes  18.9 Mbits/sec    0   0.00 Bytes       
[255.933383 0:4294967307 aic8800::device::probe:465] [wifi-probe-rx] reads=326 data_reads=111 avg=180us min=99us max=802us bytes=67584 items=240 data_frames=240 data_confirmations=0 control_confirmations=0 control_indications=0 prints=0 | size <=512 n=91 avg=142us | <=2k n=20 avg=350us | <=8k n=0 avg=0us | >8k n=0 avg=0us | control n=215 avg=89us min=0us max=557us | credit n=242 avg=78us | other n=0 avg=0us | rdif_at_write 0/1/2-3/4+=105/22/24/442 | queue_at_arrival=190/202/525/1151
[  5]   2.00-3.00   sec  2.25 MBytes  18.9 Mbits/sec    0   0.00 Bytes       
[257.933263 0:4294967307 ax_net::queue_runtime::executor::probe:194] [netprobe] dt=2000ms iters=8267 polls=6007 poll_us=14 waits=4655 wait_us=301 yields=0 | wait_kind notify=3729@267us deadline=926@437us hist=2382/11/251/1425/586 | wake n=6002 avg=302us hist=0/2002/569/1415/2016 | owner_calls=6002 skipped=5 owner_us=74 max=4224us slow=727 | tx_submit=3282 tx_done=3265 rx_done=410 | ready 0/1/2-3/4+=5964/7/4/27 | irq=4049 | park xfer=543us handoff=282us n=1046
[257.933437 0:4294967307 aic8800::device::probe:394] [wifi-probe] tx_writes=984 dt=2000ms period_avg=2032us max=93981us hist=0/41/426/274/243 | write n=984 avg=974us min=245us max=5199us bytes=4999680 calls=2.31 | size blk 1/2/3/4-6/7-9/10+ n=0/1/146/98/38/701 avg=0/686/627/691/949/1088us | credit n=1209 min=2 max=126 avgx10=46 backoff=928 avg=536us | gap rx0 n=834 avg=622us | rx1 n=0 avg=0us | rx2+ n=151 avg=3457us | supply core n=863 avg=794us | ring n=92 avg=159us | none n=30 avg=11344us | scans=153 deferred=0 tx_ready=123 | steps=6338 per_tx_write=6.4 owner_calls=6002
[  5]   3.00-4.00   sec  2.38 MBytes  19.9 Mbits/sec    0   0.00 Bytes       
[257.933498 0:4294967307 aic8800::device::probe:465] [wifi-probe-rx] reads=531 data_reads=189 avg=223us min=97us max=1996us bytes=116736 items=410 data_frames=410 data_confirmations=0 control_confirmations=0 control_indications=0 prints=0 | size <=512 n=155 avg=180us | <=2k n=33 avg=419us | <=8k n=1 avg=462us | >8k n=0 avg=0us | control n=342 avg=99us min=0us max=1212us | credit n=1209 avg=66us | other n=0 avg=0us | rdif_at_write 0/1/2-3/4+=229/57/58/640 | queue_at_arrival=122/132/452/2576
[  5]   4.00-5.01   sec  2.75 MBytes  22.9 Mbits/sec    0   0.00 Bytes       
[259.933450 0:4294967307 ax_net::queue_runtime::executor::probe:194] [netprobe] dt=2000ms iters=9074 polls=6586 poll_us=15 waits=5148 wait_us=254 yields=0 | wait_kind notify=4284@215us deadline=864@446us hist=2657/15/306/1589/581 | wake n=6573 avg=310us hist=0/2102/608/1638/2225 | owner_calls=6573 skipped=13 owner_us=79 max=3307us slow=903 | tx_submit=4008 tx_done=4004 rx_done=453 | ready 0/1/2-3/4+=6537/5/6/25 | irq=4448 | park xfer=328us handoff=294us n=1208
[259.933578 0:4294967307 aic8800::device::probe:394] [wifi-probe] tx_writes=1133 dt=2000ms period_avg=1744us max=51226us hist=0/23/528/313/269 | write n=1133 avg=1033us min=282us max=4908us bytes=6138880 calls=2.41 | size blk 1/2/3/4-6/7-9/10+ n=0/1/86/102/63/881 avg=0/282/605/588/1148/1119us | credit n=1147 min=2 max=91 avgx10=54 backoff=871 avg=547us | gap rx0 n=953 avg=309us | rx1 n=0 avg=0us | rx2+ n=179 avg=2857us | supply core n=1088 avg=609us | ring n=31 avg=516us | none n=13 avg=9759us | scans=182 deferred=0 tx_ready=170 | steps=6936 per_tx_write=6.1 owner_calls=6574
[  5]   5.01-6.00   sec  2.75 MBytes  23.2 Mbits/sec    0   0.00 Bytes       
[259.933639 0:4294967307 aic8800::device::probe:465] [wifi-probe-rx] reads=630 data_reads=224 avg=180us min=97us max=1922us bytes=132096 items=453 data_frames=453 data_confirmations=0 control_confirmations=0 control_indications=0 prints=0 | size <=512 n=191 avg=149us | <=2k n=33 avg=359us | <=8k n=0 avg=0us | >8k n=0 avg=0us | control n=406 avg=105us min=0us max=1394us | credit n=1147 avg=77us | other n=0 avg=0us | rdif_at_write 0/1/2-3/4+=187/51/83/812 | queue_at_arrival=44/64/168/3732
[  5]   6.00-7.00   sec  3.25 MBytes  27.3 Mbits/sec    0   0.00 Bytes       
[261.933665 0:4294967307 ax_net::queue_runtime::executor::probe:194] [netprobe] dt=2000ms iters=7193 polls=5251 poll_us=18 waits=4040 wait_us=337 yields=0 | wait_kind notify=3695@327us deadline=345@439us hist=2088/12/306/1042/592 | wake n=5237 avg=323us hist=0/1532/517/1432/1756 | owner_calls=5237 skipped=14 owner_us=92 max=3965us slow=975 | tx_submit=4086 tx_done=4113 rx_done=479 | ready 0/1/2-3/4+=5193/5/6/33 | irq=3620 | park xfer=593us handoff=274us n=1162
[261.933791 0:4294967307 aic8800::device::probe:394] [wifi-probe] tx_writes=1103 dt=2000ms period_avg=1832us max=80434us hist=0/17/501/357/228 | write n=1103 avg=1061us min=309us max=5008us bytes=6306304 calls=2.41 | size blk 1/2/3/4-6/7-9/10+ n=0/0/56/46/39/962 avg=0/0/558/852/901/1107us | credit n=505 min=2 max=131 avgx10=101 backoff=345 avg=546us | gap rx0 n=939 avg=310us | rx1 n=0 avg=0us | rx2+ n=164 avg=3404us | supply core n=1025 avg=404us | ring n=63 avg=153us | none n=15 avg=28348us | scans=165 deferred=0 tx_ready=144 | steps=5620 per_tx_write=5.0 owner_calls=5237
[  5]   7.00-8.00   sec  2.12 MBytes  17.8 Mbits/sec    0   0.00 Bytes       
[261.933852 0:4294967307 aic8800::device::probe:465] [wifi-probe-rx] reads=551 data_reads=193 avg=206us min=96us max=3835us bytes=124928 items=480 data_frames=480 data_confirmations=0 control_confirmations=0 control_indications=0 prints=0 | size <=512 n=160 avg=164us | <=2k n=31 avg=400us | <=8k n=2 avg=507us | >8k n=0 avg=0us | control n=358 avg=99us min=0us max=1005us | credit n=505 avg=82us | other n=0 avg=0us | rdif_at_write 0/1/2-3/4+=159/21/31/892 | queue_at_arrival=78/81/378/3549
[  5]   8.00-9.00   sec  1.50 MBytes  12.6 Mbits/sec    0   0.00 Bytes       
[263.933839 0:4294967307 ax_net::queue_runtime::executor::probe:194] [netprobe] dt=2000ms iters=9215 polls=6598 poll_us=11 waits=5324 wait_us=273 yields=0 | wait_kind notify=3795@209us deadline=1529@430us hist=2702/17/247/1866/492 | wake n=6595 avg=285us hist=0/2392/561/1337/2305 | owner_calls=6595 skipped=3 owner_us=61 max=2467us slow=470 | tx_submit=2345 tx_done=2341 rx_done=296 | ready 0/1/2-3/4+=6575/3/3/14 | irq=4221 | park xfer=534us handoff=241us n=879
[263.933966 0:4294967307 aic8800::device::probe:394] [wifi-probe] tx_writes=814 dt=2000ms period_avg=2460us max=139461us hist=0/70/350/207/187 | write n=814 avg=844us min=176us max=3088us bytes=3589120 calls=2.26 | size blk 1/2/3/4-6/7-9/10+ n=0/3/206/122/44/439 avg=0/310/500/734/961/1028us | credit n=1943 min=2 max=66 avgx10=32 backoff=1541 avg=527us | gap rx0 n=699 avg=964us | rx1 n=0 avg=0us | rx2+ n=116 avg=5525us | supply core n=713 avg=1360us | ring n=81 avg=141us | none n=21 avg=15904us | scans=121 deferred=0 tx_ready=95 | steps=6850 per_tx_write=8.4 owner_calls=6594
[  5]   9.00-10.00  sec  2.00 MBytes  16.8 Mbits/sec    0   0.00 Bytes       
[263.934026 0:4294967307 aic8800::device::probe:465] [wifi-probe-rx] reads=393 data_reads=136 avg=187us min=96us max=664us bytes=83456 items=297 data_frames=297 data_confirmations=0 control_confirmations=0 control_indications=0 prints=0 | size <=512 n=111 avg=150us | <=2k n=25 avg=351us | <=8k n=0 avg=0us | >8k n=0 avg=0us | control n=257 avg=94us min=0us max=915us | credit n=1943 avg=66us | other n=0 avg=0us | rdif_at_write 0/1/2-3/4+=284/36/48/446 | queue_at_arrival=102/140/432/1671
[  5]  10.00-11.00  sec  2.00 MBytes  16.8 Mbits/sec    0   0.00 Bytes       
[265.954894 0:4294967307 ax_net::queue_runtime::executor::probe:194] [netprobe] dt=2021ms iters=8398 polls=6051 poll_us=14 waits=4806 wait_us=300 yields=0 | wait_kind notify=3764@263us deadline=1042@431us hist=2453/9/259/1589/496 | wake n=6046 avg=297us hist=0/2041/554/1398/2053 | owner_calls=6046 skipped=5 owner_us=71 max=3654us slow=660 | tx_submit=3055 tx_done=3063 rx_done=343 | ready 0/1/2-3/4+=6009/6/8/23 | irq=3950 | park xfer=595us handoff=253us n=1000
[265.955017 0:4294967307 aic8800::device::probe:394] [wifi-probe] tx_writes=950 dt=2021ms period_avg=2097us max=117835us hist=0/61/421/262/206 | write n=950 avg=927us min=219us max=4400us bytes=4696064 calls=2.32 | size blk 1/2/3/4-6/7-9/10+ n=0/0/165/102/38/645 avg=0/0/489/720/954/1070us | credit n=1356 min=2 max=132 avgx10=42 backoff=1046 avg=529us | gap rx0 n=827 avg=462us | rx1 n=0 avg=0us | rx2+ n=122 avg=5978us | supply core n=849 avg=858us | ring n=83 avg=155us | none n=17 avg=21749us | scans=125 deferred=0 tx_ready=98 | steps=6330 per_tx_write=6.6 owner_calls=6046
[  5]  11.00-12.00  sec  2.25 MBytes  18.9 Mbits/sec    0   0.00 Bytes       
[265.955082 0:4294967307 aic8800::device::probe:465] [wifi-probe-rx] reads=421 data_reads=148 avg=207us min=99us max=1744us bytes=92160 items=345 data_frames=345 data_confirmations=0 control_confirmations=0 control_indications=0 prints=0 | size <=512 n=120 avg=158us | <=2k n=28 avg=416us | <=8k n=0 avg=0us | >8k n=0 avg=0us | control n=273 avg=99us min=0us max=816us | credit n=1356 avg=66us | other n=0 avg=0us | rdif_at_write 0/1/2-3/4+=214/54/70/612 | queue_at_arrival=100/121/456/2378
[  5]  12.00-13.00  sec  2.12 MBytes  17.8 Mbits/sec    0   0.00 Bytes       
[267.955838 0:4294967307 ax_net::queue_runtime::executor::probe:194] [netprobe] dt=2000ms iters=9537 polls=6849 poll_us=13 waits=5505 wait_us=253 yields=0 | wait_kind notify=4050@190us deadline=1455@427us hist=2805/15/255/1945/485 | wake n=6842 avg=293us hist=0/2447/598/1401/2396 | owner_calls=6842 skipped=7 owner_us=66 max=4938us slow=601 | tx_submit=2862 tx_done=2835 rx_done=358 | ready 0/1/2-3/4+=6817/3/3/19 | irq=4429 | park xfer=380us handoff=266us n=970
[267.955973 0:4294967307 aic8800::device::probe:394] [wifi-probe] tx_writes=910 dt=2000ms period_avg=2227us max=139272us hist=0/67/388/235/220 | write n=910 avg=922us min=180us max=4046us bytes=4346368 calls=2.31 | size blk 1/2/3/4-6/7-9/10+ n=0/2/189/98/36/585 avg=0/294/499/580/1011/1113us | credit n=1803 min=2 max=75 avgx10=35 backoff=1465 avg=520us | gap rx0 n=770 avg=812us | rx1 n=0 avg=0us | rx2+ n=141 avg=3987us | supply core n=833 avg=1138us | ring n=61 avg=206us | none n=17 avg=13342us | scans=142 deferred=0 tx_ready=113 | steps=7140 per_tx_write=7.8 owner_calls=6842
[  5]  13.00-14.00  sec  1.75 MBytes  14.7 Mbits/sec    0   0.00 Bytes       
[267.956038 0:4294967307 aic8800::device::probe:465] [wifi-probe-rx] reads=490 data_reads=174 avg=175us min=98us max=702us bytes=103424 items=362 data_frames=362 data_confirmations=0 control_confirmations=0 control_indications=0 prints=0 | size <=512 n=146 avg=142us | <=2k n=28 avg=348us | <=8k n=0 avg=0us | >8k n=0 avg=0us | control n=316 avg=116us min=0us max=4966us | credit n=1803 avg=63us | other n=0 avg=0us | rdif_at_write 0/1/2-3/4+=241/73/52/544 | queue_at_arrival=78/115/344/2306
[  5]  14.00-15.00  sec  2.25 MBytes  18.9 Mbits/sec    0   0.00 Bytes       
[269.956127 0:4294967307 ax_net::queue_runtime::executor::probe:194] [netprobe] dt=2000ms iters=7596 polls=5530 poll_us=15 waits=4254 wait_us=333 yields=0 | wait_kind notify=3594@312us deadline=660@443us hist=2179/11/268/1219/577 | wake n=5520 avg=310us hist=0/1752/533/1426/1809 | owner_calls=5520 skipped=10 owner_us=80 max=2230us slow=772 | tx_submit=3453 tx_done=3449 rx_done=395 | ready 0/1/2-3/4+=5486/2/4/28 | irq=3763 | park xfer=613us handoff=271us n=1085
[269.956251 0:4294967307 aic8800::device::probe:394] [wifi-probe] tx_writes=1018 dt=2000ms period_avg=1944us max=88137us hist=0/49/410/302/257 | write n=1018 avg=979us min=313us max=4204us bytes=5287936 calls=2.32 | size blk 1/2/3/4-6/7-9/10+ n=0/0/132/93/41/752 avg=0/0/505/740/931/1095us | credit n=929 min=2 max=126 avgx10=56 backoff=663 avg=546us | gap rx0 n=868 avg=419us | rx1 n=0 avg=0us | rx2+ n=149 avg=4144us | supply core n=933 avg=569us | ring n=62 avg=139us | none n=22 avg=20052us | scans=152 deferred=0 tx_ready=128 | steps=5849 per_tx_write=5.7 owner_calls=5521
[  5]  15.00-16.00  sec  2.38 MBytes  19.9 Mbits/sec    0   0.00 Bytes       
[269.956312 0:4294967307 aic8800::device::probe:465] [wifi-probe-rx] reads=484 data_reads=166 avg=208us min=96us max=2064us bytes=108544 items=395 data_frames=395 data_confirmations=0 control_confirmations=0 control_indications=0 prints=0 | size <=512 n=128 avg=139us | <=2k n=38 avg=437us | <=8k n=0 avg=0us | >8k n=0 avg=0us | control n=318 avg=105us min=0us max=1213us | credit n=929 avg=72us | other n=0 avg=0us | rdif_at_write 0/1/2-3/4+=212/47/51/708 | queue_at_arrival=84/109/397/2882
[  5]  16.00-17.00  sec  2.38 MBytes  19.9 Mbits/sec    0   0.00 Bytes       
[271.956360 0:4294967307 ax_net::queue_runtime::executor::probe:194] [netprobe] dt=2000ms iters=7482 polls=5400 poll_us=16 waits=4252 wait_us=338 yields=0 | wait_kind notify=3613@320us deadline=639@441us hist=2165/11/278/1274/524 | wake n=5395 avg=309us hist=0/1700/485/1424/1786 | owner_calls=5395 skipped=5 owner_us=78 max=3316us slow=749 | tx_submit=3384 tx_done=3388 rx_done=345 | ready 0/1/2-3/4+=5362/5/2/26 | irq=3522 | park xfer=671us handoff=238us n=1061
[271.956491 0:4294967307 aic8800::device::probe:394] [wifi-probe] tx_writes=1014 dt=2000ms period_avg=1992us max=65515us hist=0/51/474/302/187 | write n=1014 avg=929us min=265us max=4440us bytes=5194240 calls=2.36 | size blk 1/2/3/4-6/7-9/10+ n=0/1/139/108/32/734 avg=0/802/470/592/1135/1057us | credit n=932 min=2 max=131 avgx10=56 backoff=643 avg=542us | gap rx0 n=909 avg=391us | rx1 n=0 avg=0us | rx2+ n=106 avg=6814us | supply core n=880 avg=601us | ring n=110 avg=223us | none n=25 avg=20987us | scans=106 deferred=0 tx_ready=78 | steps=5692 per_tx_write=5.6 owner_calls=5394
[  5]  17.00-18.00  sec  2.50 MBytes  21.0 Mbits/sec    0   0.00 Bytes       
[271.956556 0:4294967307 aic8800::device::probe:465] [wifi-probe-rx] reads=338 data_reads=116 avg=203us min=98us max=549us bytes=82944 items=345 data_frames=345 data_confirmations=0 control_confirmations=0 control_indications=0 prints=0 | size <=512 n=81 avg=134us | <=2k n=33 avg=358us | <=8k n=2 avg=423us | >8k n=0 avg=0us | control n=222 avg=106us min=0us max=1117us | credit n=932 avg=72us | other n=0 avg=0us | rdif_at_write 0/1/2-3/4+=226/45/33/710 | queue_at_arrival=135/185/611/2453
[  5]  18.00-19.00  sec  2.00 MBytes  16.8 Mbits/sec    0   0.00 Bytes       
[273.958023 0:4294967307 ax_net::queue_runtime::executor::probe:194] [netprobe] dt=2001ms iters=8025 polls=5789 poll_us=14 waits=4582 wait_us=314 yields=0 | wait_kind notify=3590@282us deadline=992@426us hist=2338/12/205/1495/532 | wake n=5780 avg=301us hist=0/1969/502/1286/2023 | owner_calls=5780 skipped=9 owner_us=72 max=3056us slow=683 | tx_submit=3014 tx_done=3041 rx_done=395 | ready 0/1/2-3/4+=5751/4/9/16 | irq=3824 | park xfer=629us handoff=272us n=962
[273.958211 0:4294967307 aic8800::device::probe:394] [wifi-probe] tx_writes=906 dt=2001ms period_avg=2208us max=146137us hist=0/33/403/246/224 | write n=906 avg=973us min=198us max=4906us bytes=4662272 calls=2.31 | size blk 1/2/3/4-6/7-9/10+ n=0/1/123/87/37/658 avg=0/198/519/695/943/1097us | credit n=1249 min=2 max=126 avgx10=44 backoff=994 avg=524us | gap rx0 n=766 avg=537us | rx1 n=0 avg=0us | rx2+ n=139 avg=5087us | supply core n=792 avg=871us | ring n=93 avg=196us | none n=20 avg=20536us | scans=143 deferred=0 tx_ready=107 | steps=6105 per_tx_write=6.7 owner_calls=5781
[  5]  19.00-20.00  sec  2.25 MBytes  18.8 Mbits/sec    0   0.00 Bytes       
[273.958275 0:4294967307 aic8800::device::probe:465] [wifi-probe-rx] reads=463 data_reads=160 avg=235us min=98us max=3074us bytes=104960 items=397 data_frames=397 data_confirmations=0 control_confirmations=0 control_indications=0 prints=0 | size <=512 n=127 avg=193us | <=2k n=31 avg=391us | <=8k n=2 avg=499us | >8k n=0 avg=0us | control n=303 avg=100us min=0us max=973us | credit n=1249 avg=66us | other n=0 avg=0us | rdif_at_write 0/1/2-3/4+=215/42/50/599 | queue_at_arrival=113/132/417/2352
[  5]  20.00-21.00  sec  2.75 MBytes  23.0 Mbits/sec    0   0.00 Bytes       
[275.958044 0:4294967307 ax_net::queue_runtime::executor::probe:194] [netprobe] dt=2000ms iters=7896 polls=5804 poll_us=17 waits=4333 wait_us=310 yields=0 | wait_kind notify=3898@293us deadline=435@463us hist=2225/13/289/1163/643 | wake n=5788 avg=318us hist=0/1727/583/1622/1856 | owner_calls=5788 skipped=16 owner_us=85 max=3003us slow=1002 | tx_submit=4210 tx_done=4179 rx_done=506 | ready 0/1/2-3/4+=5755/6/6/21 | irq=4024 | park xfer=473us handoff=298us n=1248
[275.958273 0:4294967307 aic8800::device::probe:394] [wifi-probe] tx_writes=1191 dt=2000ms period_avg=1682us max=56779us hist=0/36/533/353/269 | write n=1191 avg=1018us min=241us max=4188us bytes=6413312 calls=2.36 | size blk 1/2/3/4-6/7-9/10+ n=0/1/117/96/35/942 avg=0/422/514/738/942/1113us | credit n=706 min=2 max=131 avgx10=80 backoff=440 avg=565us | gap rx0 n=1028 avg=247us | rx1 n=0 avg=0us | rx2+ n=163 avg=3286us | supply core n=1128 avg=427us | ring n=50 avg=219us | none n=13 avg=22834us | scans=167 deferred=0 tx_ready=147 | steps=6198 per_tx_write=5.2 owner_calls=5788
[  5]  21.00-22.00  sec  3.25 MBytes  27.3 Mbits/sec    0   0.00 Bytes       
[275.958999 0:4294967307 aic8800::device::probe:465] [wifi-probe-rx] reads=569 data_reads=201 avg=205us min=97us max=2261us bytes=130560 items=506 data_frames=506 data_confirmations=0 control_confirmations=0 control_indications=0 prints=0 | size <=512 n=160 avg=136us | <=2k n=39 avg=474us | <=8k n=2 avg=441us | >8k n=0 avg=0us | control n=368 avg=109us min=0us max=1970us | credit n=706 avg=79us | other n=0 avg=0us | rdif_at_write 0/1/2-3/4+=199/56/66/870 | queue_at_arrival=63/86/279/3766
[  5]  22.00-23.00  sec  2.00 MBytes  16.8 Mbits/sec    0   0.00 Bytes       
[277.958076 0:4294967307 ax_net::queue_runtime::executor::probe:194] [netprobe] dt=2000ms iters=7267 polls=5279 poll_us=17 waits=4080 wait_us=342 yields=0 | wait_kind notify=3541@328us deadline=539@435us hist=2085/13/259/1172/551 | wake n=5266 avg=315us hist=0/1635/501/1342/1788 | owner_calls=5266 skipped=13 owner_us=86 max=3523us slow=895 | tx_submit=3731 tx_done=3735 rx_done=399 | ready 0/1/2-3/4+=5228/3/8/27 | irq=3529 | park xfer=655us handoff=262us n=1067
[277.958253 0:4294967307 aic8800::device::probe:394] [wifi-probe] tx_writes=1033 dt=2000ms period_avg=1935us max=149870us hist=0/31/438/344/220 | write n=1033 avg=1023us min=308us max=4711us bytes=5720064 calls=2.37 | size blk 1/2/3/4-6/7-9/10+ n=0/1/76/66/38/852 avg=0/639/530/750/882/1095us | credit n=736 min=2 max=128 avgx10=69 backoff=539 avg=533us | gap rx0 n=904 avg=379us | rx1 n=0 avg=0us | rx2+ n=130 avg=4607us | supply core n=958 avg=462us | ring n=61 avg=755us | none n=15 avg=30190us | scans=132 deferred=0 tx_ready=106 | steps=5574 per_tx_write=5.3 owner_calls=5265
[  5]  23.00-24.00  sec  3.00 MBytes  25.2 Mbits/sec    0   0.00 Bytes       
[277.958315 0:4294967307 aic8800::device::probe:465] [wifi-probe-rx] reads=440 data_reads=154 avg=216us min=98us max=1134us bytes=104448 items=403 data_frames=403 data_confirmations=0 control_confirmations=0 control_indications=0 prints=0 | size <=512 n=113 avg=136us | <=2k n=40 avg=437us | <=8k n=1 avg=415us | >8k n=0 avg=0us | control n=286 avg=114us min=0us max=2248us | credit n=736 avg=73us | other n=0 avg=0us | rdif_at_write 0/1/2-3/4+=165/34/48/786 | queue_at_arrival=76/80/297/3284
[  5]  24.00-25.00  sec  2.62 MBytes  22.0 Mbits/sec    0   0.00 Bytes       
[279.958308 0:4294967307 ax_net::queue_runtime::executor::probe:194] [netprobe] dt=2000ms iters=7655 polls=5513 poll_us=16 waits=4384 wait_us=319 yields=0 | wait_kind notify=3668@299us deadline=716@424us hist=2237/16/243/1319/569 | wake n=5505 avg=320us hist=0/1761/509/1263/1972 | owner_calls=5505 skipped=8 owner_us=82 max=3303us slow=877 | tx_submit=3628 tx_done=3624 rx_done=369 | ready 0/1/2-3/4+=5464/6/8/27 | irq=3611 | park xfer=601us handoff=271us n=1056
[279.958500 0:4294967307 aic8800::device::probe:394] [wifi-probe] tx_writes=1014 dt=2000ms period_avg=1971us max=52372us hist=0/24/428/342/220 | write n=1014 avg=1014us min=265us max=4103us bytes=5556224 calls=2.36 | size blk 1/2/3/4-6/7-9/10+ n=0/2/90/63/30/829 avg=0/464/535/655/961/1096us | credit n=914 min=2 max=131 avgx10=59 backoff=717 avg=522us | gap rx0 n=889 avg=453us | rx1 n=0 avg=0us | rx2+ n=124 avg=4574us | supply core n=897 avg=607us | ring n=96 avg=143us | none n=20 avg=20583us | scans=128 deferred=0 tx_ready=99 | steps=5806 per_tx_write=5.7 owner_calls=5506
[  5]  25.00-26.00  sec  2.38 MBytes  20.0 Mbits/sec    0   0.00 Bytes       
[279.958564 0:4294967307 aic8800::device::probe:465] [wifi-probe-rx] reads=404 data_reads=138 avg=223us min=98us max=1603us bytes=92160 items=369 data_frames=369 data_confirmations=0 control_confirmations=0 control_indications=0 prints=0 | size <=512 n=103 avg=171us | <=2k n=35 avg=377us | <=8k n=0 avg=0us | >8k n=0 avg=0us | control n=266 avg=102us min=0us max=1747us | credit n=914 avg=69us | other n=0 avg=0us | rdif_at_write 0/1/2-3/4+=176/35/40/763 | queue_at_arrival=116/135/441/2944
[  5]  26.00-27.00  sec  2.00 MBytes  16.8 Mbits/sec    0   0.00 Bytes       
[281.990202 0:4294967307 ax_net::queue_runtime::executor::probe:194] [netprobe] dt=2031ms iters=7568 polls=5534 poll_us=14 waits=4221 wait_us=354 yields=0 | wait_kind notify=3355@333us deadline=866@436us hist=2169/17/230/1294/511 | wake n=5528 avg=303us hist=0/1827/583/1336/1782 | owner_calls=5528 skipped=6 owner_us=72 max=2385us slow=597 | tx_submit=2708 tx_done=2739 rx_done=395 | ready 0/1/2-3/4+=5502/6/2/18 | irq=3826 | park xfer=738us handoff=301us n=947
[  5]  27.00-28.00  sec  1.88 MBytes  15.7 Mbits/sec    0   0.00 Bytes       
[281.990327 0:4294967307 aic8800::device::probe:394] [wifi-probe] tx_writes=869 dt=2031ms period_avg=2181us max=56562us hist=0/58/333/228/250 | write n=869 avg=969us min=275us max=4010us bytes=4199424 calls=2.29 | size blk 1/2/3/4-6/7-9/10+ n=0/2/165/102/32/568 avg=0/396/568/715/936/1134us | credit n=1193 min=2 max=73 avgx10=42 backoff=869 avg=538us | gap rx0 n=705 avg=600us | rx1 n=0 avg=0us | rx2+ n=164 avg=3846us | supply core n=789 avg=808us | ring n=62 avg=439us | none n=18 avg=21590us | scans=165 deferred=0 tx_ready=143 | steps=5848 per_tx_write=6.7 owner_calls=5527
[281.990391 0:4294967307 aic8800::device::probe:465] [wifi-probe-rx] reads=541 data_reads=188 avg=191us min=99us max=1498us bytes=113664 items=395 data_frames=395 data_confirmations=0 control_confirmations=0 control_indications=0 prints=0 | size <=512 n=156 avg=146us | <=2k n=32 avg=412us | <=8k n=0 avg=0us | >8k n=0 avg=0us | control n=353 avg=98us min=0us max=1392us | credit n=1193 avg=70us | other n=0 avg=0us | rdif_at_write 0/1/2-3/4+=238/51/55/525 | queue_at_arrival=80/84/242/2304
[  5]  28.00-29.00  sec  1.75 MBytes  14.7 Mbits/sec    0   0.00 Bytes       
[283.990460 0:4294967307 ax_net::queue_runtime::executor::probe:194] [netprobe] dt=2000ms iters=8207 polls=6019 poll_us=13 waits=4492 wait_us=321 yields=0 | wait_kind notify=3472@289us deadline=1020@431us hist=2295/18/241/1437/501 | wake n=6013 avg=286us hist=0/1997/722/1460/1834 | owner_calls=6013 skipped=6 owner_us=68 max=3042us slow=511 | tx_submit=2530 tx_done=2499 rx_done=366 | ready 0/1/2-3/4+=5988/6/8/11 | irq=4142 | park xfer=634us handoff=254us n=988
[  5]  29.00-30.00  sec  1.62 MBytes  13.6 Mbits/sec    0   0.00 Bytes       
[283.990587 0:4294967307 aic8800::device::probe:394] [wifi-probe] tx_writes=909 dt=2000ms period_avg=2350us max=143686us hist=0/103/353/222/231 | write n=909 avg=841us min=307us max=4188us bytes=3831296 calls=2.20 | size blk 1/2/3/4-6/7-9/10+ n=0/2/292/103/49/463 avg=0/402/497/700/947/1081us | credit n=1495 min=2 max=132 avgx10=36 backoff=1022 avg=530us | gap rx0 n=758 avg=682us | rx1 n=0 avg=0us | rx2+ n=151 avg=5652us | supply core n=758 avg=893us | ring n=122 avg=480us | none n=29 avg=21910us | scans=159 deferred=0 tx_ready=108 | steps=6334 per_tx_write=6.9 owner_calls=6014
[  5]  30.00-30.02  sec   128 KBytes  52.1 Mbits/sec    0   0.00 Bytes       
[283.990648 0:4294967307 aic8800::device::probe:465] [wifi-probe-rx] reads=501 data_reads=171 avg=185us min=96us max=686us bytes=106496 items=366 data_frames=366 data_confirmations=0 control_confirmations=0 control_indications=0 prints=0 | size <=512 n=141 avg=148us | <=2k n=29 avg=349us | <=8k n=1 avg=631us | >8k n=0 avg=0us | control n=330 avg=107us min=0us max=2425us | credit n=1495 avg=72us | other n=0 avg=0us | rdif_at_write 0/1/2-3/4+=302/99/50/458 | queue_at_arrival=151/182/500/1697
- - - - - - - - - - - - - - - - - - - - - - - - -
[284.052221 0:25769803803 starry_kernel::task::ops:539] Task(25769803803, "iperf3") exit with code: 0
[ ID] Interval           Transfer     Bitrate         Retr
[  5]   0.00-30.02  sec  67.4 MBytes  18.8 Mbits/sec    0            sender
-----------------------------------------------------------
Server listening on 5201 (test #5)
-----------------------------------------------------------
[295.466340 0:4294967307 ax_net::queue_runtime::executor::probe:194] [netprobe] dt=11475ms iters=467 polls=341 poll_us=17 waits=260 wait_us=43969 yields=0 | wait_kind notify=254@44998us deadline=6@407us hist=136/3/16/54/51 | wake n=341 avg=370us hist=0/94/50/82/115 | owner_calls=341 skipped=0 owner_us=100 max=1408us slow=68 | tx_submit=221 tx_done=252 rx_done=56 | ready 0/1/2-3/4+=337/1/1/2 | irq=254 | park xfer=135469us handoff=315us n=84
Accepted connection from 192.168.137.1, port 61400
[295.466460 0:4294967307 aic8800::device::probe:394] [wifi-probe] tx_writes=69 dt=11475ms period_avg=2960us max=93533us hist=0/4/17/30/18 | write n=69 avg=1074us min=155us max=3564us bytes=380416 calls=2.39 | size blk 1/2/3/4-6/7-9/10+ n=3/1/4/0/1/60 avg=162/426/431/0/586/1182us | credit n=12 min=2 max=87 avgx10=233 backoff=6 avg=638us | gap rx0 n=60 avg=236us | rx1 n=0 avg=0us | rx2+ n=9 avg=12882us | supply core n=65 avg=261us | ring n=0 avg=0us | none n=4 avg=28289us | scans=20 deferred=0 tx_ready=6 | steps=392 per_tx_write=5.6 owner_calls=340
[  5] local 192.168.137.107 port 5201 connected to 192.168.137.1 port 61401
[295.466520 0:4294967307 aic8800::device::probe:465] [wifi-probe-rx] reads=62 data_reads=21 avg=232us min=107us max=582us bytes=14848 items=58 data_frames=58 data_confirmations=0 control_confirmations=0 control_indications=0 prints=0 | size <=512 n=17 avg=176us | <=2k n=3 avg=467us | <=8k n=1 avg=475us | >8k n=0 avg=0us | control n=41 avg=101us min=0us max=383us | credit n=12 avg=142us | other n=0 avg=0us | rdif_at_write 0/1/2-3/4+=18/0/0/51 | queue_at_arrival=4/1/6/210
[295.529005 0:30064771099 starry_kernel::task::user:83] Enter user space: ip=0x601524d0, sp=0x428af0
[ ID] Interval           Transfer     Bitrate         Retr  Cwnd
[  5]   0.00-1.00   sec  1.62 MBytes  13.6 Mbits/sec    0   0.00 Bytes       
[297.466651 0:4294967307 ax_net::queue_runtime::executor::probe:194] [netprobe] dt=2000ms iters=6692 polls=4824 poll_us=15 waits=3828 wait_us=400 yields=0 | wait_kind notify=3019@392us deadline=809@426us hist=1947/10/206/1206/459 | wake n=4813 avg=310us hist=0/1648/390/1121/1654 | owner_calls=4813 skipped=11 owner_us=71 max=2778us slow=577 | tx_submit=2524 tx_done=2494 rx_done=323 | ready 0/1/2-3/4+=4794/3/7/9 | irq=3168 | park xfer=999us handoff=255us n=820
[297.466790 0:4294967307 aic8800::device::probe:394] [wifi-probe] tx_writes=753 dt=2000ms period_avg=17625us max=11276623us hist=0/48/304/221/180 | write n=753 avg=946us min=131us max=3938us bytes=3816960 calls=2.31 | size blk 1/2/3/4-6/7-9/10+ n=7/2/108/66/35/535 avg=159/517/568/631/1028/1068us | credit n=1034 min=2 max=127 avgx10=44 backoff=816 avg=525us | gap rx0 n=644 avg=608us | rx1 n=0 avg=0us | rx2+ n=109 avg=111627us | supply core n=576 avg=965us | ring n=146 avg=146us | none n=31 avg=386502us | scans=115 deferred=0 tx_ready=77 | steps=5093 per_tx_write=6.7 owner_calls=4814
[  5]   1.00-2.00   sec  1.88 MBytes  15.7 Mbits/sec    0   0.00 Bytes       
[297.466852 0:4294967307 aic8800::device::probe:465] [wifi-probe-rx] reads=381 data_reads=133 avg=202us min=96us max=1425us bytes=88576 items=326 data_frames=326 data_confirmations=0 control_confirmations=0 control_indications=0 prints=0 | size <=512 n=101 avg=155us | <=2k n=32 avg=350us | <=8k n=0 avg=0us | >8k n=0 avg=0us | control n=248 avg=102us min=0us max=1628us | credit n=1034 avg=70us | other n=0 avg=0us | rdif_at_write 0/1/2-3/4+=187/35/34/497 | queue_at_arrival=177/190/536/1621
[  5]   2.00-3.00   sec  1.75 MBytes  14.7 Mbits/sec    0   0.00 Bytes       
[299.466694 0:4294967307 ax_net::queue_runtime::executor::probe:194] [netprobe] dt=2000ms iters=8386 polls=6030 poll_us=13 waits=4801 wait_us=304 yields=0 | wait_kind notify=3630@265us deadline=1171@427us hist=2434/18/244/1607/498 | wake n=6028 avg=289us hist=0/2082/558/1372/2016 | owner_calls=6028 skipped=2 owner_us=66 max=1836us slow=535 | tx_submit=2532 tx_done=2550 rx_done=302 | ready 0/1/2-3/4+=6000/7/6/15 | irq=3897 | park xfer=645us handoff=222us n=935
[299.466816 0:4294967307 aic8800::device::probe:394] [wifi-probe] tx_writes=875 dt=2000ms period_avg=2286us max=60958us hist=0/87/378/215/195 | write n=875 avg=836us min=240us max=3838us bytes=3909632 calls=2.25 | size blk 1/2/3/4-6/7-9/10+ n=0/1/239/95/40/500 avg=0/402/464/626/767/1060us | credit n=1552 min=2 max=93 avgx10=36 backoff=1178 avg=526us | gap rx0 n=763 avg=749us | rx1 n=0 avg=0us | rx2+ n=112 avg=6218us | supply core n=736 avg=1040us | ring n=105 avg=151us | none n=34 avg=14324us | scans=115 deferred=0 tx_ready=73 | steps=6297 per_tx_write=7.1 owner_calls=6027
[  5]   3.00-4.00   sec  1.88 MBytes  15.7 Mbits/sec    0   0.00 Bytes       
[299.466876 0:4294967307 aic8800::device::probe:465] [wifi-probe-rx] reads=358 data_reads=122 avg=185us min=100us max=549us bytes=78848 items=303 data_frames=303 data_confirmations=0 control_confirmations=0 control_indications=0 prints=0 | size <=512 n=94 avg=146us | <=2k n=28 avg=317us | <=8k n=0 avg=0us | >8k n=0 avg=0us | control n=236 avg=93us min=0us max=675us | credit n=1552 avg=68us | other n=0 avg=0us | rdif_at_write 0/1/2-3/4+=267/95/42/471 | queue_at_arrival=139/176/588/1629
[  5]   4.00-5.00   sec  2.12 MBytes  17.9 Mbits/sec    0   0.00 Bytes       
[301.466699 0:4294967307 ax_net::queue_runtime::executor::probe:194] [netprobe] dt=2000ms iters=9526 polls=6888 poll_us=13 waits=5425 wait_us=251 yields=0 | wait_kind notify=4077@187us deadline=1348@444us hist=2777/13/244/1815/576 | wake n=6881 avg=295us hist=0/2402/628/1527/2324 | owner_calls=6881 skipped=7 owner_us=69 max=3649us slow=670 | tx_submit=3065 tx_done=3050 rx_done=393 | ready 0/1/2-3/4+=6837/7/13/24 | irq=4569 | park xfer=326us handoff=261us n=1056
[301.467214 0:4294967307 aic8800::device::probe:394] [wifi-probe] tx_writes=964 dt=2000ms period_avg=2074us max=125039us hist=0/60/418/243/243 | write n=964 avg=940us min=256us max=4644us bytes=4676096 calls=2.29 | size blk 1/2/3/4-6/7-9/10+ n=0/1/164/133/45/621 avg=0/393/523/695/958/1102us | credit n=1726 min=2 max=74 avgx10=37 backoff=1353 avg=543us | gap rx0 n=803 avg=462us | rx1 n=0 avg=0us | rx2+ n=162 avg=4458us | supply core n=894 avg=1019us | ring n=53 avg=625us | none n=18 avg=8255us | scans=164 deferred=0 tx_ready=140 | steps=7210 per_tx_write=7.4 owner_calls=6882
[  5]   5.00-6.01   sec  2.12 MBytes  17.7 Mbits/sec    0   0.00 Bytes       
[301.467324 0:4294967307 aic8800::device::probe:465] [wifi-probe-rx] reads=557 data_reads=196 avg=179us min=98us max=1130us bytes=114688 items=394 data_frames=394 data_confirmations=0 control_confirmations=0 control_indications=0 prints=0 | size <=512 n=169 avg=144us | <=2k n=27 avg=399us | <=8k n=0 avg=0us | >8k n=0 avg=0us | control n=361 avg=112us min=0us max=2745us | credit n=1726 avg=67us | other n=0 avg=0us | rdif_at_write 0/1/2-3/4+=237/75/91/561 | queue_at_arrival=71/83/293/2611
[  5]   6.01-7.00   sec  2.38 MBytes  20.1 Mbits/sec    0   0.00 Bytes       
[303.466755 0:4294967307 ax_net::queue_runtime::executor::probe:194] [netprobe] dt=2000ms iters=8618 polls=6191 poll_us=15 waits=4947 wait_us=282 yields=0 | wait_kind notify=3962@242us deadline=985@444us hist=2509/19/273/1624/522 | wake n=6189 avg=300us hist=0/2031/495/1624/2039 | owner_calls=6189 skipped=2 owner_us=72 max=3263us slow=717 | tx_submit=3250 tx_done=3246 rx_done=322 | ready 0/1/2-3/4+=6158/3/11/17 | irq=3975 | park xfer=485us handoff=221us n=1101
[303.467940 0:4294967307 aic8800::device::probe:394] [wifi-probe] tx_writes=1023 dt=2000ms period_avg=1955us max=122843us hist=0/72/488/284/179 | write n=1023 avg=889us min=228us max=4617us bytes=4982784 calls=2.33 | size blk 1/2/3/4-6/7-9/10+ n=0/3/169/141/44/666 avg=0/379/524/622/817/1046us | credit n=1346 min=2 max=105 avgx10=43 backoff=991 avg=544us | gap rx0 n=919 avg=347us | rx1 n=0 avg=0us | rx2+ n=104 avg=7409us | supply core n=893 avg=799us | ring n=104 avg=131us | none n=26 avg=13969us | scans=109 deferred=0 tx_ready=77 | steps=6474 per_tx_write=6.3 owner_calls=6190
[  5]   7.00-8.00   sec  2.00 MBytes  16.8 Mbits/sec    0   0.00 Bytes       
[303.468076 0:4294967307 aic8800::device::probe:465] [wifi-probe-rx] reads=353 data_reads=122 avg=199us min=98us max=884us bytes=83456 items=324 data_frames=324 data_confirmations=0 control_confirmations=0 control_indications=0 prints=0 | size <=512 n=85 avg=134us | <=2k n=37 avg=349us | <=8k n=0 avg=0us | >8k n=0 avg=0us | control n=231 avg=102us min=0us max=783us | credit n=1346 avg=71us | other n=0 avg=0us | rdif_at_write 0/1/2-3/4+=248/67/77/631 | queue_at_arrival=130/158/460/2486
[  5]   8.00-9.00   sec  2.12 MBytes  17.8 Mbits/sec    0   0.00 Bytes       
[305.466985 0:4294967307 ax_net::queue_runtime::executor::probe:194] [netprobe] dt=2000ms iters=9032 polls=6568 poll_us=13 waits=5057 wait_us=274 yields=0 | wait_kind notify=3873@222us deadline=1184@442us hist=2582/15/223/1699/538 | wake n=6562 avg=289us hist=0/2229/657/1592/2084 | owner_calls=6562 skipped=6 owner_us=70 max=3199us slow=584 | tx_submit=2847 tx_done=2859 rx_done=342 | ready 0/1/2-3/4+=6526/6/8/22 | irq=4377 | park xfer=452us handoff=232us n=1042
[305.468118 0:4294967307 aic8800::device::probe:394] [wifi-probe] tx_writes=966 dt=2000ms period_avg=2060us max=49178us hist=0/67/456/212/231 | write n=966 avg=866us min=276us max=4275us bytes=4377088 calls=2.26 | size blk 1/2/3/4-6/7-9/10+ n=0/2/198/181/47/538 avg=0/392/477/635/832/1091us | credit n=1643 min=2 max=63 avgx10=37 backoff=1194 avg=541us | gap rx0 n=823 avg=568us | rx1 n=0 avg=0us | rx2+ n=142 avg=4825us | supply core n=847 avg=969us | ring n=90 avg=225us | none n=28 avg=11107us | scans=146 deferred=0 tx_ready=105 | steps=6852 per_tx_write=7.0 owner_calls=6565
[  5]   9.00-10.00  sec  1.88 MBytes  15.7 Mbits/sec    0   0.00 Bytes       
[305.468229 0:4294967307 aic8800::device::probe:465] [wifi-probe-rx] reads=488 data_reads=171 avg=189us min=98us max=1609us bytes=101376 items=342 data_frames=342 data_confirmations=0 control_confirmations=0 control_indications=0 prints=0 | size <=512 n=146 avg=159us | <=2k n=25 avg=363us | <=8k n=0 avg=0us | >8k n=0 avg=0us | control n=317 avg=108us min=0us max=3228us | credit n=1643 avg=69us | other n=0 avg=0us | rdif_at_write 0/1/2-3/4+=285/75/84/522 | queue_at_arrival=118/139/430/2183
[  5]  10.00-11.00  sec  2.12 MBytes  17.8 Mbits/sec    0   0.00 Bytes       
[307.466992 0:4294967307 ax_net::queue_runtime::executor::probe:194] [netprobe] dt=2000ms iters=8861 polls=6461 poll_us=14 waits=4958 wait_us=282 yields=0 | wait_kind notify=3814@234us deadline=1144@441us hist=2541/15/239/1628/535 | wake n=6453 avg=289us hist=0/2188/634/1574/2057 | owner_calls=6453 skipped=8 owner_us=69 max=2846us slow=600 | tx_submit=2897 tx_done=2885 rx_done=391 | ready 0/1/2-3/4+=6432/4/6/11 | irq=4396 | park xfer=468us handoff=248us n=1045
[307.468163 0:4294967307 aic8800::device::probe:394] [wifi-probe] tx_writes=948 dt=2000ms period_avg=2120us max=41867us hist=0/73/419/230/226 | write n=948 avg=895us min=245us max=4124us bytes=4429312 calls=2.25 | size blk 1/2/3/4-6/7-9/10+ n=0/0/175/162/54/557 avg=0/0/507/634/1022/1080us | credit n=1557 min=2 max=78 avgx10=38 backoff=1146 avg=543us | gap rx0 n=781 avg=480us | rx1 n=0 avg=0us | rx2+ n=168 avg=4681us | supply core n=860 avg=954us | ring n=62 avg=165us | none n=27 avg=12249us | scans=173 deferred=0 tx_ready=133 | steps=6792 per_tx_write=7.1 owner_calls=6452
[  5]  11.00-12.00  sec  1.75 MBytes  14.7 Mbits/sec    0   0.00 Bytes       
[307.468274 0:4294967307 aic8800::device::probe:465] [wifi-probe-rx] reads=571 data_reads=199 avg=186us min=98us max=1271us bytes=117248 items=391 data_frames=391 data_confirmations=0 control_confirmations=0 control_indications=0 prints=0 | size <=512 n=173 avg=153us | <=2k n=26 avg=401us | <=8k n=0 avg=0us | >8k n=0 avg=0us | control n=372 avg=95us min=0us max=1623us | credit n=1557 avg=69us | other n=0 avg=0us | rdif_at_write 0/1/2-3/4+=284/60/84/520 | queue_at_arrival=89/105/363/2320
[  5]  12.00-13.00  sec  1.62 MBytes  13.6 Mbits/sec    0   0.00 Bytes       
[309.469403 0:4294967307 ax_net::queue_runtime::executor::probe:194] [netprobe] dt=2002ms iters=7073 polls=5097 poll_us=14 waits=4017 wait_us=381 yields=0 | wait_kind notify=3078@365us deadline=939@435us hist=2037/16/206/1320/438 | wake n=5090 avg=289us hist=0/1735/490/1195/1670 | owner_calls=5090 skipped=7 owner_us=68 max=2102us slow=495 | tx_submit=2260 tx_done=2291 rx_done=278 | ready 0/1/2-3/4+=5070/3/6/11 | irq=3307 | park xfer=992us handoff=217us n=825
[309.469526 0:4294967307 aic8800::device::probe:394] [wifi-probe] tx_writes=766 dt=2001ms period_avg=2449us max=76060us hist=0/62/323/202/179 | write n=766 avg=848us min=260us max=3636us bytes=3506176 calls=2.26 | size blk 1/2/3/4-6/7-9/10+ n=0/1/179/101/35/450 avg=0/351/454/559/867/1068us | credit n=1280 min=2 max=93 avgx10=37 backoff=946 avg=533us | gap rx0 n=672 avg=788us | rx1 n=0 avg=0us | rx2+ n=93 avg=7485us | supply core n=648 avg=991us | ring n=97 avg=153us | none n=20 avg=28460us | scans=94 deferred=0 tx_ready=66 | steps=5332 per_tx_write=6.9 owner_calls=5086
[  5]  13.00-14.00  sec  1.75 MBytes  14.7 Mbits/sec    0   0.00 Bytes       
[309.469589 0:4294967307 aic8800::device::probe:465] [wifi-probe-rx] reads=298 data_reads=102 avg=219us min=99us max=2138us bytes=70656 items=278 data_frames=278 data_confirmations=0 control_confirmations=0 control_indications=0 prints=0 | size <=512 n=75 avg=171us | <=2k n=26 avg=351us | <=8k n=1 avg=419us | >8k n=0 avg=0us | control n=196 avg=107us min=0us max=1628us | credit n=1280 avg=69us | other n=0 avg=0us | rdif_at_write 0/1/2-3/4+=241/44/44/437 | queue_at_arrival=117/144/507/1512
[  5]  14.00-15.00  sec  1.88 MBytes  15.7 Mbits/sec    0   0.00 Bytes       
[311.471324 0:4294967307 ax_net::queue_runtime::executor::probe:194] [netprobe] dt=2000ms iters=9189 polls=6666 poll_us=13 waits=5157 wait_us=270 yields=0 | wait_kind notify=3910@218us deadline=1247@433us hist=2619/13/268/1755/502 | wake n=6660 avg=287us hist=0/2289/634/1571/2166 | owner_calls=6660 skipped=6 owner_us=67 max=2797us slow=595 | tx_submit=2861 tx_done=2856 rx_done=366 | ready 0/1/2-3/4+=6636/4/5/15 | irq=4394 | park xfer=446us handoff=239us n=1040
[311.471454 0:4294967307 aic8800::device::probe:394] [wifi-probe] tx_writes=986 dt=2001ms period_avg=2155us max=134797us hist=0/85/408/266/227 | write n=986 avg=849us min=280us max=3845us bytes=4378624 calls=2.24 | size blk 1/2/3/4-6/7-9/10+ n=0/1/252/142/45/546 avg=0/280/482/638/972/1063us | credit n=1718 min=2 max=94 avgx10=36 backoff=1255 avg=529us | gap rx0 n=858 avg=767us | rx1 n=0 avg=0us | rx2+ n=129 avg=4887us | supply core n=926 avg=928us | ring n=41 avg=181us | none n=20 avg=21103us | scans=133 deferred=0 tx_ready=102 | steps=6970 per_tx_write=7.0 owner_calls=6660
[  5]  15.00-16.00  sec  2.00 MBytes  16.8 Mbits/sec    0   0.00 Bytes       
[311.471519 0:4294967307 aic8800::device::probe:465] [wifi-probe-rx] reads=425 data_reads=146 avg=194us min=99us max=915us bytes=96768 items=366 data_frames=366 data_confirmations=0 control_confirmations=0 control_indications=0 prints=0 | size <=512 n=112 avg=136us | <=2k n=33 avg=385us | <=8k n=1 avg=470us | >8k n=0 avg=0us | control n=279 avg=104us min=0us max=1928us | credit n=1718 avg=66us | other n=0 avg=0us | rdif_at_write 0/1/2-3/4+=315/75/58/538 | queue_at_arrival=63/105/374/2319
[  5]  16.00-17.00  sec  2.62 MBytes  22.0 Mbits/sec    0   0.00 Bytes       
[313.470330 0:4294967307 ax_net::queue_runtime::executor::probe:194] [netprobe] dt=2000ms iters=8794 polls=6385 poll_us=15 waits=4969 wait_us=268 yields=0 | wait_kind notify=3983@227us deadline=986@433us hist=2550/11/244/1629/535 | wake n=6377 avg=302us hist=0/2093/595/1543/2146 | owner_calls=6377 skipped=8 owner_us=78 max=5543us slow=813 | tx_submit=3546 tx_done=3520 rx_done=422 | ready 0/1/2-3/4+=6323/9/6/39 | irq=4266 | park xfer=421us handoff=264us n=1090
[313.471820 0:4294967307 aic8800::device::probe:394] [wifi-probe] tx_writes=1042 dt=2000ms period_avg=1921us max=109325us hist=0/40/447/305/250 | write n=1042 avg=987us min=286us max=6220us bytes=5402624 calls=2.34 | size blk 1/2/3/4-6/7-9/10+ n=0/0/125/110/49/758 avg=0/0/509/620/845/1129us | credit n=1297 min=2 max=106 avgx10=47 backoff=993 avg=531us | gap rx0 n=886 avg=441us | rx1 n=0 avg=0us | rx2+ n=156 avg=3721us | supply core n=988 avg=746us | ring n=39 avg=278us | none n=15 avg=14911us | scans=160 deferred=0 tx_ready=132 | steps=6719 per_tx_write=6.4 owner_calls=6380
[  5]  17.00-18.00  sec  2.25 MBytes  18.9 Mbits/sec    0   0.00 Bytes       
[313.471961 0:4294967307 aic8800::device::probe:465] [wifi-probe-rx] reads=538 data_reads=189 avg=186us min=96us max=1082us bytes=117248 items=424 data_frames=424 data_confirmations=0 control_confirmations=0 control_indications=0 prints=0 | size <=512 n=156 avg=146us | <=2k n=32 avg=376us | <=8k n=1 avg=417us | >8k n=0 avg=0us | control n=349 avg=114us min=0us max=2429us | credit n=1297 avg=68us | other n=0 avg=0us | rdif_at_write 0/1/2-3/4+=202/58/82/700 | queue_at_arrival=54/64/256/3155
[  5]  18.00-19.00  sec  2.88 MBytes  24.1 Mbits/sec    0   0.00 Bytes       
[315.470674 0:4294967307 ax_net::queue_runtime::executor::probe:194] [netprobe] dt=2000ms iters=8376 polls=6136 poll_us=16 waits=4635 wait_us=288 yields=0 | wait_kind notify=3963@260us deadline=672@450us hist=2376/18/303/1363/575 | wake n=6126 avg=304us hist=0/1879/590/1693/1964 | owner_calls=6126 skipped=10 owner_us=82 max=4741us slow=869 | tx_submit=3788 tx_done=3792 rx_done=419 | ready 0/1/2-3/4+=6079/9/10/28 | irq=4193 | park xfer=445us handoff=256us n=1216
[315.473874 0:4294967307 aic8800::device::probe:394] [wifi-probe] tx_writes=1138 dt=2002ms period_avg=1757us max=43284us hist=0/50/509/327/252 | write n=1138 avg=964us min=279us max=5370us bytes=5813760 calls=2.34 | size blk 1/2/3/4-6/7-9/10+ n=0/1/150/128/51/808 avg=0/279/507/677/994/1094us | credit n=1025 min=2 max=109 avgx10=57 backoff=678 avg=550us | gap rx0 n=978 avg=367us | rx1 n=0 avg=0us | rx2+ n=160 avg=3394us | supply core n=1067 avg=549us | ring n=54 avg=328us | none n=17 avg=17577us | scans=162 deferred=0 tx_ready=137 | steps=6475 per_tx_write=5.6 owner_calls=6129
[  5]  19.00-20.00  sec  2.38 MBytes  19.9 Mbits/sec    0   0.00 Bytes       
[315.473990 0:4294967307 aic8800::device::probe:465] [wifi-probe-rx] reads=544 data_reads=191 avg=192us min=99us max=2305us bytes=116736 items=420 data_frames=420 data_confirmations=0 control_confirmations=0 control_indications=0 prints=0 | size <=512 n=155 avg=153us | <=2k n=36 avg=359us | <=8k n=0 avg=0us | >8k n=0 avg=0us | control n=353 avg=100us min=0us max=1799us | credit n=1025 avg=79us | other n=0 avg=0us | rdif_at_write 0/1/2-3/4+=237/61/62/778 | queue_at_arrival=71/118/391/3219
[  5]  20.00-21.00  sec  2.38 MBytes  19.9 Mbits/sec    0   0.00 Bytes       
[317.470687 0:4294967307 ax_net::queue_runtime::executor::probe:194] [netprobe] dt=2000ms iters=8544 polls=6244 poll_us=15 waits=4767 wait_us=286 yields=0 | wait_kind notify=3866@247us deadline=901@455us hist=2444/13/285/1448/577 | wake n=6233 avg=298us hist=0/2026/646/1573/1988 | owner_calls=6233 skipped=11 owner_us=76 max=2961us slow=749 | tx_submit=3350 tx_done=3346 rx_done=451 | ready 0/1/2-3/4+=6200/1/6/26 | irq=4294 | park xfer=453us handoff=272us n=1121
[317.473976 0:4294967307 aic8800::device::probe:394] [wifi-probe] tx_writes=1028 dt=2000ms period_avg=1947us max=100884us hist=0/58/442/278/250 | write n=1028 avg=963us min=248us max=4030us bytes=5133312 calls=2.33 | size blk 1/2/3/4-6/7-9/10+ n=0/2/161/120/35/710 avg=0/597/518/646/997/1117us | credit n=1236 min=2 max=100 avgx10=46 backoff=905 avg=558us | gap rx0 n=851 avg=372us | rx1 n=0 avg=0us | rx2+ n=177 avg=3924us | supply core n=868 avg=808us | ring n=143 avg=207us | none n=17 avg=16480us | scans=185 deferred=0 tx_ready=137 | steps=6611 per_tx_write=6.4 owner_calls=6243
[  5]  21.00-22.00  sec  2.38 MBytes  19.9 Mbits/sec    0   0.00 Bytes       
[317.474090 0:4294967307 aic8800::device::probe:465] [wifi-probe-rx] reads=611 data_reads=213 avg=202us min=98us max=1618us bytes=129536 items=450 data_frames=450 data_confirmations=0 control_confirmations=0 control_indications=0 prints=0 | size <=512 n=180 avg=154us | <=2k n=33 avg=465us | <=8k n=0 avg=0us | >8k n=0 avg=0us | control n=398 avg=95us min=0us max=1019us | credit n=1236 avg=72us | other n=0 avg=0us | rdif_at_write 0/1/2-3/4+=235/76/71/646 | queue_at_arrival=160/162/415/2623
[  5]  22.00-23.00  sec  2.25 MBytes  18.9 Mbits/sec    0   0.00 Bytes       
[318.592635 0:4294967308 ax_net::device::ethernet:338] wlan0: requesting ARP for 192.168.137.1
[318.638820 0:4294967308 ax_net::device::ethernet:761] wlan0: Pending packets buffer is full, dropping packet
[318.650705 0:4294967308 ax_net::device::ethernet:479] wlan0: sending pending IPv4 packet to 192.168.137.1 via 66-d6-9a-fb-71-56
[318.650769 0:4294967308 ax_net::device::ethernet:479] wlan0: sending pending IPv4 packet to 192.168.137.1 via 66-d6-9a-fb-71-56
[318.650828 0:4294967308 ax_net::device::ethernet:479] wlan0: sending pending IPv4 packet to 192.168.137.1 via 66-d6-9a-fb-71-56
[318.650890 0:4294967308 ax_net::device::ethernet:479] wlan0: sending pending IPv4 packet to 192.168.137.1 via 66-d6-9a-fb-71-56
[318.650948 0:4294967308 ax_net::device::ethernet:479] wlan0: sending pending IPv4 packet to 192.168.137.1 via 66-d6-9a-fb-71-56
[318.651009 0:4294967308 ax_net::device::ethernet:479] wlan0: sending pending IPv4 packet to 192.168.137.1 via 66-d6-9a-fb-71-56
[318.651067 0:4294967308 ax_net::device::ethernet:479] wlan0: sending pending IPv4 packet to 192.168.137.1 via 66-d6-9a-fb-71-56
[318.651126 0:4294967308 ax_net::device::ethernet:479] wlan0: sending pending IPv4 packet to 192.168.137.1 via 66-d6-9a-fb-71-56
[318.651183 0:4294967308 ax_net::device::ethernet:479] wlan0: sending pending IPv4 packet to 192.168.137.1 via 66-d6-9a-fb-71-56
[318.651242 0:4294967308 ax_net::device::ethernet:479] wlan0: sending pending IPv4 packet to 192.168.137.1 via 66-d6-9a-fb-71-56
[318.651300 0:4294967308 ax_net::device::ethernet:479] wlan0: sending pending IPv4 packet to 192.168.137.1 via 66-d6-9a-fb-71-56
[318.651359 0:4294967308 ax_net::device::ethernet:479] wlan0: sending pending IPv4 packet to 192.168.137.1 via 66-d6-9a-fb-71-56
[318.651416 0:4294967308 ax_net::device::ethernet:479] wlan0: sending pending IPv4 packet to 192.168.137.1 via 66-d6-9a-fb-71-56
[318.651475 0:4294967308 ax_net::device::ethernet:479] wlan0: sending pending IPv4 packet to 192.168.137.1 via 66-d6-9a-fb-71-56
[318.651535 0:4294967308 ax_net::device::ethernet:479] wlan0: sending pending IPv4 packet to 192.168.137.1 via 66-d6-9a-fb-71-56
[318.651596 0:4294967308 ax_net::device::ethernet:479] wlan0: sending pending IPv4 packet to 192.168.137.1 via 66-d6-9a-fb-71-56
[318.651654 0:4294967308 ax_net::device::ethernet:479] wlan0: sending pending IPv4 packet to 192.168.137.1 via 66-d6-9a-fb-71-56
[318.651714 0:4294967308 ax_net::device::ethernet:479] wlan0: sending pending IPv4 packet to 192.168.137.1 via 66-d6-9a-fb-71-56
[318.651771 0:4294967308 ax_net::device::ethernet:479] wlan0: sending pending IPv4 packet to 192.168.137.1 via 66-d6-9a-fb-71-56
[318.651830 0:4294967308 ax_net::device::ethernet:479] wlan0: sending pending IPv4 packet to 192.168.137.1 via 66-d6-9a-fb-71-56
[318.651888 0:4294967308 ax_net::device::ethernet:479] wlan0: sending pending IPv4 packet to 192.168.137.1 via 66-d6-9a-fb-71-56
[318.651948 0:4294967308 ax_net::device::ethernet:479] wlan0: sending pending IPv4 packet to 192.168.137.1 via 66-d6-9a-fb-71-56
[318.652006 0:4294967308 ax_net::device::ethernet:479] wlan0: sending pending IPv4 packet to 192.168.137.1 via 66-d6-9a-fb-71-56
[318.652066 0:4294967308 ax_net::device::ethernet:479] wlan0: sending pending IPv4 packet to 192.168.137.1 via 66-d6-9a-fb-71-56
[318.652125 0:4294967308 ax_net::device::ethernet:479] wlan0: sending pending IPv4 packet to 192.168.137.1 via 66-d6-9a-fb-71-56
[318.652184 0:4294967308 ax_net::device::ethernet:479] wlan0: sending pending IPv4 packet to 192.168.137.1 via 66-d6-9a-fb-71-56
[318.652244 0:4294967308 ax_net::device::ethernet:479] wlan0: sending pending IPv4 packet to 192.168.137.1 via 66-d6-9a-fb-71-56
[318.652305 0:4294967308 ax_net::device::ethernet:479] wlan0: sending pending IPv4 packet to 192.168.137.1 via 66-d6-9a-fb-71-56
[318.652363 0:4294967308 ax_net::device::ethernet:479] wlan0: sending pending IPv4 packet to 192.168.137.1 via 66-d6-9a-fb-71-56
[318.652421 0:4294967308 ax_net::device::ethernet:479] wlan0: sending pending IPv4 packet to 192.168.137.1 via 66-d6-9a-fb-71-56
[318.652479 0:4294967308 ax_net::device::ethernet:479] wlan0: sending pending IPv4 packet to 192.168.137.1 via 66-d6-9a-fb-71-56
[318.652538 0:4294967308 ax_net::device::ethernet:479] wlan0: sending pending IPv4 packet to 192.168.137.1 via 66-d6-9a-fb-71-56
[318.652595 0:4294967308 ax_net::device::ethernet:479] wlan0: sending pending IPv4 packet to 192.168.137.1 via 66-d6-9a-fb-71-56
[318.652653 0:4294967308 ax_net::device::ethernet:479] wlan0: sending pending IPv4 packet to 192.168.137.1 via 66-d6-9a-fb-71-56
[318.652696 0:4294967308 ax_net::device::ethernet:479] wlan0: sending pending IPv4 packet to 192.168.137.1 via 66-d6-9a-fb-71-56
[318.652741 0:4294967308 ax_net::device::ethernet:479] wlan0: sending pending IPv4 packet to 192.168.137.1 via 66-d6-9a-fb-71-56
[318.652784 0:4294967308 ax_net::device::ethernet:479] wlan0: sending pending IPv4 packet to 192.168.137.1 via 66-d6-9a-fb-71-56
[318.652828 0:4294967308 ax_net::device::ethernet:479] wlan0: sending pending IPv4 packet to 192.168.137.1 via 66-d6-9a-fb-71-56
[318.652871 0:4294967308 ax_net::device::ethernet:479] wlan0: sending pending IPv4 packet to 192.168.137.1 via 66-d6-9a-fb-71-56
[318.652915 0:4294967308 ax_net::device::ethernet:479] wlan0: sending pending IPv4 packet to 192.168.137.1 via 66-d6-9a-fb-71-56
[318.652956 0:4294967308 ax_net::device::ethernet:479] wlan0: sending pending IPv4 packet to 192.168.137.1 via 66-d6-9a-fb-71-56
[318.652999 0:4294967308 ax_net::device::ethernet:479] wlan0: sending pending IPv4 packet to 192.168.137.1 via 66-d6-9a-fb-71-56
[318.653040 0:4294967308 ax_net::device::ethernet:479] wlan0: sending pending IPv4 packet to 192.168.137.1 via 66-d6-9a-fb-71-56
[318.653083 0:4294967308 ax_net::device::ethernet:479] wlan0: sending pending IPv4 packet to 192.168.137.1 via 66-d6-9a-fb-71-56
[318.653124 0:4294967308 ax_net::device::ethernet:479] wlan0: sending pending IPv4 packet to 192.168.137.1 via 66-d6-9a-fb-71-56
[318.653167 0:4294967308 ax_net::device::ethernet:479] wlan0: sending pending IPv4 packet to 192.168.137.1 via 66-d6-9a-fb-71-56
[318.653216 0:4294967308 ax_net::device::ethernet:479] wlan0: sending pending IPv4 packet to 192.168.137.1 via 66-d6-9a-fb-71-56
[318.653260 0:4294967308 ax_net::device::ethernet:479] wlan0: sending pending IPv4 packet to 192.168.137.1 via 66-d6-9a-fb-71-56
[318.653302 0:4294967308 ax_net::device::ethernet:479] wlan0: sending pending IPv4 packet to 192.168.137.1 via 66-d6-9a-fb-71-56
[318.653344 0:4294967308 ax_net::device::ethernet:479] wlan0: sending pending IPv4 packet to 192.168.137.1 via 66-d6-9a-fb-71-56
[318.653386 0:4294967308 ax_net::device::ethernet:479] wlan0: sending pending IPv4 packet to 192.168.137.1 via 66-d6-9a-fb-71-56
[318.653429 0:4294967308 ax_net::device::ethernet:479] wlan0: sending pending IPv4 packet to 192.168.137.1 via 66-d6-9a-fb-71-56
[  5]  23.00-24.00  sec  1.50 MBytes  12.6 Mbits/sec    0   0.00 Bytes       
[318.653470 0:4294967308 ax_net::device::ethernet:479] wlan0: sending pending IPv4 packet to 192.168.137.1 via 66-d6-9a-fb-71-56
[318.653516 0:4294967308 ax_net::device::ethernet:479] wlan0: sending pending IPv4 packet to 192.168.137.1 via 66-d6-9a-fb-71-56
[318.653558 0:4294967308 ax_net::device::ethernet:479] wlan0: sending pending IPv4 packet to 192.168.137.1 via 66-d6-9a-fb-71-56
[318.653599 0:4294967308 ax_net::device::ethernet:479] wlan0: sending pending IPv4 packet to 192.168.137.1 via 66-d6-9a-fb-71-56
[318.653641 0:4294967308 ax_net::device::ethernet:479] wlan0: sending pending IPv4 packet to 192.168.137.1 via 66-d6-9a-fb-71-56
[318.653685 0:4294967308 ax_net::device::ethernet:479] wlan0: sending pending IPv4 packet to 192.168.137.1 via 66-d6-9a-fb-71-56
[318.653726 0:4294967308 ax_net::device::ethernet:479] wlan0: sending pending IPv4 packet to 192.168.137.1 via 66-d6-9a-fb-71-56
[318.653771 0:4294967308 ax_net::device::ethernet:479] wlan0: sending pending IPv4 packet to 192.168.137.1 via 66-d6-9a-fb-71-56
[318.653814 0:4294967308 ax_net::device::ethernet:479] wlan0: sending pending IPv4 packet to 192.168.137.1 via 66-d6-9a-fb-71-56
[318.653860 0:4294967308 ax_net::device::ethernet:479] wlan0: sending pending IPv4 packet to 192.168.137.1 via 66-d6-9a-fb-71-56
[318.653903 0:4294967308 ax_net::device::ethernet:479] wlan0: sending pending IPv4 packet to 192.168.137.1 via 66-d6-9a-fb-71-56
[318.653945 0:4294967308 ax_net::device::ethernet:479] wlan0: sending pending IPv4 packet to 192.168.137.1 via 66-d6-9a-fb-71-56
[319.470694 0:4294967307 ax_net::queue_runtime::executor::probe:194] [netprobe] dt=2000ms iters=8042 polls=5942 poll_us=12 waits=4351 wait_us=316 yields=0 | wait_kind notify=3545@283us deadline=806@462us hist=2242/12/159/1115/823 | wake n=5927 avg=332us hist=0/1949/636/1190/2152 | owner_calls=5927 skipped=4 owner_us=82 max=2938us slow=811 | tx_submit=3429 tx_done=3433 rx_done=1086 | ready 0/1/2-3/4+=5900/3/7/17 | irq=4240 | park xfer=432us handoff=360us n=1124
[319.474092 0:4294967307 aic8800::device::probe:394] [wifi-probe] tx_writes=997 dt=2000ms period_avg=2003us max=45657us hist=0/31/268/425/273 | write n=997 avg=1082us min=127us max=6224us bytes=5259264 calls=2.21 | size blk 1/2/3/4-6/7-9/10+ n=1/1/106/98/37/754 avg=127/410/638/764/1085/1187us | credit n=1083 min=2 max=130 avgx10=51 backoff=810 avg=568us | gap rx0 n=809 avg=358us | rx1 n=0 avg=0us | rx2+ n=188 avg=3353us | supply core n=963 avg=740us | ring n=23 avg=240us | none n=11 avg=18362us | scans=197 deferred=0 tx_ready=169 | steps=6895 per_tx_write=6.9 owner_calls=5918
[319.474205 0:4294967307 aic8800::device::probe:465] [wifi-probe-rx] reads=709 data_reads=256 avg=312us min=97us max=2500us bytes=247808 items=1114 data_frames=1114 data_confirmations=0 control_confirmations=0 control_indications=0 prints=0 | size <=512 n=193 avg=162us | <=2k n=44 avg=653us | <=8k n=17 avg=1036us | >8k n=2 avg=1096us | control n=453 avg=107us min=0us max=2306us | credit n=1083 avg=69us | other n=0 avg=0us | rdif_at_write 0/1/2-3/4+=184/59/76/678 | queue_at_arrival=34/60/210/3129
[  5]  24.00-25.00  sec  1.25 MBytes  10.5 Mbits/sec    0   0.00 Bytes       
[321.470927 0:4294967307 ax_net::queue_runtime::executor::probe:194] [netprobe] dt=2000ms iters=8173 polls=6082 poll_us=7 waits=4329 wait_us=325 yields=0 | wait_kind notify=3340@262us deadline=989@540us hist=2226/3/19/781/1300 | wake n=6057 avg=357us hist=0/2079/630/784/2564 | owner_calls=6057 skipped=1 owner_us=80 max=2513us slow=750 | tx_submit=3228 tx_done=3224 rx_done=1850 | ready 0/1/2-3/4+=6042/1/6/8 | irq=4325 | park xfer=353us handoff=406us n=1098
[321.474585 0:4294967307 aic8800::device::probe:394] [wifi-probe] tx_writes=962 dt=2000ms period_avg=2042us max=42919us hist=0/6/102/592/262 | write n=962 avg=1107us min=314us max=3081us bytes=4936704 calls=2.6 | size blk 1/2/3/4-6/7-9/10+ n=0/0/104/116/84/658 avg=0/0/800/1013/1092/1174us | credit n=1352 min=2 max=57 avgx10=43 backoff=1003 avg=658us | gap rx0 n=786 avg=420us | rx1 n=0 avg=0us | rx2+ n=175 avg=3242us | supply core n=961 avg=934us | ring n=0 avg=0us | none n=0 avg=0us | scans=176 deferred=0 tx_ready=176 | steps=7686 per_tx_write=7.9 owner_calls=6061
[  5]  25.00-26.00  sec  1.12 MBytes  9.46 Mbits/sec    0   0.00 Bytes       
[321.474690 0:4294967307 aic8800::device::probe:465] [wifi-probe-rx] reads=640 data_reads=232 avg=384us min=95us max=1798us bytes=350208 items=1822 data_frames=1822 data_confirmations=0 control_confirmations=0 control_indications=0 prints=0 | size <=512 n=157 avg=149us | <=2k n=31 avg=805us | <=8k n=40 avg=899us | >8k n=4 avg=1195us | control n=408 avg=106us min=0us max=1431us | credit n=1352 avg=73us | other n=0 avg=0us | rdif_at_write 0/1/2-3/4+=155/68/138/601 | queue_at_arrival=0/0/0/3220
[  5]  26.00-27.00  sec  1.00 MBytes  8.40 Mbits/sec    0   0.00 Bytes       
[323.471155 0:4294967307 ax_net::queue_runtime::executor::probe:194] [netprobe] dt=2000ms iters=8518 polls=6288 poll_us=7 waits=4540 wait_us=312 yields=0 | wait_kind notify=3435@244us deadline=1105@524us hist=2307/5/13/937/1278 | wake n=6262 avg=347us hist=0/2187/520/868/2687 | owner_calls=6262 skipped=4 owner_us=75 max=1849us slow=738 | tx_submit=3100 tx_done=3106 rx_done=1740 | ready 0/1/2-3/4+=6253/2/1/6 | irq=4337 | park xfer=337us handoff=381us n=1116
[323.474818 0:4294967307 aic8800::device::probe:394] [wifi-probe] tx_writes=995 dt=2000ms period_avg=2048us max=46879us hist=0/8/155/593/239 | write n=995 avg=1036us min=317us max=2816us bytes=4769792 calls=2.4 | size blk 1/2/3/4-6/7-9/10+ n=0/0/183/121/78/613 avg=0/0/783/940/1018/1133us | credit n=1529 min=2 max=49 avgx10=40 backoff=1109 avg=652us | gap rx0 n=854 avg=641us | rx1 n=0 avg=0us | rx2+ n=142 avg=3229us | supply core n=996 avg=1010us | ring n=0 avg=0us | none n=0 avg=0us | scans=142 deferred=0 tx_ready=142 | steps=7800 per_tx_write=7.8 owner_calls=6259
[  5]  27.00-28.00  sec  1.00 MBytes  8.38 Mbits/sec    0   0.00 Bytes       
[323.474971 0:4294967307 aic8800::device::probe:465] [wifi-probe-rx] reads=498 data_reads=178 avg=465us min=99us max=1486us bytes=316416 items=1740 data_frames=1740 data_confirmations=0 control_confirmations=0 control_indications=0 prints=0 | size <=512 n=95 avg=146us | <=2k n=39 avg=751us | <=8k n=41 avg=874us | >8k n=3 avg=1253us | control n=320 avg=112us min=0us max=1164us | credit n=1529 avg=67us | other n=0 avg=0us | rdif_at_write 0/1/2-3/4+=175/118/139/563 | queue_at_arrival=0/0/0/3108
[  5]  28.00-29.00  sec  1.00 MBytes  8.37 Mbits/sec    0   0.00 Bytes       
[325.471874 0:4294967307 ax_net::queue_runtime::executor::probe:194] [netprobe] dt=2000ms iters=8559 polls=6305 poll_us=7 waits=4630 wait_us=313 yields=0 | wait_kind notify=3339@218us deadline=1291@561us hist=2368/6/20/909/1327 | wake n=6280 avg=351us hist=0/2243/640/733/2664 | owner_calls=6280 skipped=4 owner_us=70 max=1715us slow=570 | tx_submit=2556 tx_done=2550 rx_done=1415 | ready 0/1/2-3/4+=6267/0/2/11 | irq=4342 | park xfer=316us handoff=403us n=970
[325.474980 0:4294967307 aic8800::device::probe:394] [wifi-probe] tx_writes=856 dt=2000ms period_avg=2335us max=54871us hist=0/7/137/465/247 | write n=856 avg=1036us min=319us max=3095us bytes=3914240 calls=2.4 | size blk 1/2/3/4-6/7-9/10+ n=0/4/174/142/53/483 avg=0/699/789/985/1073/1138us | credit n=1740 min=2 max=32 avgx10=34 backoff=1297 avg=672us | gap rx0 n=708 avg=718us | rx1 n=0 avg=0us | rx2+ n=148 avg=4086us | supply core n=856 avg=1301us | ring n=0 avg=0us | none n=0 avg=0us | scans=151 deferred=0 tx_ready=151 | steps=7546 per_tx_write=8.8 owner_calls=6280
[  5]  29.00-30.00  sec   896 KBytes  7.36 Mbits/sec    0   0.00 Bytes       
[325.475120 0:4294967307 aic8800::device::probe:465] [wifi-probe-rx] reads=545 data_reads=197 avg=366us min=96us max=1458us bytes=277504 items=1419 data_frames=1419 data_confirmations=0 control_confirmations=0 control_indications=0 prints=0 | size <=512 n=132 avg=134us | <=2k n=34 avg=725us | <=8k n=26 avg=915us | >8k n=5 avg=1192us | control n=348 avg=100us min=0us max=1706us | credit n=1740 avg=72us | other n=0 avg=0us | rdif_at_write 0/1/2-3/4+=177/97/148/434 | queue_at_arrival=0/0/0/2556
- - - - - - - - - - - - - - - - - - - - - - - - -
[325.611096 0:30064771099 starry_kernel::task::ops:539] Task(30064771099, "iperf3") exit with code: 0
[ ID] Interval           Transfer     Bitrate         Retr
[  5]   0.00-30.05  sec  55.9 MBytes  15.6 Mbits/sec    0            sender
-----------------------------------------------------------
Server listening on 5201 (test #6)
-----------------------------------------------------------
[330.619584 0:4294967307 ax_net::queue_runtime::executor::probe:194] [netprobe] dt=5147ms iters=1595 polls=1171 poll_us=10 waits=867 wait_us=5807 yields=0 | wait_kind notify=646@7624us deadline=221@497us hist=443/2/23/216/183 | wake n=1166 avg=332us hist=0/405/123/192/446 | owner_calls=1166 skipped=1 owner_us=75 max=1293us slow=124 | tx_submit=460 tx_done=491 rx_done=415 | ready 0/1/2-3/4+=1164/0/1/1 | irq=811 | park xfer=25928us handoff=321us n=187
[330.619703 0:4294967307 aic8800::device::probe:394] [wifi-probe] tx_writes=156 dt=5144ms period_avg=2723us max=82598us hist=0/13/25/60/58 | write n=156 avg=974us min=136us max=2742us bytes=734720 calls=2.10 | size blk 1/2/3/4-6/7-9/10+ n=4/0/30/15/9/98 avg=154/0/462/795/1107/1179us | credit n=293 min=2 max=26 avgx10=36 backoff=223 avg=615us | gap rx0 n=126 avg=1001us | rx1 n=0 avg=0us | rx2+ n=29 avg=5009us | supply core n=152 avg=1180us | ring n=0 avg=0us | none n=3 avg=30659us | scans=36 deferred=0 tx_ready=27 | steps=1531 per_tx_write=9.8 owner_calls=1158
[330.619764 0:4294967307 aic8800::device::probe:465] [wifi-probe-rx] reads=120 data_reads=42 avg=395us min=99us max=1212us bytes=75776 items=413 data_frames=413 data_confirmations=0 control_confirmations=0 control_indications=0 prints=0 | size <=512 n=27 avg=137us | <=2k n=3 avg=921us | <=8k n=12 avg=845us | >8k n=0 avg=0us | control n=78 avg=100us min=0us max=1337us | credit n=293 avg=71us | other n=0 avg=0us | rdif_at_write 0/1/2-3/4+=50/11/11/84 | queue_at_arrival=3/0/0/449
[340.549365 0:4294967307 ax_net::queue_runtime::executor::probe:194] [netprobe] dt=9929ms iters=5 polls=4 poll_us=4 waits=3 wait_us=3309773 yields=0 | wait_kind notify=3@3309773us deadline=0@0us hist=2/0/0/0/1 | wake n=4 avg=140us hist=0/2/1/0/1 | owner_calls=4 skipped=0 owner_us=76 max=207us slow=1 | tx_submit=0 tx_done=0 rx_done=0 | ready 0/1/2-3/4+=4/0/0/0 | irq=5 | park xfer=4964613us handoff=45us n=2
Accepted connection from 192.168.137.1, port 57106
[340.549478 0:4294967307 aic8800::device::probe:394] [wifi-probe] tx_writes=0 dt=9929ms period_avg=0us max=0us hist=0/0/0/0/0 | write n=0 avg=0us min=18446744073709551us max=0us bytes=0 calls=0.0 | size blk 1/2/3/4-6/7-9/10+ n=0/0/0/0/0/0 avg=0/0/0/0/0/0us | credit n=0 min=0 max=0 avgx10=0 backoff=0 avg=0us | gap rx0 n=0 avg=0us | rx1 n=0 avg=0us | rx2+ n=0 avg=0us | supply core n=0 avg=0us | ring n=0 avg=0us | none n=0 avg=0us | scans=1 deferred=0 tx_ready=0 | steps=4 per_tx_write=4.0 owner_calls=4
[  5] local 192.168.137.107 port 5201 connected to 192.168.137.1 port 57107
[340.549537 0:4294967307 aic8800::device::probe:465] [wifi-probe-rx] reads=3 data_reads=1 avg=254us min=254us max=254us bytes=512 items=1 data_frames=1 data_confirmations=0 control_confirmations=0 control_indications=0 prints=0 | size <=512 n=1 avg=254us | <=2k n=0 avg=0us | <=8k n=0 avg=0us | >8k n=0 avg=0us | control n=2 avg=38us min=0us max=76us | credit n=0 avg=0us | other n=0 avg=0us | rdif_at_write 0/1/2-3/4+=0/0/0/0 | queue_at_arrival=0/0/0/0
[340.588274 0:34359738395 starry_kernel::task::user:83] Enter user space: ip=0x601524d0, sp=0x428af0
[ ID] Interval           Transfer     Bitrate         Retr  Cwnd
[  5]   0.00-1.00   sec  2.50 MBytes  20.9 Mbits/sec    0   0.00 Bytes       
[342.549543 0:4294967307 ax_net::queue_runtime::executor::probe:194] [netprobe] dt=2000ms iters=8059 polls=5824 poll_us=14 waits=4586 wait_us=310 yields=0 | wait_kind notify=3685@280us deadline=901@434us hist=2339/16/255/1399/577 | wake n=5816 avg=307us hist=0/1938/538/1334/2006 | owner_calls=5816 skipped=8 owner_us=74 max=2549us slow=736 | tx_submit=3254 tx_done=3251 rx_done=383 | ready 0/1/2-3/4+=5780/5/7/24 | irq=3864 | park xfer=567us handoff=264us n=1029
[  5]   1.00-2.00   sec  2.00 MBytes  16.8 Mbits/sec    0   0.00 Bytes       
[342.549670 0:4294967307 aic8800::device::probe:394] [wifi-probe] tx_writes=956 dt=2000ms period_avg=17403us max=14654851us hist=0/43/414/278/221 | write n=956 avg=970us min=128us max=4206us bytes=4977152 calls=2.34 | size blk 1/2/3/4-6/7-9/10+ n=7/1/127/61/46/714 avg=148/294/561/757/934/1073us | credit n=1158 min=2 max=127 avgx10=48 backoff=907 avg=534us | gap rx0 n=816 avg=476us | rx1 n=0 avg=0us | rx2+ n=140 avg=109436us | supply core n=863 avg=723us | ring n=65 avg=384us | none n=28 avg=537865us | scans=150 deferred=0 tx_ready=109 | steps=6132 per_tx_write=6.4 owner_calls=5817
[342.549731 0:4294967307 aic8800::device::probe:465] [wifi-probe-rx] reads=480 data_reads=165 avg=204us min=99us max=2622us bytes=102400 items=385 data_frames=385 data_confirmations=0 control_confirmations=0 control_indications=0 prints=0 | size <=512 n=138 avg=178us | <=2k n=26 avg=329us | <=8k n=1 avg=461us | >8k n=0 avg=0us | control n=315 avg=98us min=0us max=1258us | credit n=1158 avg=66us | other n=0 avg=0us | rdif_at_write 0/1/2-3/4+=206/49/42/659 | queue_at_arrival=93/120/363/2678
[  5]   2.00-3.00   sec  2.00 MBytes  16.8 Mbits/sec    0   0.00 Bytes       
[344.550557 0:4294967307 ax_net::queue_runtime::executor::probe:194] [netprobe] dt=2001ms iters=8771 polls=6390 poll_us=13 waits=4896 wait_us=288 yields=0 | wait_kind notify=3737@241us deadline=1159@440us hist=2507/12/232/1642/503 | wake n=6385 avg=289us hist=0/2188/664/1451/2082 | owner_calls=6385 skipped=5 owner_us=68 max=3013us slow=542 | tx_submit=2748 tx_done=2720 rx_done=423 | ready 0/1/2-3/4+=6353/7/8/17 | irq=4331 | park xfer=505us handoff=264us n=1015
[  5]   3.00-4.00   sec  2.00 MBytes  16.8 Mbits/sec    0   0.00 Bytes       
[344.550683 0:4294967307 aic8800::device::probe:394] [wifi-probe] tx_writes=920 dt=2001ms period_avg=2185us max=93966us hist=0/67/413/218/222 | write n=920 avg=898us min=311us max=3801us bytes=4170240 calls=2.27 | size blk 1/2/3/4-6/7-9/10+ n=0/0/208/149/38/525 avg=0/0/551/713/1039/1077us | credit n=1593 min=2 max=90 avgx10=37 backoff=1168 avg=543us | gap rx0 n=761 avg=558us | rx1 n=0 avg=0us | rx2+ n=160 avg=4752us | supply core n=824 avg=996us | ring n=80 avg=375us | none n=17 avg=19642us | scans=164 deferred=0 tx_ready=135 | steps=6748 per_tx_write=7.3 owner_calls=6384
[344.550748 0:4294967307 aic8800::device::probe:465] [wifi-probe-rx] reads=544 data_reads=190 avg=192us min=97us max=1628us bytes=117248 items=423 data_frames=423 data_confirmations=0 control_confirmations=0 control_indications=0 prints=0 | size <=512 n=165 avg=166us | <=2k n=22 avg=353us | <=8k n=3 avg=440us | >8k n=0 avg=0us | control n=354 avg=95us min=0us max=1201us | credit n=1593 avg=68us | other n=0 avg=0us | rdif_at_write 0/1/2-3/4+=271/60/75/514 | queue_at_arrival=97/106/288/2245
[  5]   4.00-5.00   sec  2.00 MBytes  16.8 Mbits/sec    0   0.00 Bytes       
[346.551188 0:4294967307 ax_net::queue_runtime::executor::probe:194] [netprobe] dt=2000ms iters=8555 polls=6226 poll_us=13 waits=4797 wait_us=293 yields=0 | wait_kind notify=3707@249us deadline=1090@441us hist=2470/9/238/1548/532 | wake n=6220 avg=296us hist=0/2122/636/1409/2053 | owner_calls=6220 skipped=6 owner_us=72 max=3036us slow=604 | tx_submit=2852 tx_done=2852 rx_done=416 | ready 0/1/2-3/4+=6179/7/8/26 | irq=4246 | park xfer=517us handoff=272us n=1002
[  5]   5.00-6.00   sec  1.88 MBytes  15.7 Mbits/sec    0   0.00 Bytes       
[346.551315 0:4294967307 aic8800::device::probe:394] [wifi-probe] tx_writes=918 dt=2000ms period_avg=2180us max=77003us hist=0/45/382/228/263 | write n=918 avg=946us min=309us max=4762us bytes=4372992 calls=2.28 | size blk 1/2/3/4-6/7-9/10+ n=0/0/176/123/46/573 avg=0/0/543/738/888/1120us | credit n=1463 min=2 max=81 avgx10=39 backoff=1100 avg=536us | gap rx0 n=744 avg=722us | rx1 n=0 avg=0us | rx2+ n=173 avg=3434us | supply core n=842 avg=919us | ring n=54 avg=310us | none n=21 avg=16195us | scans=178 deferred=0 tx_ready=148 | steps=6569 per_tx_write=7.1 owner_calls=6221
[346.551378 0:4294967307 aic8800::device::probe:465] [wifi-probe-rx] reads=574 data_reads=198 avg=184us min=99us max=907us bytes=120320 items=416 data_frames=416 data_confirmations=0 control_confirmations=0 control_indications=0 prints=0 | size <=512 n=168 avg=147us | <=2k n=30 avg=393us | <=8k n=0 avg=0us | >8k n=0 avg=0us | control n=376 avg=104us min=0us max=2527us | credit n=1463 avg=68us | other n=0 avg=0us | rdif_at_write 0/1/2-3/4+=245/54/62/557 | queue_at_arrival=76/86/298/2404
[  5]   6.00-7.00   sec  2.25 MBytes  18.9 Mbits/sec    0   0.00 Bytes       
[348.551203 0:4294967307 ax_net::queue_runtime::executor::probe:194] [netprobe] dt=2000ms iters=9105 polls=6673 poll_us=14 waits=5051 wait_us=266 yields=0 | wait_kind notify=3973@217us deadline=1078@445us hist=2606/16/241/1612/576 | wake n=6658 avg=295us hist=0/2215/700/1643/2100 | owner_calls=6658 skipped=15 owner_us=73 max=2744us slow=659 | tx_submit=3222 tx_done=3224 rx_done=444 | ready 0/1/2-3/4+=6623/6/11/18 | irq=4617 | park xfer=371us handoff=270us n=1121
[  5]   7.00-8.00   sec  2.12 MBytes  17.8 Mbits/sec    0   0.00 Bytes       
[348.551340 0:4294967307 aic8800::device::probe:394] [wifi-probe] tx_writes=1014 dt=2000ms period_avg=1975us max=34757us hist=0/51/433/261/269 | write n=1014 avg=950us min=312us max=3675us bytes=4942848 calls=2.27 | size blk 1/2/3/4-6/7-9/10+ n=0/0/161/148/53/652 avg=0/0/510/702/979/1113us | credit n=1473 min=2 max=50 avgx10=41 backoff=1083 avg=547us | gap rx0 n=822 avg=504us | rx1 n=0 avg=0us | rx2+ n=193 avg=3231us | supply core n=954 avg=865us | ring n=37 avg=188us | none n=24 avg=8574us | scans=196 deferred=0 tx_ready=167 | steps=7025 per_tx_write=6.9 owner_calls=6657
[348.551400 0:4294967307 aic8800::device::probe:465] [wifi-probe-rx] reads=678 data_reads=241 avg=178us min=95us max=2248us bytes=139264 items=444 data_frames=444 data_confirmations=0 control_confirmations=0 control_indications=0 prints=0 | size <=512 n=211 avg=150us | <=2k n=30 avg=379us | <=8k n=0 avg=0us | >8k n=0 avg=0us | control n=437 avg=101us min=0us max=1692us | credit n=1473 avg=71us | other n=0 avg=0us | rdif_at_write 0/1/2-3/4+=256/84/82/592 | queue_at_arrival=61/107/356/2698
[  5]   8.00-9.00   sec  2.00 MBytes  16.8 Mbits/sec    0   0.00 Bytes       
[350.551221 0:4294967307 ax_net::queue_runtime::executor::probe:194] [netprobe] dt=2000ms iters=8607 polls=6284 poll_us=14 waits=4758 wait_us=291 yields=0 | wait_kind notify=3767@250us deadline=991@445us hist=2429/15/243/1536/535 | wake n=6278 avg=291us hist=0/2052/656/1627/1943 | owner_calls=6278 skipped=6 owner_us=72 max=2749us slow=614 | tx_submit=3116 tx_done=3114 rx_done=379 | ready 0/1/2-3/4+=6244/2/7/25 | irq=4242 | park xfer=507us handoff=234us n=1071
[  5]   9.00-10.00  sec  2.38 MBytes  19.9 Mbits/sec    0   0.00 Bytes       
[350.551349 0:4294967307 aic8800::device::probe:394] [wifi-probe] tx_writes=1013 dt=2000ms period_avg=1937us max=72132us hist=0/73/470/254/216 | write n=1013 avg=876us min=178us max=5149us bytes=4773888 calls=2.25 | size blk 1/2/3/4-6/7-9/10+ n=0/1/192/148/63/609 avg=0/178/456/652/906/1061us | credit n=1425 min=2 max=105 avgx10=41 backoff=999 avg=543us | gap rx0 n=871 avg=503us | rx1 n=0 avg=0us | rx2+ n=141 avg=4508us | supply core n=907 avg=768us | ring n=80 avg=188us | none n=25 avg=14466us | scans=147 deferred=0 tx_ready=107 | steps=6596 per_tx_write=6.5 owner_calls=6279
[350.551412 0:4294967307 aic8800::device::probe:465] [wifi-probe-rx] reads=479 data_reads=166 avg=179us min=99us max=551us bytes=103424 items=379 data_frames=379 data_confirmations=0 control_confirmations=0 control_indications=0 prints=0 | size <=512 n=136 avg=145us | <=2k n=30 avg=332us | <=8k n=0 avg=0us | >8k n=0 avg=0us | control n=313 avg=101us min=0us max=1920us | credit n=1425 avg=73us | other n=0 avg=0us | rdif_at_write 0/1/2-3/4+=299/64/61/589 | queue_at_arrival=105/134/372/2505
[  5]  10.00-11.00  sec  2.62 MBytes  22.1 Mbits/sec    0   0.00 Bytes       
[352.551713 0:4294967307 ax_net::queue_runtime::executor::probe:194] [netprobe] dt=2000ms iters=8995 polls=6558 poll_us=15 waits=5055 wait_us=264 yields=0 | wait_kind notify=4177@225us deadline=878@445us hist=2599/17/284/1590/565 | wake n=6547 avg=303us hist=0/2085/636/1725/2101 | owner_calls=6547 skipped=11 owner_us=76 max=2588us slow=824 | tx_submit=3721 tx_done=3725 rx_done=428 | ready 0/1/2-3/4+=6509/8/9/21 | irq=4452 | park xfer=362us handoff=281us n=1200
[  5]  11.00-12.00  sec  2.50 MBytes  21.0 Mbits/sec    0   0.00 Bytes       
[352.551847 0:4294967307 aic8800::device::probe:394] [wifi-probe] tx_writes=1123 dt=2000ms period_avg=1813us max=46357us hist=0/57/501/315/250 | write n=1123 avg=981us min=268us max=4757us bytes=5711360 calls=2.37 | size blk 1/2/3/4-6/7-9/10+ n=0/1/161/117/47/797 avg=0/441/541/613/1035/1121us | credit n=1229 min=2 max=76 avgx10=50 backoff=882 avg=546us | gap rx0 n=944 avg=375us | rx1 n=0 avg=0us | rx2+ n=180 avg=3223us | supply core n=1042 avg=711us | ring n=69 avg=148us | none n=13 avg=14081us | scans=180 deferred=0 tx_ready=161 | steps=6900 per_tx_write=6.1 owner_calls=6546
[352.551937 0:4294967307 aic8800::device::probe:465] [wifi-probe-rx] reads=590 data_reads=205 avg=177us min=95us max=743us bytes=120320 items=428 data_frames=428 data_confirmations=0 control_confirmations=0 control_indications=0 prints=0 | size <=512 n=176 avg=146us | <=2k n=29 avg=359us | <=8k n=0 avg=0us | >8k n=0 avg=0us | control n=385 avg=92us min=0us max=867us | credit n=1229 avg=72us | other n=0 avg=0us | rdif_at_write 0/1/2-3/4+=215/77/100/731 | queue_at_arrival=82/90/295/3241
[  5]  12.00-13.00  sec  2.62 MBytes  22.0 Mbits/sec    0   0.00 Bytes       
[354.551719 0:4294967307 ax_net::queue_runtime::executor::probe:194] [netprobe] dt=2000ms iters=9132 polls=6664 poll_us=15 waits=5113 wait_us=258 yields=0 | wait_kind notify=4166@215us deadline=947@446us hist=2619/16/306/1596/576 | wake n=6652 avg=304us hist=0/2159/618/1708/2167 | owner_calls=6652 skipped=12 owner_us=76 max=3501us slow=796 | tx_submit=3658 tx_done=3657 rx_done=448 | ready 0/1/2-3/4+=6612/4/6/30 | irq=4531 | park xfer=339us handoff=279us n=1184
[  5]  13.00-14.00  sec  2.62 MBytes  22.0 Mbits/sec    0   0.00 Bytes       
[354.552582 0:4294967307 aic8800::device::probe:394] [wifi-probe] tx_writes=1108 dt=2000ms period_avg=1806us max=41969us hist=0/50/492/300/266 | write n=1108 avg=972us min=195us max=4738us bytes=5606400 calls=2.36 | size blk 1/2/3/4-6/7-9/10+ n=0/4/156/122/51/775 avg=0/411/511/730/977/1106us | credit n=1295 min=2 max=77 avgx10=48 backoff=952 avg=546us | gap rx0 n=924 avg=428us | rx1 n=0 avg=0us | rx2+ n=183 avg=2886us | supply core n=1052 avg=715us | ring n=38 avg=259us | none n=17 avg=9475us | scans=186 deferred=0 tx_ready=164 | steps=7009 per_tx_write=6.3 owner_calls=6654
[354.552698 0:4294967307 aic8800::device::probe:465] [wifi-probe-rx] reads=620 data_reads=217 avg=195us min=97us max=1311us bytes=129536 items=448 data_frames=448 data_confirmations=0 control_confirmations=0 control_indications=0 prints=0 | size <=512 n=182 avg=151us | <=2k n=35 avg=423us | <=8k n=0 avg=0us | >8k n=0 avg=0us | control n=403 avg=97us min=0us max=1956us | credit n=1295 avg=73us | other n=0 avg=0us | rdif_at_write 0/1/2-3/4+=225/80/81/722 | queue_at_arrival=55/98/293/3225
[  5]  14.00-15.00  sec  2.12 MBytes  17.9 Mbits/sec    0   0.00 Bytes       
[356.551756 0:4294967307 ax_net::queue_runtime::executor::probe:194] [netprobe] dt=2000ms iters=7668 polls=5538 poll_us=14 waits=4359 wait_us=335 yields=0 | wait_kind notify=3430@307us deadline=929@439us hist=2222/18/193/1384/542 | wake n=5529 avg=301us hist=0/1869/520/1238/1902 | owner_calls=5529 skipped=9 owner_us=72 max=2365us slow=642 | tx_submit=2935 tx_done=2936 rx_done=324 | ready 0/1/2-3/4+=5505/6/2/16 | irq=3623 | park xfer=717us handoff=247us n=945
[  5]  15.00-16.00  sec  1.88 MBytes  15.7 Mbits/sec    0   0.00 Bytes       
[356.553026 0:4294967307 aic8800::device::probe:394] [wifi-probe] tx_writes=896 dt=2000ms period_avg=2231us max=109190us hist=0/54/398/254/190 | write n=896 avg=915us min=185us max=3293us bytes=4501504 calls=2.28 | size blk 1/2/3/4-6/7-9/10+ n=0/1/142/91/37/625 avg=0/185/508/644/964/1045us | credit n=1215 min=2 max=129 avgx10=44 backoff=930 avg=538us | gap rx0 n=784 avg=611us | rx1 n=0 avg=0us | rx2+ n=113 avg=6199us | supply core n=812 avg=818us | ring n=65 avg=211us | none n=20 avg=25090us | scans=116 deferred=0 tx_ready=85 | steps=5803 per_tx_write=6.4 owner_calls=5528
[356.553140 0:4294967307 aic8800::device::probe:465] [wifi-probe-rx] reads=372 data_reads=128 avg=193us min=99us max=1056us bytes=83456 items=324 data_frames=324 data_confirmations=0 control_confirmations=0 control_indications=0 prints=0 | size <=512 n=101 avg=138us | <=2k n=27 avg=400us | <=8k n=0 avg=0us | >8k n=0 avg=0us | control n=244 avg=107us min=0us max=1401us | credit n=1215 avg=70us | other n=0 avg=0us | rdif_at_write 0/1/2-3/4+=210/50/49/587 | queue_at_arrival=85/110/316/2413
[  5]  16.00-17.00  sec  2.50 MBytes  21.0 Mbits/sec    0   0.00 Bytes       
[358.551768 0:4294967307 ax_net::queue_runtime::executor::probe:194] [netprobe] dt=2000ms iters=9074 polls=6547 poll_us=14 waits=5199 wait_us=259 yields=0 | wait_kind notify=4121@213us deadline=1078@437us hist=2660/20/264/1675/580 | wake n=6535 avg=305us hist=0/2205/561/1501/2268 | owner_calls=6535 skipped=12 owner_us=74 max=4754us slow=785 | tx_submit=3588 tx_done=3588 rx_done=402 | ready 0/1/2-3/4+=6496/10/9/20 | irq=4307 | park xfer=376us handoff=266us n=1096
[  5]  17.00-18.00  sec  2.50 MBytes  20.9 Mbits/sec    0   0.00 Bytes       
[358.556667 0:4294967307 aic8800::device::probe:394] [wifi-probe] tx_writes=1040 dt=2003ms period_avg=1923us max=118515us hist=0/34/467/295/244 | write n=1040 avg=994us min=243us max=5417us bytes=5500928 calls=2.35 | size blk 1/2/3/4-6/7-9/10+ n=0/1/106/98/55/780 avg=0/686/523/711/934/1098us | credit n=1365 min=2 max=99 avgx10=46 backoff=1081 avg=534us | gap rx0 n=891 avg=409us | rx1 n=0 avg=0us | rx2+ n=149 avg=4038us | supply core n=983 avg=792us | ring n=42 avg=120us | none n=15 avg=12173us | scans=151 deferred=0 tx_ready=135 | steps=6869 per_tx_write=6.6 owner_calls=6540
[358.556825 0:4294967307 aic8800::device::probe:465] [wifi-probe-rx] reads=529 data_reads=189 avg=183us min=97us max=1149us bytes=115712 items=409 data_frames=409 data_confirmations=0 control_confirmations=0 control_indications=0 prints=0 | size <=512 n=153 avg=138us | <=2k n=36 avg=377us | <=8k n=0 avg=0us | >8k n=0 avg=0us | control n=340 avg=98us min=0us max=735us | credit n=1365 avg=66us | other n=0 avg=0us | rdif_at_write 0/1/2-3/4+=213/46/61/720 | queue_at_arrival=57/103/358/3073
[  5]  18.00-19.00  sec  2.75 MBytes  23.1 Mbits/sec    0   0.00 Bytes       
[360.551850 0:4294967307 ax_net::queue_runtime::executor::probe:194] [netprobe] dt=2000ms iters=8118 polls=5940 poll_us=15 waits=4480 wait_us=303 yields=0 | wait_kind notify=3828@279us deadline=652@444us hist=2288/14/261/1287/630 | wake n=5936 avg=309us hist=0/1861/544/1609/1922 | owner_calls=5936 skipped=4 owner_us=82 max=2337us slow=891 | tx_submit=3893 tx_done=3898 rx_done=442 | ready 0/1/2-3/4+=5891/3/4/38 | irq=4073 | park xfer=483us handoff=275us n=1187
[  5]  19.00-20.00  sec  2.50 MBytes  21.0 Mbits/sec    0   0.00 Bytes       
[360.556804 0:4294967307 aic8800::device::probe:394] [wifi-probe] tx_writes=1129 dt=2000ms period_avg=1773us max=98964us hist=0/48/514/317/250 | write n=1129 avg=992us min=313us max=4235us bytes=5991424 calls=2.32 | size blk 1/2/3/4-6/7-9/10+ n=0/1/127/92/40/869 avg=0/352/499/674/863/1105us | credit n=937 min=2 max=131 avgx10=61 backoff=661 avg=544us | gap rx0 n=972 avg=419us | rx1 n=0 avg=0us | rx2+ n=156 avg=3033us | supply core n=1067 avg=518us | ring n=44 avg=320us | none n=17 avg=18443us | scans=161 deferred=0 tx_ready=140 | steps=6306 per_tx_write=5.5 owner_calls=5948
[360.556940 0:4294967307 aic8800::device::probe:465] [wifi-probe-rx] reads=535 data_reads=187 avg=201us min=96us max=1055us bytes=117760 items=437 data_frames=437 data_confirmations=0 control_confirmations=0 control_indications=0 prints=0 | size <=512 n=149 avg=144us | <=2k n=38 avg=422us | <=8k n=0 avg=0us | >8k n=0 avg=0us | control n=348 avg=102us min=0us max=1183us | credit n=937 avg=76us | other n=0 avg=0us | rdif_at_write 0/1/2-3/4+=237/63/63/766 | queue_at_arrival=61/90/287/3463
[  5]  20.00-21.00  sec  2.62 MBytes  22.0 Mbits/sec    0   0.00 Bytes       
[362.552030 0:4294967307 ax_net::queue_runtime::executor::probe:194] [netprobe] dt=2000ms iters=7574 polls=5506 poll_us=16 waits=4224 wait_us=331 yields=0 | wait_kind notify=3660@313us deadline=564@447us hist=2149/16/288/1230/541 | wake n=5502 avg=308us hist=0/1660/498/1596/1748 | owner_calls=5502 skipped=4 owner_us=82 max=3740us slow=782 | tx_submit=3506 tx_done=3526 rx_done=381 | ready 0/1/2-3/4+=5449/7/13/33 | irq=3697 | park xfer=602us handoff=245us n=1143
[  5]  21.00-22.00  sec  2.38 MBytes  19.9 Mbits/sec    0   0.00 Bytes       
[362.557078 0:4294967307 aic8800::device::probe:394] [wifi-probe] tx_writes=1077 dt=2000ms period_avg=1859us max=54416us hist=0/65/506/297/209 | write n=1077 avg=932us min=229us max=4804us bytes=5418496 calls=2.33 | size blk 1/2/3/4-6/7-9/10+ n=0/0/176/107/32/762 avg=0/0/467/616/801/1089us | credit n=891 min=2 max=94 avgx10=59 backoff=563 avg=548us | gap rx0 n=958 avg=367us | rx1 n=0 avg=0us | rx2+ n=119 avg=5423us | supply core n=961 avg=488us | ring n=93 avg=192us | none n=23 avg=22182us | scans=127 deferred=0 tx_ready=89 | steps=5816 per_tx_write=5.4 owner_calls=5502
[362.557191 0:4294967307 aic8800::device::probe:465] [wifi-probe-rx] reads=393 data_reads=133 avg=223us min=101us max=645us bytes=96256 items=381 data_frames=381 data_confirmations=0 control_confirmations=0 control_indications=0 prints=0 | size <=512 n=89 avg=144us | <=2k n=42 avg=382us | <=8k n=2 avg=416us | >8k n=0 avg=0us | control n=260 avg=118us min=0us max=3018us | credit n=891 avg=78us | other n=0 avg=0us | rdif_at_write 0/1/2-3/4+=239/67/46/725 | queue_at_arrival=116/134/491/2781
[  5]  22.00-23.00  sec  2.62 MBytes  22.0 Mbits/sec    0   0.00 Bytes       
[  5]  23.00-24.00  sec  1.75 MBytes  14.7 Mbits/sec    0   0.00 Bytes       
[364.591412 0:4294967307 ax_net::queue_runtime::executor::probe:194] [netprobe] dt=2039ms iters=8258 polls=6000 poll_us=15 waits=4645 wait_us=309 yields=0 | wait_kind notify=3717@276us deadline=928@440us hist=2361/13/263/1471/537 | wake n=5990 avg=305us hist=0/1971/542/1441/2036 | owner_calls=5990 skipped=10 owner_us=75 max=2990us slow=715 | tx_submit=3236 tx_done=3238 rx_done=398 | ready 0/1/2-3/4+=5953/6/6/25 | irq=4012 | park xfer=579us handoff=273us n=1036
[364.591536 0:4294967307 aic8800::device::probe:394] [wifi-probe] tx_writes=983 dt=2034ms period_avg=1978us max=53820us hist=0/44/426/278/235 | write n=983 avg=960us min=310us max=3572us bytes=4936704 calls=2.32 | size blk 1/2/3/4-6/7-9/10+ n=0/0/154/102/46/681 avg=0/0/559/703/1019/1085us | credit n=1249 min=2 max=128 avgx10=45 backoff=933 avg=538us | gap rx0 n=840 avg=571us | rx1 n=0 avg=0us | rx2+ n=143 avg=3642us | supply core n=929 avg=751us | ring n=41 avg=222us | none n=13 avg=22553us | scans=146 deferred=0 tx_ready=122 | steps=6297 per_tx_write=6.4 owner_calls=5972
[364.591600 0:4294967307 aic8800::device::probe:465] [wifi-probe-rx] reads=476 data_reads=165 avg=208us min=96us max=2420us bytes=104448 items=398 data_frames=398 data_confirmations=0 control_confirmations=0 control_indications=0 prints=0 | size <=512 n=132 avg=164us | <=2k n=33 avg=384us | <=8k n=0 avg=0us | >8k n=0 avg=0us | control n=311 avg=102us min=0us max=1656us | credit n=1249 avg=70us | other n=0 avg=0us | rdif_at_write 0/1/2-3/4+=227/50/55/651 | queue_at_arrival=54/77/265/2824
[  5]  24.00-25.00  sec  3.25 MBytes  27.3 Mbits/sec    0   0.00 Bytes       
[  5]  25.00-26.00  sec  2.12 MBytes  17.8 Mbits/sec    0   0.00 Bytes       
[366.591548 0:4294967307 ax_net::queue_runtime::executor::probe:194] [netprobe] dt=2000ms iters=6809 polls=4930 poll_us=17 waits=3871 wait_us=366 yields=0 | wait_kind notify=3543@357us deadline=328@456us hist=1988/13/285/1008/577 | wake n=4924 avg=329us hist=0/1450/439/1329/1706 | owner_calls=4924 skipped=6 owner_us=90 max=3611us slow=941 | tx_submit=3902 tx_done=3890 rx_done=423 | ready 0/1/2-3/4+=4884/2/6/32 | irq=3352 | park xfer=676us handoff=267us n=1123
[366.591670 0:4294967307 aic8800::device::probe:394] [wifi-probe] tx_writes=1052 dt=2000ms period_avg=1986us max=97257us hist=0/22/449/354/227 | write n=1052 avg=1037us min=228us max=4216us bytes=5963776 calls=2.40 | size blk 1/2/3/4-6/7-9/10+ n=0/0/58/62/20/912 avg=0/0/484/793/815/1094us | credit n=481 min=2 max=132 avgx10=102 backoff=329 avg=564us | gap rx0 n=907 avg=274us | rx1 n=0 avg=0us | rx2+ n=146 avg=5133us | supply core n=881 avg=397us | ring n=152 avg=207us | none n=20 avg=30819us | scans=149 deferred=0 tx_ready=106 | steps=5247 per_tx_write=4.9 owner_calls=4924
[366.591754 0:4294967307 aic8800::device::probe:465] [wifi-probe-rx] reads=461 data_reads=156 avg=215us min=99us max=1300us bytes=107520 items=423 data_frames=423 data_confirmations=0 control_confirmations=0 control_indications=0 prints=0 | size <=512 n=114 avg=140us | <=2k n=41 avg=415us | <=8k n=1 avg=607us | >8k n=0 avg=0us | control n=305 avg=108us min=0us max=2411us | credit n=481 avg=82us | other n=0 avg=0us | rdif_at_write 0/1/2-3/4+=148/24/35/845 | queue_at_arrival=172/191/459/3072
[  5]  26.00-27.00  sec  2.75 MBytes  23.0 Mbits/sec    0   0.00 Bytes       
[  5]  27.00-28.00  sec  2.12 MBytes  17.8 Mbits/sec    0   0.00 Bytes       
[368.591598 0:4294967307 ax_net::queue_runtime::executor::probe:194] [netprobe] dt=2000ms iters=6630 polls=4836 poll_us=17 waits=3689 wait_us=396 yields=0 | wait_kind notify=3234@389us deadline=455@450us hist=1883/18/229/1039/520 | wake n=4826 avg=315us hist=0/1481/450/1320/1575 | owner_calls=4826 skipped=10 owner_us=83 max=2743us slow=754 | tx_submit=3368 tx_done=3355 rx_done=383 | ready 0/1/2-3/4+=4796/3/6/21 | irq=3281 | park xfer=822us handoff=266us n=1002
[368.591720 0:4294967307 aic8800::device::probe:394] [wifi-probe] tx_writes=961 dt=2000ms period_avg=2081us max=111846us hist=0/34/413/318/196 | write n=961 avg=986us min=312us max=4376us bytes=5144064 calls=2.35 | size blk 1/2/3/4-6/7-9/10+ n=0/0/103/70/40/748 avg=0/0/540/708/802/1083us | credit n=679 min=2 max=130 avgx10=69 backoff=455 avg=549us | gap rx0 n=837 avg=364us | rx1 n=0 avg=0us | rx2+ n=124 avg=6026us | supply core n=897 avg=448us | ring n=46 avg=164us | none n=18 avg=35678us | scans=127 deferred=0 tx_ready=105 | steps=5149 per_tx_write=5.3 owner_calls=4826
[368.591784 0:4294967307 aic8800::device::probe:465] [wifi-probe-rx] reads=411 data_reads=142 avg=194us min=99us max=729us bytes=96768 items=383 data_frames=383 data_confirmations=0 control_confirmations=0 control_indications=0 prints=0 | size <=512 n=110 avg=139us | <=2k n=29 avg=380us | <=8k n=3 avg=419us | >8k n=0 avg=0us | control n=269 avg=96us min=0us max=1007us | credit n=679 avg=75us | other n=0 avg=0us | rdif_at_write 0/1/2-3/4+=184/36/44/697 | queue_at_arrival=64/130/376/2787
[  5]  28.00-29.00  sec  2.25 MBytes  18.9 Mbits/sec    0   0.00 Bytes       
[  5]  29.00-30.00  sec  1.75 MBytes  14.6 Mbits/sec    0   0.00 Bytes       
[370.591620 0:4294967307 ax_net::queue_runtime::executor::probe:194] [netprobe] dt=2000ms iters=8213 polls=5953 poll_us=13 waits=4639 wait_us=309 yields=0 | wait_kind notify=3614@273us deadline=1025@434us hist=2377/9/224/1502/527 | wake n=5945 avg=296us hist=0/2030/590/1316/2009 | owner_calls=5945 skipped=8 owner_us=71 max=2171us slow=648 | tx_submit=3012 tx_done=3006 rx_done=397 | ready 0/1/2-3/4+=5911/5/8/21 | irq=3992 | park xfer=597us handoff=268us n=989
[370.591767 0:4294967307 aic8800::device::probe:394] [wifi-probe] tx_writes=931 dt=2000ms period_avg=2138us max=76587us hist=0/52/382/267/230 | write n=931 avg=948us min=283us max=4034us bytes=4609024 calls=2.28 | size blk 1/2/3/4-6/7-9/10+ n=0/2/160/101/30/638 avg=0/284/500/683/823/1110us | credit n=1333 min=2 max=131 avgx10=41 backoff=1030 avg=529us | gap rx0 n=779 avg=525us | rx1 n=0 avg=0us | rx2+ n=151 avg=4626us | supply core n=856 avg=833us | ring n=59 avg=159us | none n=15 avg=25694us | scans=153 deferred=0 tx_ready=131 | steps=6277 per_tx_write=6.7 owner_calls=5946
[  5]  30.00-30.08  sec   256 KBytes  27.2 Mbits/sec    0   0.00 Bytes       
[370.591830 0:4294967307 aic8800::device::probe:465] [wifi-probe-rx] reads=483 data_reads=165 avg=197us min=96us max=1139us bytes=106496 items=397 data_frames=397 data_confirmations=0 control_confirmations=0 control_indications=0 prints=0 | size <=512 n=141 avg=155us | <=2k n=20 avg=432us | <=8k n=4 avg=512us | >8k n=0 avg=0us | control n=318 avg=92us min=0us max=1283us | credit n=1333 avg=65us | other n=0 avg=0us | rdif_at_write 0/1/2-3/4+=182/76/67/606 | queue_at_arrival=74/91/387/2479
- - - - - - - - - - - - - - - - - - - - - - - - -
[370.665674 0:34359738395 starry_kernel::task::ops:539] Task(34359738395, "iperf3") exit with code: 0
[ ID] Interval           Transfer     Bitrate         Retr
[  5]   0.00-30.08  sec  69.6 MBytes  19.4 Mbits/sec    0            sender
-----------------------------------------------------------
Server listening on 5201 (test #7)
-----------------------------------------------------------
[381.640378 0:4294967307 ax_net::queue_runtime::executor::probe:194] [netprobe] dt=11048ms iters=670 polls=478 poll_us=14 waits=394 wait_us=27929 yields=0 | wait_kind notify=288@38047us deadline=106@438us hist=201/7/11/112/63 | wake n=477 avg=306us hist=0/158/59/97/163 | owner_calls=477 skipped=1 owner_us=68 max=1696us slow=42 | tx_submit=131 tx_done=162 rx_done=60 | ready 0/1/2-3/4+=475/0/1/1 | irq=337 | park xfer=168042us handoff=264us n=65
[381.640503 0:4294967307 aic8800::device::probe:394] [wifi-probe] tx_writes=49 dt=11048ms period_avg=5237us max=65107us hist=0/2/12/20/15 | write n=49 avg=1000us min=152us max=6808us bytes=244224 calls=2.18 | size blk 1/2/3/4-6/7-9/10+ n=3/0/6/3/1/36 avg=155/0/434/794/2973/1127us | credit n=116 min=2 max=48 avgx10=34 backoff=106 avg=545us | gap rx0 n=35 avg=2115us | rx1 n=0 avg=0us | rx2+ n=14 avg=9540us | supply core n=44 avg=1814us | ring n=1 avg=71us | none n=4 avg=31924us | scans=22 deferred=0 tx_ready=11 | steps=527 per_tx_write=10.7 owner_calls=476
Accepted connection from 192.168.137.1, port 53787
[381.640568 0:4294967307 aic8800::device::probe:465] [wifi-probe-rx] reads=74 data_reads=26 avg=235us min=102us max=878us bytes=17920 items=62 data_frames=62 data_confirmations=0 control_confirmations=0 control_indications=0 prints=0 | size <=512 n=18 avg=171us | <=2k n=8 avg=378us | <=8k n=0 avg=0us | >8k n=0 avg=0us | control n=48 avg=110us min=0us max=634us | credit n=116 avg=60us | other n=0 avg=0us | rdif_at_write 0/1/2-3/4+=23/0/2/24 | queue_at_arrival=5/8/16/102
[  5] local 192.168.137.107 port 5201 connected to 192.168.137.1 port 53788
[381.833226 0:38654705691 starry_kernel::task::user:83] Enter user space: ip=0x601524d0, sp=0x428af0
[ ID] Interval           Transfer     Bitrate         Retr  Cwnd
[  5]   0.00-1.00   sec  1.88 MBytes  15.7 Mbits/sec    0   0.00 Bytes       
[383.640424 0:4294967307 ax_net::queue_runtime::executor::probe:194] [netprobe] dt=2000ms iters=5054 polls=3687 poll_us=17 waits=2823 wait_us=561 yields=0 | wait_kind notify=2481@578us deadline=342@435us hist=1440/10/177/798/398 | wake n=3679 avg=318us hist=0/1123/341/1018/1197 | owner_calls=3679 skipped=8 owner_us=85 max=4208us slow=589 | tx_submit=2539 tx_done=2512 rx_done=290 | ready 0/1/2-3/4+=3651/3/3/22 | irq=2489 | park xfer=1418us handoff=253us n=769
[383.640554 0:4294967307 aic8800::device::probe:394] [wifi-probe] tx_writes=730 dt=2000ms period_avg=17535us max=10805640us hist=0/29/345/207/149 | write n=730 avg=968us min=145us max=4868us bytes=3844608 calls=2.34 | size blk 1/2/3/4-6/7-9/10+ n=7/1/86/51/24/561 avg=163/426/546/567/921/1082us | credit n=517 min=2 max=131 avgx10=70 backoff=344 avg=534us | gap rx0 n=636 avg=328us | rx1 n=0 avg=0us | rx2+ n=95 avg=125109us | supply core n=610 avg=487us | ring n=100 avg=262us | none n=21 avg=560519us | scans=100 deferred=0 tx_ready=51 | steps=3918 per_tx_write=5.3 owner_calls=3679
[383.640618 0:4294967307 aic8800::device::probe:465] [wifi-probe-rx] reads=308 data_reads=104 avg=252us min=99us max=3225us bytes=72704 items=295 data_frames=295 data_confirmations=0 control_confirmations=0 control_indications=0 prints=0 | size <=512 n=74 avg=158us | <=2k n=29 avg=482us | <=8k n=1 avg=511us | >8k n=0 avg=0us | control n=204 avg=111us min=0us max=2510us | credit n=517 avg=75us | other n=0 avg=0us | rdif_at_write 0/1/2-3/4+=132/35/35/528 | queue_at_arrival=121/114/313/1975
[  5]   1.00-2.00   sec  2.12 MBytes  17.8 Mbits/sec    0   0.00 Bytes       
[  5]   2.00-3.00   sec  2.25 MBytes  18.9 Mbits/sec    0   0.00 Bytes       
[385.640428 0:4294967307 ax_net::queue_runtime::executor::probe:194] [netprobe] dt=2000ms iters=8338 polls=6027 poll_us=14 waits=4719 wait_us=302 yields=0 | wait_kind notify=3691@263us deadline=1028@442us hist=2399/14/247/1537/522 | wake n=6019 avg=298us hist=0/2012/544/1455/2008 | owner_calls=6019 skipped=8 owner_us=71 max=2915us slow=631 | tx_submit=2984 tx_done=2980 rx_done=363 | ready 0/1/2-3/4+=5988/9/6/16 | irq=3991 | park xfer=562us handoff=253us n=1019
[385.640800 0:4294967307 aic8800::device::probe:394] [wifi-probe] tx_writes=946 dt=2000ms period_avg=2114us max=56232us hist=0/57/405/266/218 | write n=946 avg=918us min=312us max=3720us bytes=4568576 calls=2.29 | size blk 1/2/3/4-6/7-9/10+ n=0/1/182/105/45/613 avg=0/424/538/695/921/1069us | credit n=1386 min=2 max=89 avgx10=40 backoff=1037 avg=541us | gap rx0 n=810 avg=553us | rx1 n=0 avg=0us | rx2+ n=136 avg=5024us | supply core n=867 avg=859us | ring n=64 avg=159us | none n=15 avg=25101us | scans=138 deferred=0 tx_ready=114 | steps=6317 per_tx_write=6.6 owner_calls=6019
[385.640907 0:4294967307 aic8800::device::probe:465] [wifi-probe-rx] reads=430 data_reads=146 avg=214us min=98us max=1563us bytes=95744 items=363 data_frames=363 data_confirmations=0 control_confirmations=0 control_indications=0 prints=0 | size <=512 n=108 avg=166us | <=2k n=38 avg=351us | <=8k n=0 avg=0us | >8k n=0 avg=0us | control n=284 avg=96us min=0us max=912us | credit n=1386 avg=68us | other n=0 avg=0us | rdif_at_write 0/1/2-3/4+=233/70/60/583 | queue_at_arrival=80/109/378/2411
[  5]   3.00-4.00   sec  1.62 MBytes  13.6 Mbits/sec    0   0.00 Bytes       
[  5]   4.00-5.00   sec  2.12 MBytes  17.8 Mbits/sec    0   0.00 Bytes       
[387.640492 0:4294967307 ax_net::queue_runtime::executor::probe:194] [netprobe] dt=2000ms iters=8804 polls=6454 poll_us=14 waits=4886 wait_us=281 yields=0 | wait_kind notify=3834@236us deadline=1052@442us hist=2520/12/223/1565/566 | wake n=6446 avg=300us hist=0/2135/707/1516/2088 | owner_calls=6446 skipped=8 owner_us=72 max=2988us slow=639 | tx_submit=3064 tx_done=3068 rx_done=453 | ready 0/1/2-3/4+=6412/4/9/21 | irq=4499 | park xfer=421us handoff=291us n=1069
[387.641022 0:4294967307 aic8800::device::probe:394] [wifi-probe] tx_writes=975 dt=2000ms period_avg=2052us max=78678us hist=0/39/411/251/274 | write n=975 avg=968us min=281us max=4130us bytes=4709888 calls=2.29 | size blk 1/2/3/4-6/7-9/10+ n=0/2/179/122/41/631 avg=0/294/547/652/1104/1142us | credit n=1434 min=2 max=101 avgx10=41 backoff=1057 avg=545us | gap rx0 n=770 avg=563us | rx1 n=0 avg=0us | rx2+ n=205 avg=3037us | supply core n=899 avg=879us | ring n=60 avg=229us | none n=16 avg=15757us | scans=206 deferred=0 tx_ready=178 | steps=6818 per_tx_write=6.9 owner_calls=6449
[387.641087 0:4294967307 aic8800::device::probe:465] [wifi-probe-rx] reads=678 data_reads=236 avg=189us min=98us max=1306us bytes=138752 items=453 data_frames=453 data_confirmations=0 control_confirmations=0 control_indications=0 prints=0 | size <=512 n=204 avg=155us | <=2k n=32 avg=403us | <=8k n=0 avg=0us | >8k n=0 avg=0us | control n=442 avg=88us min=0us max=756us | credit n=1434 avg=71us | other n=0 avg=0us | rdif_at_write 0/1/2-3/4+=224/106/72/573 | queue_at_arrival=76/114/308/2569
[  5]   5.00-6.00   sec  2.25 MBytes  18.9 Mbits/sec    0   0.00 Bytes       
[  5]   6.00-7.00   sec  2.75 MBytes  23.1 Mbits/sec    0   0.00 Bytes       
[389.651735 0:4294967307 ax_net::queue_runtime::executor::probe:194] [netprobe] dt=2011ms iters=8176 polls=5900 poll_us=15 waits=4659 wait_us=302 yields=0 | wait_kind notify=3914@276us deadline=745@443us hist=2372/17/296/1445/529 | wake n=5891 avg=308us hist=0/1873/526/1459/2033 | owner_calls=5891 skipped=9 owner_us=76 max=1755us slow=819 | tx_submit=3578 tx_done=3605 rx_done=401 | ready 0/1/2-3/4+=5862/6/2/21 | irq=3881 | park xfer=526us handoff=267us n=1131
[389.651858 0:4294967307 aic8800::device::probe:394] [wifi-probe] tx_writes=1062 dt=2010ms period_avg=1882us max=46065us hist=0/45/481/319/217 | write n=1062 avg=961us min=310us max=4212us bytes=5520896 calls=2.39 | size blk 1/2/3/4-6/7-9/10+ n=0/1/146/81/44/790 avg=0/404/517/654/896/1078us | credit n=1035 min=2 max=118 avgx10=55 backoff=750 avg=540us | gap rx0 n=931 avg=496us | rx1 n=0 avg=0us | rx2+ n=130 avg=3974us | supply core n=970 avg=604us | ring n=74 avg=247us | none n=17 avg=21981us | scans=134 deferred=0 tx_ready=107 | steps=6207 per_tx_write=5.8 owner_calls=5888
[389.651922 0:4294967307 aic8800::device::probe:465] [wifi-probe-rx] reads=436 data_reads=151 avg=204us min=100us max=1080us bytes=102400 items=401 data_frames=401 data_confirmations=0 control_confirmations=0 control_indications=0 prints=0 | size <=512 n=108 avg=136us | <=2k n=42 avg=373us | <=8k n=1 avg=426us | >8k n=0 avg=0us | control n=285 avg=104us min=0us max=1497us | credit n=1035 avg=70us | other n=0 avg=0us | rdif_at_write 0/1/2-3/4+=207/71/47/737 | queue_at_arrival=91/144/371/2991
[  5]   7.00-8.00   sec  2.62 MBytes  22.0 Mbits/sec    0   0.00 Bytes       
[  5]   8.00-9.00   sec  2.25 MBytes  18.9 Mbits/sec    0   0.00 Bytes       
[391.663168 0:4294967307 ax_net::queue_runtime::executor::probe:194] [netprobe] dt=2011ms iters=6811 polls=4983 poll_us=16 waits=3789 wait_us=381 yields=0 | wait_kind notify=3383@374us deadline=406@440us hist=1950/15/250/995/579 | wake n=4973 avg=322us hist=0/1503/520/1302/1648 | owner_calls=4973 skipped=10 owner_us=87 max=3627us slow=899 | tx_submit=3713 tx_done=3713 rx_done=436 | ready 0/1/2-3/4+=4940/2/6/25 | irq=3458 | park xfer=723us handoff=287us n=1081
[391.663291 0:4294967307 aic8800::device::probe:394] [wifi-probe] tx_writes=1023 dt=2011ms period_avg=1960us max=85312us hist=0/29/424/336/234 | write n=1023 avg=1041us min=307us max=4104us bytes=5692416 calls=2.35 | size blk 1/2/3/4-6/7-9/10+ n=0/0/79/59/24/861 avg=0/0/542/736/924/1110us | credit n=581 min=2 max=132 avgx10=82 backoff=406 avg=545us | gap rx0 n=865 avg=268us | rx1 n=0 avg=0us | rx2+ n=158 avg=4485us | supply core n=951 avg=426us | ring n=58 avg=153us | none n=14 avg=37582us | scans=158 deferred=0 tx_ready=139 | steps=5317 per_tx_write=5.1 owner_calls=4973
[391.663354 0:4294967307 aic8800::device::probe:465] [wifi-probe-rx] reads=502 data_reads=172 avg=193us min=98us max=731us bytes=110080 items=436 data_frames=436 data_confirmations=0 control_confirmations=0 control_indications=0 prints=0 | size <=512 n=140 avg=143us | <=2k n=31 avg=411us | <=8k n=1 avg=419us | >8k n=0 avg=0us | control n=330 avg=108us min=0us max=3350us | credit n=581 avg=76us | other n=0 avg=0us | rdif_at_write 0/1/2-3/4+=159/22/34/808 | queue_at_arrival=72/123/386/3132
[  5]   9.00-10.00  sec  2.50 MBytes  21.0 Mbits/sec    0   0.00 Bytes       
[  5]  10.00-11.00  sec  2.25 MBytes  18.9 Mbits/sec    0   0.00 Bytes       
[393.663221 0:4294967307 ax_net::queue_runtime::executor::probe:194] [netprobe] dt=2000ms iters=8610 polls=6177 poll_us=15 waits=4961 wait_us=286 yields=0 | wait_kind notify=3791@240us deadline=1170@432us hist=2520/9/271/1665/496 | wake n=6166 avg=304us hist=0/2129/505/1351/2181 | owner_calls=6166 skipped=11 owner_us=69 max=4883us slow=669 | tx_submit=3035 tx_done=3004 rx_done=351 | ready 0/1/2-3/4+=6140/3/6/17 | irq=3980 | park xfer=517us handoff=259us n=959
[393.663342 0:4294967307 aic8800::device::probe:394] [wifi-probe] tx_writes=918 dt=2000ms period_avg=2196us max=121471us hist=0/71/378/241/228 | write n=918 avg=941us min=227us max=5515us bytes=4605952 calls=2.33 | size blk 1/2/3/4-6/7-9/10+ n=0/1/160/80/25/652 avg=0/372/461/625/850/1101us | credit n=1461 min=2 max=102 avgx10=40 backoff=1177 avg=530us | gap rx0 n=788 avg=760us | rx1 n=0 avg=0us | rx2+ n=130 avg=4253us | supply core n=834 avg=956us | ring n=65 avg=160us | none n=19 avg=18094us | scans=130 deferred=0 tx_ready=106 | steps=6456 per_tx_write=7.0 owner_calls=6166
[393.663403 0:4294967307 aic8800::device::probe:465] [wifi-probe-rx] reads=412 data_reads=141 avg=202us min=99us max=743us bytes=92160 items=352 data_frames=352 data_confirmations=0 control_confirmations=0 control_indications=0 prints=0 | size <=512 n=108 avg=144us | <=2k n=33 avg=391us | <=8k n=0 avg=0us | >8k n=0 avg=0us | control n=271 avg=112us min=0us max=1855us | credit n=1461 avg=66us | other n=0 avg=0us | rdif_at_write 0/1/2-3/4+=243/47/42/586 | queue_at_arrival=84/127/373/2451
[  5]  11.00-12.00  sec  1.88 MBytes  15.7 Mbits/sec    0   0.00 Bytes       
[  5]  12.00-13.00  sec  2.25 MBytes  18.9 Mbits/sec    0   0.00 Bytes       
[395.664714 0:4294967307 ax_net::queue_runtime::executor::probe:194] [netprobe] dt=2001ms iters=7458 polls=5410 poll_us=15 waits=4178 wait_us=351 yields=0 | wait_kind notify=3354@330us deadline=824@436us hist=2120/21/234/1309/494 | wake n=5398 avg=300us hist=0/1767/511/1369/1751 | owner_calls=5398 skipped=12 owner_us=73 max=2700us slow=599 | tx_submit=2855 tx_done=2859 rx_done=329 | ready 0/1/2-3/4+=5368/6/9/15 | irq=3575 | park xfer=758us handoff=249us n=962
[395.664897 0:4294967307 aic8800::device::probe:394] [wifi-probe] tx_writes=910 dt=2001ms period_avg=2197us max=185814us hist=0/74/397/254/185 | write n=910 avg=909us min=183us max=4211us bytes=4383232 calls=2.28 | size blk 1/2/3/4-6/7-9/10+ n=0/3/178/102/34/593 avg=0/281/525/650/725/1082us | credit n=1161 min=2 max=126 avgx10=45 backoff=831 avg=536us | gap rx0 n=798 avg=482us | rx1 n=0 avg=0us | rx2+ n=113 avg=6969us | supply core n=811 avg=717us | ring n=79 avg=473us | none n=21 avg=26354us | scans=115 deferred=0 tx_ready=90 | steps=5675 per_tx_write=6.2 owner_calls=5398
[395.664960 0:4294967307 aic8800::device::probe:465] [wifi-probe-rx] reads=359 data_reads=122 avg=205us min=98us max=599us bytes=82432 items=330 data_frames=330 data_confirmations=0 control_confirmations=0 control_indications=0 prints=0 | size <=512 n=88 avg=146us | <=2k n=33 avg=355us | <=8k n=1 avg=462us | >8k n=0 avg=0us | control n=237 avg=96us min=0us max=420us | credit n=1161 avg=69us | other n=0 avg=0us | rdif_at_write 0/1/2-3/4+=244/67/63/536 | queue_at_arrival=100/126/333/2290
[  5]  13.00-14.00  sec  2.00 MBytes  16.8 Mbits/sec    0   0.00 Bytes       
[  5]  14.00-15.00  sec  2.12 MBytes  17.8 Mbits/sec    0   0.00 Bytes       
[397.664801 0:4294967307 ax_net::queue_runtime::executor::probe:194] [netprobe] dt=2000ms iters=8040 polls=5834 poll_us=15 waits=4545 wait_us=299 yields=0 | wait_kind notify=3748@270us deadline=797@435us hist=2328/14/249/1389/565 | wake n=5823 avg=310us hist=0/1889/502/1448/1984 | owner_calls=5823 skipped=11 owner_us=83 max=3617us slow=814 | tx_submit=3568 tx_done=3565 rx_done=438 | ready 0/1/2-3/4+=5771/2/14/36 | irq=3921 | park xfer=542us handoff=256us n=1061
[397.664952 0:4294967307 aic8800::device::probe:394] [wifi-probe] tx_writes=1015 dt=2000ms period_avg=1972us max=91299us hist=0/32/439/314/230 | write n=1015 avg=1006us min=312us max=3843us bytes=5465600 calls=2.35 | size blk 1/2/3/4-6/7-9/10+ n=0/1/101/71/47/795 avg=0/381/573/708/912/1094us | credit n=1040 min=2 max=131 avgx10=53 backoff=804 avg=531us | gap rx0 n=860 avg=425us | rx1 n=0 avg=0us | rx2+ n=155 avg=3963us | supply core n=952 avg=658us | ring n=46 avg=140us | none n=17 avg=20391us | scans=157 deferred=0 tx_ready=137 | steps=6187 per_tx_write=6.0 owner_calls=5823
[397.665015 0:4294967307 aic8800::device::probe:465] [wifi-probe-rx] reads=515 data_reads=179 avg=226us min=97us max=3671us bytes=115200 items=438 data_frames=438 data_confirmations=0 control_confirmations=0 control_indications=0 prints=0 | size <=512 n=145 avg=183us | <=2k n=32 avg=402us | <=8k n=2 avg=484us | >8k n=0 avg=0us | control n=336 avg=100us min=0us max=1909us | credit n=1040 avg=70us | other n=0 avg=0us | rdif_at_write 0/1/2-3/4+=180/34/54/747 | queue_at_arrival=63/103/341/3067
[  5]  15.00-16.00  sec  2.75 MBytes  23.1 Mbits/sec    0   0.00 Bytes       
[  5]  16.00-17.00  sec  2.38 MBytes  19.9 Mbits/sec    0   0.00 Bytes       
[399.664908 0:4294967307 ax_net::queue_runtime::executor::probe:194] [netprobe] dt=2000ms iters=7164 polls=5214 poll_us=17 waits=4025 wait_us=355 yields=0 | wait_kind notify=3512@343us deadline=513@439us hist=2054/19/254/1151/547 | wake n=5205 avg=307us hist=0/1593/523/1371/1718 | owner_calls=5205 skipped=9 owner_us=81 max=3253us slow=798 | tx_submit=3529 tx_done=3528 rx_done=423 | ready 0/1/2-3/4+=5182/4/3/16 | irq=3520 | park xfer=704us handoff=254us n=1070
[399.665031 0:4294967307 aic8800::device::probe:394] [wifi-probe] tx_writes=1015 dt=2000ms period_avg=1970us max=73016us hist=0/37/465/309/204 | write n=1015 avg=968us min=191us max=4024us bytes=5408768 calls=2.36 | size blk 1/2/3/4-6/7-9/10+ n=0/2/111/76/41/785 avg=0/261/545/703/872/1060us | credit n=754 min=2 max=130 avgx10=66 backoff=515 avg=539us | gap rx0 n=881 avg=322us | rx1 n=0 avg=0us | rx2+ n=134 avg=5471us | supply core n=927 avg=466us | ring n=67 avg=175us | none n=21 avg=27270us | scans=137 deferred=0 tx_ready=101 | steps=5566 per_tx_write=5.4 owner_calls=5205
[399.665094 0:4294967307 aic8800::device::probe:465] [wifi-probe-rx] reads=445 data_reads=154 avg=220us min=96us max=2580us bytes=105984 items=423 data_frames=423 data_confirmations=0 control_confirmations=0 control_indications=0 prints=0 | size <=512 n=119 avg=169us | <=2k n=32 avg=388us | <=8k n=3 avg=464us | >8k n=0 avg=0us | control n=291 avg=101us min=0us max=2102us | credit n=754 avg=72us | other n=0 avg=0us | rdif_at_write 0/1/2-3/4+=205/32/36/742 | queue_at_arrival=88/147/491/2777
[  5]  17.00-18.00  sec  2.38 MBytes  19.9 Mbits/sec    0   0.00 Bytes       
[  5]  18.00-19.00  sec  2.75 MBytes  23.0 Mbits/sec    0   0.00 Bytes       
[401.665089 0:4294967307 ax_net::queue_runtime::executor::probe:194] [netprobe] dt=2000ms iters=8397 polls=6128 poll_us=17 waits=4686 wait_us=283 yields=0 | wait_kind notify=4071@259us deadline=615@445us hist=2401/12/323/1357/593 | wake n=6116 avg=309us hist=0/1866/584/1672/1994 | owner_calls=6116 skipped=12 owner_us=82 max=3396us slow=924 | tx_submit=4043 tx_done=4051 rx_done=477 | ready 0/1/2-3/4+=6078/6/6/26 | irq=4184 | park xfer=427us handoff=265us n=1235
[401.665248 0:4294967307 aic8800::device::probe:394] [wifi-probe] tx_writes=1173 dt=2000ms period_avg=1705us max=50312us hist=0/55/520/350/248 | write n=1173 avg=981us min=234us max=4109us bytes=6211072 calls=2.38 | size blk 1/2/3/4-6/7-9/10+ n=0/0/137/95/40/901 avg=0/0/496/705/828/1091us | credit n=901 min=2 max=117 avgx10=64 backoff=619 avg=548us | gap rx0 n=1000 avg=324us | rx1 n=0 avg=0us | rx2+ n=173 avg=3029us | supply core n=1084 avg=523us | ring n=69 avg=178us | none n=20 avg=13436us | scans=175 deferred=0 tx_ready=146 | steps=6487 per_tx_write=5.5 owner_calls=6116
[401.665311 0:4294967307 aic8800::device::probe:465] [wifi-probe-rx] reads=567 data_reads=196 avg=201us min=97us max=1024us bytes=124416 items=477 data_frames=477 data_confirmations=0 control_confirmations=0 control_indications=0 prints=0 | size <=512 n=155 avg=147us | <=2k n=41 avg=405us | <=8k n=0 avg=0us | >8k n=0 avg=0us | control n=371 avg=109us min=0us max=3431us | credit n=901 avg=80us | other n=0 avg=0us | rdif_at_write 0/1/2-3/4+=241/45/60/827 | queue_at_arrival=90/102/413/3451
[  5]  19.00-20.00  sec  3.12 MBytes  26.3 Mbits/sec    0   0.00 Bytes       
[  5]  20.00-21.00  sec  2.88 MBytes  24.1 Mbits/sec    0   0.00 Bytes       
[403.665245 0:4294967307 ax_net::queue_runtime::executor::probe:194] [netprobe] dt=2000ms iters=7782 polls=5665 poll_us=17 waits=4343 wait_us=311 yields=0 | wait_kind notify=3924@296us deadline=419@452us hist=2210/27/323/1159/624 | wake n=5652 avg=319us hist=0/1656/532/1590/1874 | owner_calls=5652 skipped=13 owner_us=85 max=3817us slow=978 | tx_submit=4213 tx_done=4208 rx_done=423 | ready 0/1/2-3/4+=5621/2/9/20 | irq=3830 | park xfer=502us handoff=259us n=1242
[403.665769 0:4294967307 aic8800::device::probe:394] [wifi-probe] tx_writes=1186 dt=2000ms period_avg=1686us max=47436us hist=0/35/560/375/216 | write n=1186 avg=995us min=273us max=5663us bytes=6451200 calls=2.38 | size blk 1/2/3/4-6/7-9/10+ n=0/2/111/76/45/952 avg=0/437/504/701/877/1083us | credit n=676 min=2 max=121 avgx10=83 backoff=422 avg=556us | gap rx0 n=1039 avg=300us | rx1 n=0 avg=0us | rx2+ n=147 avg=3452us | supply core n=1067 avg=397us | ring n=100 avg=303us | none n=19 avg=19210us | scans=149 deferred=0 tx_ready=122 | steps=5987 per_tx_write=5.0 owner_calls=5653
[403.665887 0:4294967307 aic8800::device::probe:465] [wifi-probe-rx] reads=473 data_reads=162 avg=224us min=100us max=1122us bytes=109056 items=423 data_frames=423 data_confirmations=0 control_confirmations=0 control_indications=0 prints=0 | size <=512 n=114 avg=148us | <=2k n=48 avg=404us | <=8k n=0 avg=0us | >8k n=0 avg=0us | control n=311 avg=104us min=0us max=894us | credit n=676 avg=79us | other n=0 avg=0us | rdif_at_write 0/1/2-3/4+=218/40/43/885 | queue_at_arrival=119/160/487/3456
[  5]  21.00-22.00  sec  2.75 MBytes  23.1 Mbits/sec    0   0.00 Bytes       
[  5]  22.00-23.00  sec  3.00 MBytes  25.1 Mbits/sec    0   0.00 Bytes       
[405.665263 0:4294967307 ax_net::queue_runtime::executor::probe:194] [netprobe] dt=2000ms iters=7992 polls=5761 poll_us=16 waits=4574 wait_us=300 yields=0 | wait_kind notify=3936@279us deadline=638@428us hist=2335/13/308/1364/554 | wake n=5750 avg=317us hist=0/1788/490/1467/2005 | owner_calls=5750 skipped=11 owner_us=81 max=3251us slow=913 | tx_submit=3905 tx_done=3903 rx_done=403 | ready 0/1/2-3/4+=5717/2/3/28 | irq=3785 | park xfer=516us handoff=265us n=1140
[405.666016 0:4294967307 aic8800::device::probe:394] [wifi-probe] tx_writes=1088 dt=2000ms period_avg=1839us max=129536us hist=0/33/488/364/203 | write n=1088 avg=1007us min=313us max=4541us bytes=5990400 calls=2.42 | size blk 1/2/3/4-6/7-9/10+ n=0/0/88/70/41/889 avg=0/0/503/705/890/1086us | credit n=864 min=2 max=128 avgx10=64 backoff=642 avg=523us | gap rx0 n=956 avg=438us | rx1 n=0 avg=0us | rx2+ n=132 avg=3686us | supply core n=960 avg=545us | ring n=110 avg=175us | none n=18 avg=20120us | scans=138 deferred=0 tx_ready=97 | steps=6072 per_tx_write=5.5 owner_calls=5751
[405.666152 0:4294967307 aic8800::device::probe:465] [wifi-probe-rx] reads=452 data_reads=157 avg=212us min=98us max=1879us bytes=102912 items=403 data_frames=403 data_confirmations=0 control_confirmations=0 control_indications=0 prints=0 | size <=512 n=122 avg=159us | <=2k n=34 avg=396us | <=8k n=1 avg=415us | >8k n=0 avg=0us | control n=295 avg=116us min=0us max=3187us | credit n=864 avg=70us | other n=0 avg=0us | rdif_at_write 0/1/2-3/4+=184/7/36/861 | queue_at_arrival=128/136/481/3144
[  5]  23.00-24.00  sec  2.62 MBytes  22.0 Mbits/sec    0   0.00 Bytes       
[  5]  24.00-25.00  sec  2.62 MBytes  22.0 Mbits/sec    0   0.00 Bytes       
[407.665707 0:4294967307 ax_net::queue_runtime::executor::probe:194] [netprobe] dt=2000ms iters=7786 polls=5678 poll_us=16 waits=4328 wait_us=317 yields=0 | wait_kind notify=3792@299us deadline=536@445us hist=2215/11/263/1157/682 | wake n=5657 avg=323us hist=0/1761/527/1433/1936 | owner_calls=5657 skipped=13 owner_us=84 max=3339us slow=961 | tx_submit=4092 tx_done=4095 rx_done=723 | ready 0/1/2-3/4+=5624/4/4/25 | irq=3862 | park xfer=507us handoff=294us n=1186
[407.666525 0:4294967307 aic8800::device::probe:394] [wifi-probe] tx_writes=1134 dt=2000ms period_avg=1763us max=91480us hist=0/34/463/403/234 | write n=1134 avg=1031us min=312us max=3973us bytes=6277120 calls=2.33 | size blk 1/2/3/4-6/7-9/10+ n=0/1/81/79/38/935 avg=0/368/472/816/869/1105us | credit n=750 min=2 max=132 avgx10=74 backoff=539 avg=547us | gap rx0 n=980 avg=291us | rx1 n=0 avg=0us | rx2+ n=153 avg=3562us | supply core n=1083 avg=480us | ring n=36 avg=316us | none n=14 avg=21331us | scans=155 deferred=0 tx_ready=130 | steps=6256 per_tx_write=5.5 owner_calls=5659
[407.666635 0:4294967307 aic8800::device::probe:465] [wifi-probe-rx] reads=511 data_reads=178 avg=251us min=100us max=2472us bytes=160256 items=724 data_frames=724 data_confirmations=0 control_confirmations=0 control_indications=0 prints=0 | size <=512 n=133 avg=154us | <=2k n=37 avg=454us | <=8k n=6 avg=781us | >8k n=2 avg=1335us | control n=333 avg=125us min=0us max=1928us | credit n=750 avg=70us | other n=0 avg=0us | rdif_at_write 0/1/2-3/4+=190/36/39/869 | queue_at_arrival=50/65/281/3720
[  5]  25.00-26.00  sec  2.50 MBytes  20.9 Mbits/sec    0   0.00 Bytes       
[  5]  26.00-27.00  sec  1.38 MBytes  11.5 Mbits/sec    0   0.00 Bytes       
[409.665754 0:4294967307 ax_net::queue_runtime::executor::probe:194] [netprobe] dt=2000ms iters=7880 polls=5885 poll_us=8 waits=4088 wait_us=340 yields=0 | wait_kind notify=3368@299us deadline=720@532us hist=2091/1/11/615/1370 | wake n=5846 avg=363us hist=0/1957/546/792/2551 | owner_calls=5846 skipped=6 owner_us=86 max=1909us slow=947 | tx_submit=3945 tx_done=3945 rx_done=2120 | ready 0/1/2-3/4+=5839/1/0/6 | irq=4206 | park xfer=385us handoff=382us n=1256
[409.666858 0:4294967307 aic8800::device::probe:394] [wifi-probe] tx_writes=1116 dt=2000ms period_avg=1791us max=52576us hist=0/4/132/724/256 | write n=1116 avg=1103us min=322us max=3174us bytes=6043648 calls=2.4 | size blk 1/2/3/4-6/7-9/10+ n=0/1/95/77/80/863 avg=0/752/847/924/1080/1149us | credit n=1017 min=2 max=83 avgx10=58 backoff=721 avg=653us | gap rx0 n=953 avg=350us | rx1 n=0 avg=0us | rx2+ n=164 avg=2652us | supply core n=1117 avg=688us | ring n=0 avg=0us | none n=0 avg=0us | scans=164 deferred=0 tx_ready=164 | steps=7726 per_tx_write=6.9 owner_calls=5843
[409.666973 0:4294967307 aic8800::device::probe:465] [wifi-probe-rx] reads=582 data_reads=209 avg=490us min=97us max=2107us bytes=386560 items=2120 data_frames=2120 data_confirmations=0 control_confirmations=0 control_indications=0 prints=0 | size <=512 n=117 avg=156us | <=2k n=44 avg=820us | <=8k n=43 avg=960us | >8k n=5 avg=1360us | control n=373 avg=106us min=0us max=1814us | credit n=1017 avg=70us | other n=0 avg=0us | rdif_at_write 0/1/2-3/4+=146/63/111/796 | queue_at_arrival=0/0/0/3939
[  5]  27.00-28.00  sec  1.50 MBytes  12.5 Mbits/sec    0   0.00 Bytes       
[  5]  28.00-29.00  sec  1.25 MBytes  10.5 Mbits/sec    0   0.00 Bytes       
[411.666230 0:4294967307 ax_net::queue_runtime::executor::probe:194] [netprobe] dt=2000ms iters=7911 polls=5944 poll_us=8 waits=4073 wait_us=339 yields=0 | wait_kind notify=3374@299us deadline=699@527us hist=2102/1/11/584/1375 | wake n=5909 avg=359us hist=0/1964/588/793/2564 | owner_calls=5909 skipped=2 owner_us=86 max=1825us slow=967 | tx_submit=3958 tx_done=3958 rx_done=2237 | ready 0/1/2-3/4+=5899/1/2/7 | irq=4298 | park xfer=383us handoff=379us n=1267
[411.667629 0:4294967307 aic8800::device::probe:394] [wifi-probe] tx_writes=1120 dt=2000ms period_avg=1786us max=38423us hist=0/3/117/734/266 | write n=1120 avg=1110us min=317us max=3250us bytes=6074880 calls=2.4 | size blk 1/2/3/4-6/7-9/10+ n=0/0/90/85/78/867 avg=0/0/789/918/1044/1167us | credit n=996 min=2 max=113 avgx10=59 backoff=705 avg=652us | gap rx0 n=947 avg=335us | rx1 n=0 avg=0us | rx2+ n=173 avg=2544us | supply core n=1120 avg=676us | ring n=0 avg=0us | none n=0 avg=0us | scans=173 deferred=0 tx_ready=173 | steps=7912 per_tx_write=7.0 owner_calls=5911
[411.667745 0:4294967307 aic8800::device::probe:465] [wifi-probe-rx] reads=651 data_reads=239 avg=413us min=96us max=1697us bytes=410624 items=2237 data_frames=2237 data_confirmations=0 control_confirmations=0 control_indications=0 prints=0 | size <=512 n=153 avg=132us | <=2k n=30 avg=861us | <=8k n=52 avg=917us | >8k n=4 avg=1270us | control n=412 avg=98us min=0us max=1851us | credit n=996 avg=72us | other n=0 avg=0us | rdif_at_write 0/1/2-3/4+=148/58/111/803 | queue_at_arrival=0/0/0/3964
[  5]  29.00-30.00  sec  1.38 MBytes  11.5 Mbits/sec    0   0.00 Bytes       
- - - - - - - - - - - - - - - - - - - - - - - - -
[ ID] Interval           Transfer     Bitrate         Retr
[  5]   0.00-30.01  sec  68.1 MBytes  19.0 Mbits/sec    0            sender
[411.896490 0:38654705691 starry_kernel::task::ops:539] Task(38654705691, "iperf3") exit with code: 0
-----------------------------------------------------------
Server listening on 5201 (test #8)
-----------------------------------------------------------
[423.770977 0:4294967307 ax_net::queue_runtime::executor::probe:194] [netprobe] dt=12104ms iters=1535 polls=1139 poll_us=10 waits=817 wait_us=14672 yields=0 | wait_kind notify=659@18072us deadline=158@489us hist=420/2/18/171/206 | wake n=1134 avg=351us hist=0/370/126/185/453 | owner_calls=1134 skipped=1 owner_us=83 max=986us slow=167 | tx_submit=615 tx_done=642 rx_done=461 | ready 0/1/2-3/4+=1131/2/1/0 | irq=816 | park xfer=54949us handoff=366us n=215
[423.771098 0:4294967307 aic8800::device::probe:394] [wifi-probe] tx_writes=188 dt=12103ms period_avg=2611us max=136039us hist=0/7/30/96/55 | write n=188 avg=1070us min=155us max=2760us bytes=974336 calls=2.11 | size blk 1/2/3/4-6/7-9/10+ n=3/0/19/18/12/136 avg=186/0/793/934/1062/1147us | credit n=215 min=2 max=54 avgx10=49 backoff=158 avg=591us | gap rx0 n=150 avg=543us | rx1 n=0 avg=0us | rx2+ n=37 avg=5624us | supply core n=185 avg=828us | ring n=0 avg=0us | none n=2 avg=68140us | scans=40 deferred=0 tx_ready=36 | steps=1545 per_tx_write=8.2 owner_calls=1131
[423.771161 0:4294967307 aic8800::device::probe:465] [wifi-probe-rx] reads=136 data_reads=48 avg=413us min=108us max=1796us bytes=85504 items=463 data_frames=463 data_confirmations=0 control_confirmations=0 control_indications=0 prints=0 | size <=512 n=29 avg=143us | <=2k n=9 avg=682us | <=8k n=9 avg=861us | >8k n=1 avg=1796us | control n=88 avg=84us min=0us max=450us | credit n=215 avg=70us | other n=0 avg=0us | rdif_at_write 0/1/2-3/4+=34/16/24/114 | queue_at_arrival=2/0/0/609
[426.772359 0:4294967307 ax_net::queue_runtime::executor::probe:194] [netprobe] dt=3001ms iters=21 polls=17 poll_us=8 waits=11 wait_us=272732 yields=0 | wait_kind notify=11@272732us deadline=0@0us hist=6/0/0/0/5 | wake n=17 avg=56509us hist=0/7/5/1/4 | owner_calls=17 skipped=0 owner_us=55 max=209us slow=1 | tx_submit=2 tx_done=2 rx_done=1 | ready 0/1/2-3/4+=17/0/0/0 | irq=13 | park xfer=14602us handoff=31us n=3
[426.773042 0:4294967307 aic8800::device::probe:394] [wifi-probe] tx_writes=2 dt=3001ms period_avg=6307506us max=11617502us hist=0/0/0/0/2 | write n=2 avg=168us min=158us max=178us bytes=1024 calls=2.0 | size blk 1/2/3/4-6/7-9/10+ n=2/0/0/0/0/0 avg=168/0/0/0/0/0us | credit n=0 min=0 max=0 avgx10=0 backoff=0 avg=0us | gap rx0 n=0 avg=0us | rx1 n=0 avg=0us | rx2+ n=2 avg=6307337us | supply core n=0 avg=0us | ring n=0 avg=0us | none n=2 avg=6307337us | scans=2 deferred=0 tx_ready=0 | steps=19 per_tx_write=9.5 owner_calls=18
[426.773104 0:4294967307 aic8800::device::probe:465] [wifi-probe-rx] reads=6 data_reads=2 avg=203us min=150us max=256us bytes=1024 items=2 data_frames=2 data_confirmations=0 control_confirmations=0 control_indications=0 prints=0 | size <=512 n=2 avg=203us | <=2k n=0 avg=0us | <=8k n=0 avg=0us | >8k n=0 avg=0us | control n=4 avg=58us min=0us max=157us | credit n=0 avg=0us | other n=0 avg=0us | rdif_at_write 0/1/2-3/4+=2/0/0/0 | queue_at_arrival=2/0/0/0
[430.772589 0:4294967307 ax_net::queue_runtime::executor::probe:194] [netprobe] dt=4000ms iters=4 polls=3 poll_us=25 waits=2 wait_us=1999584 yields=0 | wait_kind notify=2@1999584us deadline=0@0us hist=1/0/0/0/1 | wake n=3 avg=667058us hist=0/0/2/0/1 | owner_calls=3 skipped=0 owner_us=101 max=249us slow=1 | tx_submit=1 tx_done=1 rx_done=0 | ready 0/1/2-3/4+=3/0/0/0 | irq=2 | park xfer=0us handoff=0us n=0
[430.772725 0:4294967307 aic8800::device::probe:394] [wifi-probe] tx_writes=1 dt=3999ms period_avg=2000969us max=2000969us hist=0/0/0/0/1 | write n=1 avg=261us min=261us max=261us bytes=512 calls=1.0 | size blk 1/2/3/4-6/7-9/10+ n=1/0/0/0/0/0 avg=261/0/0/0/0/0us | credit n=0 min=0 max=0 avgx10=0 backoff=0 avg=0us | gap rx0 n=1 avg=2000708us | rx1 n=0 avg=0us | rx2+ n=0 avg=0us | supply core n=0 avg=0us | ring n=0 avg=0us | none n=1 avg=2000708us | scans=0 deferred=0 tx_ready=0 | steps=3 per_tx_write=3.0 owner_calls=3
[430.772784 0:4294967307 aic8800::device::probe:465] [wifi-probe-rx] reads=0 data_reads=0 avg=0us min=18446744073709551us max=0us bytes=0 items=0 data_frames=0 data_confirmations=0 control_confirmations=0 control_indications=0 prints=0 | size <=512 n=0 avg=0us | <=2k n=0 avg=0us | <=8k n=0 avg=0us | >8k n=0 avg=0us | control n=0 avg=0us min=18446744073709551us max=0us | credit n=0 avg=0us | other n=0 avg=0us | rdif_at_write 0/1/2-3/4+=1/0/0/0 | queue_at_arrival=1/0/0/0
^C^C^C[438.772830 0:4294967307 ax_net::queue_runtime::executor::probe:194] [netprobe] dt=8000ms iters=5 polls=4 poll_us=5 waits=2 wait_us=3999563 yields=0 | wait_kind notify=2@3999563us deadline=0@0us hist=1/0/0/0/1 | wake n=4 avg=1000124us hist=0/2/0/0/2 | owner_calls=4 skipped=0 owner_us=238 max=668us slow=2 | tx_submit=1 tx_done=1 rx_done=0 | ready 0/1/2-3/4+=4/0/0/0 | irq=2 | park xfer=0us handoff=0us n=0
[438.772971 0:4294967307 aic8800::device::probe:394] [wifi-probe] tx_writes=1 dt=8000ms period_avg=3999688us max=3999688us hist=0/0/0/0/1 | write n=1 avg=265us min=265us max=265us bytes=512 calls=2.0 | size blk 1/2/3/4-6/7-9/10+ n=1/0/0/0/0/0 avg=265/0/0/0/0/0us | credit n=0 min=0 max=0 avgx10=0 backoff=0 avg=0us | gap rx0 n=1 avg=3999422us | rx1 n=0 avg=0us | rx2+ n=0 avg=0us | supply core n=0 avg=0us | ring n=0 avg=0us | none n=1 avg=3999422us | scans=0 deferred=0 tx_ready=0 | steps=4 per_tx_write=4.0 owner_calls=4
[438.773033 0:4294967307 aic8800::device::probe:465] [wifi-probe-rx] reads=0 data_reads=0 avg=0us min=18446744073709551us max=0us bytes=0 items=0 data_frames=0 data_confirmations=0 control_confirmations=0 control_indications=0 prints=0 | size <=512 n=0 avg=0us | <=2k n=0 avg=0us | <=8k n=0 avg=0us | >8k n=0 avg=0us | control n=0 avg=0us min=18446744073709551us max=0us | credit n=0 avg=0us | other n=0 avg=0us | rdif_at_write 0/1/2-3/4+=1/0/0/0 | queue_at_arrival=1/0/0/0
[454.773059 0:4294967307 ax_net::queue_runtime::executor::probe:194] [netprobe] dt=16000ms iters=5 polls=4 poll_us=5 waits=2 wait_us=7999885 yields=0 | wait_kind notify=2@7999885us deadline=0@0us hist=1/0/0/0/1 | wake n=4 avg=2000098us hist=0/2/1/0/1 | owner_calls=4 skipped=0 owner_us=74 max=228us slow=1 | tx_submit=1 tx_done=1 rx_done=0 | ready 0/1/2-3/4+=4/0/0/0 | irq=2 | park xfer=0us handoff=0us n=0
[454.773198 0:4294967307 aic8800::device::probe:394] [wifi-probe] tx_writes=1 dt=16000ms period_avg=8000249us max=8000249us hist=0/0/0/0/1 | write n=1 avg=271us min=271us max=271us bytes=512 calls=2.0 | size blk 1/2/3/4-6/7-9/10+ n=1/0/0/0/0/0 avg=271/0/0/0/0/0us | credit n=0 min=0 max=0 avgx10=0 backoff=0 avg=0us | gap rx0 n=1 avg=7999977us | rx1 n=0 avg=0us | rx2+ n=0 avg=0us | supply core n=0 avg=0us | ring n=0 avg=0us | none n=1 avg=7999977us | scans=0 deferred=0 tx_ready=0 | steps=4 per_tx_write=4.0 owner_calls=4
[454.773259 0:4294967307 aic8800::device::probe:465] [wifi-probe-rx] reads=0 data_reads=0 avg=0us min=18446744073709551us max=0us bytes=0 items=0 data_frames=0 data_confirmations=0 control_confirmations=0 control_indications=0 prints=0 | size <=512 n=0 avg=0us | <=2k n=0 avg=0us | <=8k n=0 avg=0us | >8k n=0 avg=0us | control n=0 avg=0us min=18446744073709551us max=0us | credit n=0 avg=0us | other n=0 avg=0us | rdif_at_write 0/1/2-3/4+=1/0/0/0 | queue_at_arrival=1/0/0/0
[460.380470 0:4294967307 ax_net::queue_runtime::executor::probe:194] [netprobe] dt=5607ms iters=5 polls=4 poll_us=7 waits=2 wait_us=2803484 yields=0 | wait_kind notify=2@2803484us deadline=0@0us hist=1/0/0/0/1 | wake n=3 avg=5333439us hist=0/1/1/0/1 | owner_calls=3 skipped=1 owner_us=92 max=226us slow=1 | tx_submit=1 tx_done=1 rx_done=0 | ready 0/1/2-3/4+=3/0/0/0 | irq=3 | park xfer=5606880us handoff=86us n=1
[460.380585 0:4294967307 aic8800::device::probe:394] [wifi-probe] tx_writes=1 dt=5607ms period_avg=16000206us max=16000206us hist=0/0/0/0/1 | write n=1 avg=250us min=250us max=250us bytes=512 calls=1.0 | size blk 1/2/3/4-6/7-9/10+ n=1/0/0/0/0/0 avg=250/0/0/0/0/0us | credit n=0 min=0 max=0 avgx10=0 backoff=0 avg=0us | gap rx0 n=1 avg=15999956us | rx1 n=0 avg=0us | rx2+ n=0 avg=0us | supply core n=0 avg=0us | ring n=0 avg=0us | none n=1 avg=15999956us | scans=0 deferred=0 tx_ready=0 | steps=2 per_tx_write=2.0 owner_calls=2
[460.380647 0:4294967307 aic8800::device::probe:465] [wifi-probe-rx] reads=0 data_reads=0 avg=0us min=18446744073709551us max=0us bytes=0 items=0 data_frames=0 data_confirmations=0 control_confirmations=0 control_indications=0 prints=0 | size <=512 n=0 avg=0us | <=2k n=0 avg=0us | <=8k n=0 avg=0us | >8k n=0 avg=0us | control n=0 avg=0us min=18446744073709551us max=0us | credit n=0 avg=0us | other n=0 avg=0us | rdif_at_write 0/1/2-3/4+=1/0/0/0 | queue_at_arrival=1/0/0/0
^C^C